borrower_id,avg_monthly_income,income_std,income_cv,income_trend_3mo,income_trend_6mo,income_frequency_days,min_monthly_income,max_monthly_income,avg_monthly_spending,spending_std,discretionary_pct,expense_income_ratio,savings_rate,spending_trend_3mo,spending_trend_6mo,spending_volatility,avg_balance,min_balance,max_balance,overdraft_count_3mo,overdraft_count_6mo,overdraft_rate,avg_net_cashflow,transaction_count_per_month,days_since_last_transaction,transaction_count_total,months_of_history,income_transaction_count,expense_transaction_count,rent_to_income_ratio,utilities_to_income_ratio,groceries_to_income_ratio,transportation_to_income_ratio,essential_spending_ratio,income_to_spending_stability_ratio,avg_transaction_size,large_transaction_pct,weekend_spending_pct,financial_health_score,default_label,default_probability,overall_score
0033ac3b-83a6-4bab-ae79-ce8a90220a95,6506.968181818182,2188.8712725640953,0.3363888083363087,1732.8850000000002,453.4957142857144,14.458333333333334,5112.08,10465.49,3689.535,1325.6199051524402,0.25128460180844836,0.6185595442089006,0.3814404557910994,-795.7,-350.7085714285714,0.35929186337910884,11795.010501567396,-13.150000000000375,28156.15,0,0,0.003134796238244514,85.58692789968653,26.657381615598887,6,319,11.966666666666667,25,294,0.2765745532935671,0.048085793341823065,0.06911024754581278,0.024001123271346174,0.4177717174525491,0.9362550133270514,85.58692789968653,0.1724137931034483,0.3021071761075583,57.98011671397254,0,0.3253144936598148,73.37502011295551
007031f3-31c0-42bf-b3d2-e4b201dcdd08,2150.5150000000003,764.9343655830871,0.3556982237199401,-2.660000000000082,9.79857142857145,13.826086956521738,1710.1100000000001,3612.04,1856.168333333333,554.7857197125478,0.2582430113648098,1.0357528312985491,-0.0357528312985492,-501.7399999999998,-173.43114285714282,0.2988876115111046,654.2641590214075,-768.869999999999,1804.31,15,16,0.10703363914373089,-2.351284403669722,27.478991596638654,8,327,11.9,24,303,0.3295359483658564,0.05427676626296492,0.20591253722945435,0.07101275740927172,0.6607380092675473,1.1900734925800858,2.3512844036697222,1.0,0.22208608953390546,41.92118780623774,0,0.5443078278473401,41.866839530004555
3çç0092e968-f53c-4f09-8946-cd85f3203852,2779.799,967.9081540500973,0.34819357588447847,-55.034999999999854,4.70628571428567,13.826086956521738,2249.92,4661.64,1886.8153846153846,466.3545669269143,0.20894506820609413,0.8823875395307359,0.11761246046926413,-4.454999999999927,-187.9445714285714,0.2471649164668952,2787.311724137931,-1308.46,5714.870000000002,0,0,0.02821316614420063,10.248871473354228,26.509695290858726,6,319,12.033333333333333,24,295,0.2824218585588382,0.05400102669293715,0.1756522683834335,0.05464891526329781,0.5667240688985067,1.4087499992383217,10.24887147335423,0.9278996865203761,0.30591595117536263,49.31539281289831,0,0.45361185057438513,60.292814324773204
012379ca-0697-4145-9a26-fe16fc05ae8b,171.52800000000002,60.26879583259575,0.3513641844631532,0.0,0.0,27.636363636363637,142.94,285.88,841.8241666666667,116.35896749896094,0.08251327226885265,5.889353341728463,-4.889353341728463,-63.74499999999995,-26.16885714285717,0.13822241283438358,-3989.718979591836,-8386.609999999993,285.88,77,150,0.9727891156462585,-28.5258843537415,24.705882352941174,8,294,11.9,12,282,0.5528893241919686,0.09017769693577725,2.7186348584487656,1.1772130497644697,4.538914929340981,2.542020337064681,28.5258843537415,0.29591836734693877,0.2507679256060005,-148.8795074597208,1,0.7504274135349379,25.640416141052114
020144cb-f29a-4a5e-a3e5-0c0f07aeeddc,2662.533636363636,818.2729796745426,0.30732869192672496,-1187.9299999999998,75.59885714285717,11.0,1828.4699999999998,4999.24,1745.9350000000002,596.296254093093,0.20876684030810616,0.715354855098715,0.284645144901285,-217.29499999999996,-57.13028571428572,0.3415340514355305,3321.3472168284793,-1496.7300000000002,8979.97,0,0,0.10679611650485436,26.9794498381877,25.893854748603353,6,309,11.933333333333334,32,277,0.2451595148435172,0.05161146918502438,0.15794149591622744,0.06151830092116634,0.5162307808659353,0.8998478793987478,26.979449838187694,0.46601941747572817,0.2375503669953349,55.335264009539046,0,0.3176165362833359,67.50105554325694
02f735e5-0706-4b3c-a29a-e1c02092393a,1936.4879999999998,690.0788845696476,0.3563558795973162,59.42000000000007,6.485428571428585,13.826086956521738,1554.31,3280.17,1663.3683333333336,479.659556045807,0.27834785039593357,1.0307536116929203,-0.03075361169292043,-156.66000000000008,2.7048571428571124,0.28836641075436703,642.9156249999997,-749.58,1729.2499999999995,9,9,0.12828947368421054,-1.9590131578947383,25.47486033519553,7,304,11.933333333333334,24,280,0.2830319630175865,0.05450020862509865,0.23128984016425613,0.09194944662708986,0.6607714584340311,1.2357745781316505,1.959013157894736,1.0,0.31387215299076876,42.31185092927635,0,0.6596558871470036,34.651658010072445
0314c9dd-ff2e-433e-835b-4a41c508a5b1,1689.0208333333333,202.52450076060754,0.119906455126974,-209.2199999999999,-21.252000000000024,7.0,1502.3400000000001,2042.93,1573.0175000000002,341.8288652401427,0.27088647562196017,0.9313191814784206,0.06868081852157935,-87.92499999999984,7.151714285714336,0.21730773194840025,496.47939306358313,-966.3800000000001,1772.799999999998,0,0,0.1416184971098266,4.023236994219652,28.91364902506964,6,346,11.966666666666667,52,294,0.23170821358528731,0.051042393891924574,0.23574556264107654,0.07151332749497367,0.590009497613262,0.5517818167438506,4.023236994219652,1.0,0.28924768266511125,54.80388444808595,0,0.4479199948221408,56.04721954223426
03abf885-5f96-4a96-a43c-2c1ae44c8abb,2888.3360000000002,1019.7458242370444,0.35305650874311173,-31.090000000000146,-15.536857142857142,13.826086956521738,2317.47,4841.39,2321.1075,639.748753071718,0.2482963412939728,0.9643369054015877,0.03566309459841236,-483.49500000000023,-163.4434285714286,0.2756221989165595,1697.157264437692,-306.99999999999915,3535.280000000003,0,0,0.0182370820668693,3.130911854103345,27.569832402234635,7,329,11.933333333333334,24,305,0.33254579799580103,0.05470727782363271,0.1734119576115798,0.059346627262202176,0.6200116606932157,1.280943661762144,3.1309118541033425,1.0,0.2337235565349731,45.322384543311955,0,0.499648574815466,52.944566529137084
03da1b77-dbe5-40e6-b3b9-6a2936cb14d3,2045.876666666667,512.5020790260861,0.2505048751844373,-549.935,-78.52114285714288,10.375,1038.04,2742.16,1886.4338461538462,726.1517948236725,0.2513696987885975,0.9989051148407448,0.001094885159255176,-776.1450000000001,13.159999999999997,0.3849336123311116,-273.79947530864206,-1716.8400000000004,1960.79,51,130,0.654320987654321,0.0829629629629612,27.0,6,324,12.0,33,291,0.32160296401053834,0.05482572263235158,0.19253889530649457,0.07050807885128299,0.6394756608006675,0.6507742300481633,0.0829629629629633,1.0,0.31203361328089957,44.82997690421485,0,0.582138999844252,42.82582197162094
040e0117-e2f1-49a6-909c-695823e33f39,893.8641666666667,145.36897771209854,0.1626298302729798,-20.20999999999998,-18.294285714285728,15.08695652173913,662.55,1113.51,1206.8246153846155,261.5904022071969,0.1339522918377025,1.462630880717335,-0.46263088071733505,-146.51,-10.351142857142843,0.2167592530616621,-2795.34987616099,-5620.139999999999,-171.2299999999998,83,149,1.0,-15.363312693498454,26.916666666666668,7,323,12.0,24,299,0.2947203946908414,0.05305615972598373,0.5013336291774384,0.14425663108768394,0.9933668146819474,0.7502786062227113,15.363312693498454,0.5882352941176471,0.24988080608233176,32.28068480188396,0,0.6434758782982315,34.11695565118073
042f252e-888b-46db-adfc-248c301cc953,225.79199999999997,79.3352219383043,0.3513641844631533,0.0,0.0,27.636363636363637,188.16,376.32,923.755,156.76766929556493,0.1305071871509942,4.9094122023809526,-3.909412202380953,126.52499999999986,0.6788571428571231,0.1697069778194055,-4063.7252698412713,-8827.140000000003,376.32,74,149,0.9746031746031746,-28.022666666666677,26.396648044692736,7,315,11.933333333333334,12,303,0.4655612244897959,0.09433017998866212,2.1508467970521545,0.6769548965419501,3.3876930980725626,2.0704168383521577,28.022666666666666,0.26031746031746034,0.2992063191358459,-110.31155318552082,1,0.7298208345534367,22.933883438066264
04c40c35-fee9-4b82-86d4-7eec92b002c1,1650.158,565.4356518807225,0.3426554620107423,19.735000000000014,2.886285714285701,13.826086956521738,1351.92,2747.08,1372.4715384615386,526.743002339948,0.1637607169099205,1.0812376754225956,-0.08123767542259562,-372.7749999999999,-118.1151428571429,0.38379156694964806,-86.79895061728425,-1340.5500000000006,1133.0099999999998,68,121,0.6234567901234568,-4.137499999999999,27.075208913649025,8,324,11.966666666666667,24,300,0.29005222530206193,0.05385120697533204,0.29723335583622895,0.10490631806166438,0.7460431061752874,0.8928165481439496,4.1375,0.9814814814814815,0.31837286243290464,38.79499778378095,0,0.6151961888752658,35.154629903805194
04db8936-ca2a-4492-8ba0-62d4a0865a9c,225.516,79.23824542339247,0.35136418446315326,0.0,0.0,27.636363636363637,187.93,375.86,728.3323076923077,227.97931745203866,0.1303082278587965,4.198513630961883,-3.198513630961883,149.09499999999986,85.63685714285714,0.3130155219591757,-3274.572050359711,-7213.159999999994,284.15000000000003,63,144,0.9424460431654677,-25.94661870503597,23.166666666666668,6,278,12.0,12,266,0.4880008513808333,0.09281381365402011,2.1726396353252095,0.6926160449812874,3.4460703453413504,1.122513612947856,25.94661870503597,0.3273381294964029,0.31788955168393124,-84.74178121155346,1,0.7263320115051926,23.10434249723394
0521012d-b9ce-46bc-9532-934dc6a509a6,3164.297,1075.3951093130584,0.33985277276850384,-11.8900000000001,-5.041999999999942,13.826086956521738,2601.7,5236.63,2132.0475,780.5935350525964,0.19329463031819571,0.8085388318479587,0.1914611681520413,-483.985,-128.14599999999993,0.36612389501293774,4333.555756578948,47.82,8013.030000000001,0,0,0.0,19.928947368421056,25.403899721448468,6,304,11.966666666666667,24,280,0.3471026897917611,0.05289958559515747,0.1448258491538563,0.05739631899281262,0.6022244435335875,0.9282452672380055,19.928947368421056,0.5789473684210527,0.23860006245952153,50.14038564276778,0,0.21758225191587838,79.58024889334214
05282e7b-c4a8-4408-a781-68077caa3cd2,1171.454,400.34547450920445,0.3417509134026641,-19.295000000000016,-6.012285714285713,13.826086956521738,958.45,1930.64,1220.642307692308,406.58812491172284,0.23953593158709002,1.3545858394781185,-0.35458583947811856,418.60499999999996,101.1825714285714,0.3330935871626474,-1254.7200706713766,-4153.809999999998,629.3299999999999,64,136,0.911660777385159,-14.677773851590104,23.71508379888268,9,283,11.933333333333334,24,259,0.3412374706988067,0.0516110747839864,0.38328180193161654,0.14695754165336408,0.9230878890677736,1.0259906722124597,14.677773851590104,0.6466431095406361,0.31851830845677087,28.90216727554238,1,0.7725830251109653,16.807231858184426
053cc8d4-9c0a-4253-b21a-fd7b850e0c35,1059.1708333333333,114.81612560630333,0.10840189513618279,-118.98000000000002,-8.657428571428584,7.0,966.32,1240.5,1108.18,331.86760944689985,0.14455163490518758,1.1334605292662108,-0.1334605292662107,-173.675,-44.2554285714286,0.2994708526113987,-1077.7388538681948,-1954.2399999999996,-69.28999999999994,82,171,1.0,-4.860429799426934,29.002770083102494,6,349,12.033333333333333,52,297,0.2538306300919351,0.050077694422917304,0.36467913186808865,0.13735429837018737,0.8059417547531283,0.36197811637063704,4.860429799426934,0.8108882521489972,0.268877452566023,45.42010492303812,0,0.5430634774439974,45.52239402387906
05a5b543-0056-4093-8ab2-67e427d89a79,2821.442,980.2229326456531,0.34741913271499225,59.90000000000009,3.801714285714297,13.826086956521738,2304.81,4691.5,2120.5307692307697,713.7313528499541,0.276002016911586,0.9770500332808544,0.02294996671914563,-302.4350000000003,-94.37171428571429,0.336581464983346,1544.1068787878787,-748.82,3290.3600000000006,0,0,0.02727272727272727,1.9621818181818216,27.5,7,330,12.0,24,306,0.31848395253207407,0.05494459925102129,0.15916187538145388,0.06624733026587114,0.5988377574304203,1.0321992410728336,1.9621818181818174,1.0,0.2792203693560031,43.76379538764914,0,0.4312405716098978,54.42755786860776
05d7e574-71e4-4793-9c1b-9cfcfba81884,3330.858,1160.1087336088613,0.3482912611732056,53.539999999999964,-3.6254285714286327,13.826086956521738,2699.54,5570.56,2452.848333333333,806.8236498069939,0.29649577464023125,0.8836816219724766,0.11631837802752339,-565.915,-312.52428571428567,0.32893336242708066,3289.1891346153857,-71.12999999999947,6209.1600000000035,0,0,0.00641025641025641,12.417948717948729,26.218487394957982,8,312,11.9,24,288,0.2838223664893549,0.05381676432919086,0.1443844198701956,0.05932855738671537,0.5413521080754568,1.0588505179386183,12.417948717948729,0.8589743589743589,0.30648178410269966,47.625330037363156,0,0.33071537210036234,68.78574221763202
05ec94d5-d378-4c50-a4b8-284d08863676,3825.387,1322.9365662969467,0.3458307790288791,-66.18499999999995,0.922285714285733,13.826086956521738,3135.4,6440.99,2462.4861538461537,703.9446703818236,0.3174830815136172,0.8368387303036269,0.1631612696963731,-303.2049999999999,-109.4611428571427,0.2858674633692187,4756.696785714288,-1726.66,9175.040000000006,0,0,0.023809523809523808,18.576041666666658,28.0,6,336,12.0,24,312,0.27082122671510106,0.0553008100879728,0.12730058422847154,0.0464345176056697,0.499857138637215,1.2097591483582495,18.576041666666665,0.7946428571428571,0.19638064345227085,50.43417814960418,0,0.3401139496779755,66.10029805766962
0633eed1-77a3-4d63-adad-ac34e5139d6d,2348.361,810.1187833130812,0.3449719967726773,48.54499999999996,15.76199999999995,13.826086956521738,1904.6999999999998,3892.4700000000003,2048.3991666666666,682.405188718661,0.27091562150768955,1.0467210961176752,-0.046721096117675276,-254.06999999999994,-115.05885714285715,0.333140727560991,566.4649050632917,-1097.1799999999992,1979.13,11,14,0.11708860759493671,-3.4720886075949333,26.4066852367688,6,316,11.966666666666667,24,292,0.324307889630257,0.05270356644485238,0.2147323175610564,0.06517354018398362,0.6569173138201494,1.0355143284290278,3.4720886075949333,1.0,0.2971072125834849,41.119181700892845,0,0.6559980188803333,33.70201636906805
066a2267-dfa0-48d3-acf1-73d59ee974f3,1517.3759999999997,529.655348781954,0.3490600541869346,-17.24500000000012,-2.3628571428571767,13.826086956521738,1214.87,2523.02,1271.8123076923077,425.9284096565573,0.13581648477399905,1.0896152305031845,-0.08961523050318451,-345.1249999999999,-97.28971428571427,0.3348987952706643,-33.8902657807309,-1359.8000000000002,993.5800000000002,68,99,0.5249169435215947,-4.517607973421929,25.083333333333332,6,301,12.0,24,277,0.34820637732506643,0.054111835168079624,0.315724645704163,0.10893674343076469,0.8269796016280737,1.042285189186259,4.517607973421924,0.9169435215946844,0.22424753047740473,39.2456132488513,1,0.6603094989133965,31.51120611268822
06ecc07f-33fb-4ec8-9fe0-34b126cfe794,4160.221818181818,1478.5302830028081,0.35539698305052986,-400.8699999999999,-136.93742857142857,14.458333333333334,2801.76,7179.12,2574.6669230769235,923.0106552688022,0.3111924559621902,0.731400467282776,0.2685995327172241,-986.9700000000003,-286.9645714285715,0.3584971116053078,6817.703074433651,-933.38,12978.579999999989,0,0,0.003236245954692557,39.77919093851133,25.893854748603353,8,309,11.933333333333334,25,284,0.24475443180040218,0.049810281095151385,0.10407902201019001,0.04553909275816587,0.44418282766390943,0.9913524308720483,39.779190938511334,0.511326860841424,0.30036177943256004,52.912129585066914,0,0.31717876223036723,69.31045949275948
072af81e-42c7-4c4d-93c5-0df237393327,5177.079000000001,1862.6086403897216,0.3597798373155444,-52.30000000000018,-3.211428571428535,13.826086956521738,4157.99,8841.29,3404.5725,1021.8399349847045,0.31210355093529857,0.7891490549014221,0.21085094509857788,-602.1299999999999,-363.406857142857,0.3001375165265843,7563.658775510203,154.0399999999999,14059.889999999998,0,0,0.0,37.12897959183674,24.775280898876403,9,294,11.866666666666667,24,270,0.2993510433199879,0.05438085839524565,0.09300650038371057,0.038162060111503034,0.4849004622104472,1.198716646553172,37.12897959183674,0.608843537414966,0.2632804852885348,51.637892353945105,0,0.35624558480936225,67.10687123948401
079b3e51-2f2f-4f02-ac7e-243b7dc6e78c,42.75600000000001,15.022927070906581,0.3513641844631532,0.0,0.0,27.636363636363637,35.63,71.26,647.1207692307692,313.80723473871495,0.1305902952367707,19.675764804939657,-18.675764804939657,414.44,118.18914285714285,0.4849283930598253,-3431.0096938775505,-7985.01,55.220000000000006,72,155,0.9897959183673469,-27.15989795918367,24.5,7,294,12.0,12,282,0.45018243053606505,0.0889465805968753,11.26293385723641,3.9820376087566656,15.784100477126016,0.724569213706168,27.159897959183674,0.22108843537414966,0.1946765376097911,-707.2700855926774,1,0.764054204619169,20.17953278184748
07ad2624-6bef-4ab3-b033-91267772b482,4037.241818181818,1357.7582341110524,0.33630837469193814,77.46499999999992,57.51514285714288,14.458333333333334,3320.33,6823.49,2427.0691666666667,852.4016107494949,0.229436188983764,0.6558219540523391,0.3441780459476608,-975.52,-209.40714285714284,0.3512061470914659,7984.33235074627,511.6999999999999,15930.730000000005,0,0,0.0,57.03294776119404,22.395543175487465,6,268,11.966666666666667,25,243,0.240885428980992,0.04807625187853274,0.10974909512930296,0.04215862044429073,0.44086939643311845,0.9575811171788862,57.03294776119404,0.31716417910447764,0.3008202966334911,56.653747655318966,0,0.21466494758826468,82.44840243532843
084f78cd-b600-4de3-a87d-6aeb6a5d2e48,2086.5,555.0240399216138,0.2660072082059017,-574.8600000000001,-187.22000000000008,11.862068965517242,1565.67,3397.0200000000004,2035.1383333333333,734.9419161815484,0.21972093625085273,0.9753838165987702,0.02461618340122985,-476.64999999999986,-74.3874285714286,0.3611262704573965,-1403.8873413897286,-3885.03,1123.1099999999992,60,145,0.945619335347432,1.862054380664653,27.66016713091922,6,331,11.966666666666667,30,301,0.31930026359932917,0.06063104081795672,0.20524362968288207,0.0779335410176532,0.6631084751178211,0.736604423347494,1.8620543806646517,1.0,0.28729046264668334,45.78190568072421,0,0.5824512325786538,38.715667068449655
085109b2-9415-483f-a557-8fcabd4a40b2,4765.0890909090895,1552.985974543586,0.3259091162652964,396.6500000000001,57.40342857142876,14.458333333333334,3861.09,7911.38,2748.666923076923,965.717688788884,0.2668034602508013,0.6817132866732626,0.31828671332673747,-444.4350000000002,-168.5048571428572,0.3513403827437326,8187.261649122811,-1112.14,17851.390000000018,0,0,0.0035087719298245615,58.537929824561395,23.75,6,285,12.0,25,260,0.25461090301087563,0.05037719413049226,0.09121168773339733,0.039300801015262905,0.43550058589002816,0.9276164434050106,58.537929824561395,0.38596491228070173,0.22740058327575302,55.92738739023595,0,0.2761790510155016,75.61666975472625
093ece73-c50b-42db-8ab1-c8d58a7d983c,1788.5650000000003,439.8923626917674,0.24594709316785654,-311.5949999999999,53.78771428571428,10.806451612903226,1350.4,2800.06,1659.7576923076924,508.0882421252212,0.26389950340295265,1.005314782148445,-0.005314782148444875,94.31999999999994,-37.43857142857134,0.30612193844921176,-1072.0646226415097,-2770.6499999999996,698.9399999999996,53,120,0.89937106918239,-0.3587106918239013,26.5,6,318,12.0,32,286,0.29079737107681286,0.05209669949559189,0.21767031111533544,0.09605186280621614,0.6566162444939563,0.8034285109188973,0.3587106918238985,1.0,0.24540514486590953,46.28655715004227,0,0.6699300347877815,34.51197385731369
09c6f77e-7c3a-484c-9489-dc8c421a8c7d,1043.8816666666664,125.56064277930217,0.12028244846970414,-125.30500000000006,-14.15914285714284,7.0,938.9100000000001,1238.6100000000001,1171.0076923076922,502.971013017547,0.12507110903823798,1.2152638629218828,-0.2152638629218828,-148.85000000000002,-10.488285714285748,0.4295198198282946,-1718.3377878787871,-3015.299999999999,-191.08999999999958,81,158,1.0,-8.171272727272727,27.423822714681442,6,330,12.033333333333333,52,278,0.3109260468539698,0.049283204194600604,0.3878919864799491,0.12844208075947305,0.8765433182879926,0.2800393437438775,8.171272727272726,0.7818181818181819,0.2940675683664957,39.19057563246767,0,0.6344744924406953,41.908608952588324
0a0f9e9c-84fd-468f-b6b8-4aacd9cb7ce9,978.0375,329.86901301535926,0.33727644698220594,-464.86,-96.55799999999995,11.333333333333334,473.84,1694.9,1280.1991666666668,359.5034868324603,0.1754616306447109,1.3089469132488956,-0.3089469132488956,81.67500000000018,-23.4965714285714,0.28081840403671066,-2105.8736102236417,-3976.4499999999966,-322.38999999999993,79,158,1.0,-11.584472843450477,26.15598885793872,6,313,11.966666666666667,31,282,0.3585240852216812,0.05717231360419889,0.3828116679234352,0.13498715540048312,0.9334952221497985,1.2010482295103233,11.584472843450477,0.6230031948881789,0.24144810800923555,31.907461979843788,1,0.7166884153237575,24.721090173509687
0a221e51-5116-4577-a1cc-a107e1a55f5e,1797.1559999999997,647.7756182369187,0.3604448463221439,43.364999999999895,0.20685714285714962,13.826086956521738,1444.5500000000002,3056.32,1327.976153846154,440.77516399215114,0.18348916135542287,0.9606116553042697,0.03938834469573031,-220.8549999999999,-126.51428571428569,0.3319149690418424,1167.3859285714284,-480.75,2274.6699999999996,0,0,0.02142857142857143,2.52810714285714,23.333333333333332,7,280,12.0,24,256,0.32100719136235256,0.053438321436758966,0.2645173819078589,0.09133486464168944,0.7302977593486599,1.0859553799657191,2.528107142857142,1.0,0.2884250122656281,44.12388901732805,0,0.44230547974381507,57.69305855874379
0adf0e50-3769-43a1-9976-7158d1137d5b,211.212,74.21233212883152,0.35136418446315326,0.0,0.0,27.636363636363637,176.01,352.02,719.3830769230769,179.00588190450685,0.1132134585403305,4.427769255534724,-3.4277692555347232,-61.170000000000016,27.13142857142856,0.24883248945769654,-3284.2226428571435,-7239.8600000000015,159.82,64,133,0.9892857142857143,-25.856642857142855,23.26869806094183,6,280,12.033333333333333,12,268,0.5459917050167603,0.08971554646516294,2.2231407306403046,0.859240952218624,3.7180889343408516,1.4120510759222538,25.856642857142855,0.32142857142857145,0.25822125368103865,-92.62834554443748,1,0.6739347081179421,29.519160721794186
0b017796-a655-49e8-a993-b64d1fe5bec7,1356.6308333333334,160.25012156899842,0.11812360270129868,-178.635,-17.058571428571423,7.0,1210.23,1611.01,1448.47,418.57181829732303,0.2332052671669647,1.067696505497381,-0.06769650549738106,-97.57000000000005,-47.2874285714286,0.2889751381094003,-945.4960059171606,-1620.4900000000018,-14.89,80,160,1.0,-3.2605621301775147,28.245125348189415,6,338,11.966666666666667,52,286,0.23835518997123392,0.05178453730657505,0.291481900320463,0.12462737037894735,0.7062489979772192,0.4087673544309525,3.260562130177514,0.9644970414201184,0.26023263627597853,47.96892893687779,0,0.5946682647788961,41.27862499561493
0b9ef257-64df-419d-837b-3ae8f0b9dfc7,2512.8133333333335,275.08350686930527,0.10947232061380283,-360.55499999999984,-22.861142857142827,7.0,2226.01,2947.12,1986.3761538461538,788.189003629401,0.2039310859473901,0.8563737988230986,0.1436262011769014,106.25,-36.179142857142885,0.3967974555590878,1165.0207164179105,-1646.69,4330.869999999999,0,0,0.15223880597014924,12.927970149253728,27.839335180055404,6,335,12.033333333333333,52,283,0.31820509283087745,0.04921177325812767,0.162995924886316,0.06352176312340484,0.593934554098726,0.27588967388804514,12.927970149253728,0.8597014925373134,0.2656588786150582,54.52492931748022,0,0.27736199703046344,72.12746961480829
0bde1a18-33bf-47c2-acb4-c7d8282aee3e,5690.783333333334,1522.7435005060217,0.2675806495015663,540.77,-88.47314285714279,12.592592592592593,3363.42,8438.5,4120.992500000001,1408.399784030379,0.23583032485499544,0.7241520645956767,0.27584793540432323,-1260.6600000000008,-88.44057142857149,0.3417622779052324,7213.486611842104,-6105.009999999999,18837.489999999998,0,0,0.05921052631578947,61.96542763157894,25.546218487394956,8,304,11.9,28,276,0.35600722806174895,0.057980740788467905,0.07022041488137253,0.02496888243270552,0.5091772661642949,0.7829437793475967,61.96542763157894,0.3256578947368421,0.2752184900441661,56.1712523730213,0,0.20824242134161797,80.38705531059959
0c063ef3-f2fd-41e5-b4b0-86f08fe6469d,1695.5330000000001,596.4650123118894,0.3517861417689242,-4.809999999999945,-4.306857142857117,13.826086956521738,1378.3899999999999,2857.78,1508.8425,541.9275529931853,0.20047597192328995,1.0678712829535018,-0.06787128295350187,-300.54499999999973,-45.535142857142844,0.35916774149269076,618.8225581395346,-1150.7800000000007,1581.8400000000001,13,13,0.09011627906976744,-3.345290697674419,28.74651810584958,6,344,11.966666666666667,24,320,0.27841156733605305,0.05500453249804044,0.2979104505780778,0.1140148849948659,0.7453414354070371,0.9794480437104712,3.3452906976744203,0.9622093023255814,0.26264614541720993,39.548209598938385,0,0.5843068579695355,36.92597036551156
0c6a6dae-94ec-449a-899d-f19f0e543f63,1494.4025,307.1275186783911,0.20551860605050587,-353.5400000000001,-88.94057142857143,13.576923076923077,1056.87,1887.69,1522.1246153846155,603.3784716993611,0.21276737677396268,1.1034298546297492,-0.10342985462974917,-238.05999999999995,-149.48228571428578,0.39640543592871164,-1714.8483333333336,-2966.3999999999996,-109.11000000000092,69,153,1.0,-5.944839743589745,26.0,6,312,12.0,27,285,0.343943482428596,0.05655214486503246,0.2761298690725335,0.10267035375899956,0.7792958501251617,0.5184555695332738,5.9448397435897435,0.9647435897435898,0.3233991758483334,41.76913891472063,1,0.6627484936818608,30.48024118516387
0c82250d-057b-4b24-92a6-4ef1aa857aee,1295.592,448.69261043861883,0.3463224614219745,25.245000000000005,3.7097142857142638,13.826086956521738,1054.17,2167.2,1272.575,355.6438805500909,0.14535620035492341,1.1786812515051035,-0.1786812515051034,68.34499999999986,-70.71971428571435,0.27946791391477194,-694.8387333333338,-2314.98,1061.22,66,145,0.9,-7.7166,25.139664804469273,7,300,11.933333333333334,24,276,0.31621992108626784,0.05419144298513729,0.35291048416476795,0.1463207552995078,0.8696426035356809,1.2392208342299749,7.7166,0.7966666666666666,0.20733028177776028,36.873717818841186,0,0.6052327402285945,36.04575855380261
0cf3581b-41a7-4311-b4c3-24840ecda04e,8896.458333333334,2087.7760992493827,0.23467497076076707,-1622.63,-60.32914285714271,14.818181818181818,6150.860000000001,13540.08,5352.868461538461,2256.8183633264407,0.334181428821269,0.651825773364869,0.3481742266351309,-1678.5150000000003,-584.1762857142859,0.421609157695949,13416.746188925072,-7764.97,37793.56999999998,0,0,0.0749185667752443,121.0756026058632,25.726256983240223,8,307,11.933333333333334,23,284,0.2674120319415498,0.05035234058497061,0.044398660515654643,0.01872027726389247,0.3808833103060675,0.5566173468414249,121.0756026058632,0.3257328990228013,0.24971887826067088,58.45453678866325,0,0.44297142609779305,61.694723846871305
0d31c100-c78f-4b5a-9113-ee6a6645e006,3462.906,1196.7102111130423,0.34557975616809766,-100.625,-17.59514285714283,13.826086956521738,2791.85,5820.25,2250.6169230769233,984.6409009412569,0.2455719833399526,0.8448978978926949,0.15510210210730518,-1024.25,-186.4768571428571,0.43749822141882255,4000.507323943663,-1830.4,7301.360000000002,0,0,0.014084507042253521,18.912112676056335,23.601108033240997,6,284,12.033333333333333,24,260,0.3171440402944811,0.053263646197731045,0.15120219838482477,0.05604916795315843,0.5776590528301953,0.7898997967291616,18.91211267605634,0.8415492957746479,0.3289764652563639,47.086726970872824,0,0.30073327655309207,71.9201715544193
0d39a113-5232-4977-a0a0-ad294fad16a4,2481.846,851.4470026072609,0.34307003843399664,31.86500000000001,-6.002285714285738,13.826086956521738,2016.72,4142.38,1595.3207692307692,524.9012853140665,0.21047033222641026,0.8356348459976969,0.16436515400230317,-99.79500000000007,-5.107142857142915,0.32902554485463326,3301.848703071673,-1142.62,6322.06,0,0,0.010238907849829351,13.922491467576794,24.416666666666668,7,293,12.0,24,269,0.2762347059406586,0.05399972439869355,0.1885660915302561,0.0646744399128713,0.5834749617824796,1.0426851160920299,13.922491467576794,0.7440273037542662,0.2849540266076222,49.701994109979566,0,0.2823241221087482,73.3052800579334
0ddaf263-f950-467d-9a67-78b6117cdff5,2406.1050000000005,824.4669317841411,0.34265625639119696,-32.00500000000011,-3.5302857142856996,13.826086956521738,1965.56,3979.63,1786.7723076923078,593.0532221079018,0.22580639606268973,0.9653793163639991,0.034620683636000855,-30.75,-203.57799999999995,0.3319131483931801,1287.6044548286602,-681.7,3068.699999999999,0,0,0.08099688473520249,2.595046728971962,26.67590027700831,6,321,12.033333333333333,24,297,0.33998516274227436,0.05449637484648426,0.20751463464811387,0.07682374626211243,0.6788199184989849,1.0323672263362424,2.5950467289719605,1.0,0.29137972898272946,44.46687668584052,0,0.5471685702416959,42.76491951405275
0e09bd10-9b20-4fca-9085-cb84931a152f,3057.582,1080.1966124203707,0.35328459299550125,19.16000000000031,22.65,13.826086956521738,2482.55,5135.57,1789.3415384615387,603.5469988029951,0.22072279274197984,0.760778942314548,0.23922105768545202,-137.67999999999995,-174.2642857142857,0.33730117243123964,5208.988105590062,-653.38,9402.99,0,0,0.003105590062111801,22.715465838509314,26.833333333333332,7,322,12.0,24,298,0.2564300810248098,0.054260196455892265,0.15262158136723727,0.05675890295010895,0.5200707617980483,1.0473861992505227,22.715465838509314,0.5093167701863354,0.30869026165190117,52.22428106892825,0,0.2864838010683501,72.6813117885573
0e1da6ba-a50f-435a-a7f6-2fa3f3ae56f7,11368.486,4182.194906476741,0.36787615399946316,-154.40500000000065,-59.183428571428834,13.826086956521738,9098.15,19542.76,5692.139166666667,2663.539697014476,0.2242506368797788,0.6008334794976218,0.3991665205023783,-386.7650000000001,-862.2128571428574,0.46793298951864043,26167.648819875794,2344.769999999999,48587.54000000004,0,0,0.0,140.9291614906832,26.908077994428968,6,322,11.966666666666667,24,298,0.29154594551992236,0.05611494793589929,0.03908796650670987,0.017165962116679388,0.4039148220792109,0.7861727260945951,140.92916149068324,0.19254658385093168,0.28180910896562467,55.57171640973843,0,0.19940962491256078,81.94692422763234
0e5885b7-6e80-4d2f-b322-83d946fa74af,1242.1330000000003,439.95482720262186,0.3541930108954691,12.934999999999945,-0.6885714285714389,13.826086956521738,1009.45,2099.1099999999997,1259.89,291.63364349502234,0.16200289972405002,1.2171546847237775,-0.2171546847237776,139.94999999999993,16.269142857142853,0.23147548079199162,-519.8365773809526,-2697.3499999999995,1018.13,76,158,0.8571428571428571,-8.027827380952383,28.077994428969358,6,336,11.966666666666667,24,312,0.25199233898463375,0.05475339597289501,0.38328826301209296,0.15733822384559462,0.8473722218152164,1.5301534732041613,8.027827380952383,0.6517857142857143,0.3399774318922023,36.05851266834499,1,0.7437165307541251,23.67349044631854
0e9a3d13-eb91-46a0-8f33-6e01138d1733,5860.4670000000015,2060.107371074786,0.3515261447722145,-17.74499999999989,4.177428571428495,13.826086956521738,4706.71,9862.0,3724.8546153846155,1647.5936252689626,0.304868068160017,0.8262670875887537,0.17373291241124636,-1449.375,-156.44399999999996,0.44232427715808653,7581.183074433661,-1649.23,13328.880000000003,0,0,0.003236245954692557,32.95003236245955,25.893854748603353,9,309,11.933333333333334,24,285,0.33769936764425085,0.054025216761735884,0.08226955292129451,0.03419966361042559,0.5081938009377068,0.7947249629406599,32.95003236245954,0.6537216828478964,0.33317273508454953,47.55704661012169,0,0.42473966816662423,62.83842677573133
0e9f1378-60d2-4844-baba-882ba5c92ff1,1571.4720000000002,563.6620023027986,0.3586840887415102,3.744999999999891,-6.860571428571426,13.826086956521738,1275.15,2650.9300000000003,1484.4953846153842,465.17816399768424,0.2257560714752073,1.228048606656689,-0.22804860665668897,-65.49499999999989,-25.18200000000003,0.3133577704710794,-1015.2872403560831,-3583.72,1155.75,79,171,0.8664688427299704,-10.634183976261125,28.161559888579387,7,337,11.966666666666667,24,313,0.3292098109288616,0.05382087622305711,0.28980726350835395,0.13348758361587099,0.8063255342761436,1.1446471814063859,10.634183976261125,0.8041543026706232,0.2654369990527732,33.85037766206555,1,0.7218848424311345,26.428696618021476
0f5fc58e-0c52-4c26-8f4a-e7b79e63b6e3,3023.4474999999998,374.3517899983919,0.12381620319135421,-384.0400000000002,-22.004285714285718,7.0,2693.38,3601.1400000000003,1916.9253846153842,658.8869629738648,0.23286528948801427,0.6868547135899221,0.3131452864100779,-935.33,-270.5268571428572,0.34372071456817044,4506.2241812865495,-1394.52,11361.340000000004,0,0,0.09941520467836257,33.22029239766082,28.42105263157895,6,342,12.033333333333333,52,290,0.2306175318076467,0.05094350075534632,0.13777373897402437,0.04995897343457535,0.4692937449715927,0.36022327995829195,33.22029239766083,0.4473684210526316,0.2686581837983341,61.93691106929907,0,0.21769327420338047,83.37801304830509
0f697515-956d-460a-bcda-6d8270617cfb,1913.1891666666663,655.4123587685199,0.3425758258449892,-1059.1950000000002,58.05828571428572,14.217391304347826,1179.3,3297.69,1910.0491666666667,692.3538288326588,0.24317916772648532,0.9983587613526628,0.0016412386473372744,-468.83500000000004,-143.44171428571426,0.36247958477473335,-553.0166163142019,-2323.1000000000013,1659.3599999999979,63,139,0.7129909365558912,0.11383685800603562,27.81512605042017,7,331,11.9,24,307,0.26469416031782883,0.05472407110814534,0.21129074621040697,0.0898386507345719,0.620547628370953,0.9450899863998863,0.11383685800604008,1.0,0.33070745561087217,42.538783075049146,0,0.6512272955244827,36.73885521053209
0f7748a9-cd38-4fdb-9ba4-50fefcc3f9d8,6526.221,2336.0616542018365,0.3579501298227315,-127.14500000000044,-30.33800000000005,13.826086956521738,5222.54,11191.31,3722.197692307692,1333.2659059064565,0.2646589886826579,0.7414485350710618,0.2585514649289382,-1266.0300000000002,-110.95200000000007,0.3581932009312103,10659.409465875371,-1713.61,20224.960000000003,0,0,0.008902077151335312,50.07014836795252,28.005540166204987,6,337,12.033333333333333,24,313,0.3150877054270764,0.05681419614812308,0.07046099113100829,0.026405480292500054,0.4687683729987078,0.9993213966433564,50.07014836795252,0.3649851632047478,0.29684964858436613,52.43969068385138,0,0.33675348560871354,70.31630012478229
0fc5bcc2-eb68-48d0-9950-ee8604f47aac,4154.3820000000005,1492.832148113109,0.3593391623863932,38.815000000000055,5.327428571428611,13.826086956521738,3392.66,7002.53,2319.786923076923,963.2933980221586,0.2189693814717068,0.7259137460156528,0.27408625398434716,82.94499999999982,-262.76057142857155,0.41525080964956207,7520.7059106529205,-1060.34,13557.39,0,0,0.003436426116838488,39.129175257731966,24.385474860335194,9,291,11.933333333333334,24,267,0.30628093420393215,0.054681779383792824,0.11640407646672839,0.04129807995509319,0.5186648700095465,0.8653545135520536,39.12917525773196,0.3951890034364261,0.32063687546900016,51.87825909479085,0,0.29072983096848837,75.35885817262954
0fe0d6cb-d02c-4812-aca5-7de7b9128251,1725.4540000000002,612.2266092478432,0.35482059170968516,-5.080000000000041,-4.226857142857131,13.826086956521738,1402.6,2921.3,1511.3369230769229,371.0969865454002,0.23000216822802838,1.1386788636497989,-0.13867886364979884,-168.6249999999999,-67.20285714285718,0.24554219570702066,-124.95194267515932,-2392.84,1459.77,69,116,0.6019108280254777,-7.62050955414013,26.094182825484765,6,314,12.033333333333333,24,290,0.33859610282279323,0.05428600240864144,0.2839148421227109,0.09763807090771472,0.7744350182618603,1.445049355724809,7.6205095541401295,0.8598726114649682,0.29723657810863324,38.89738378857708,1,0.7454878823031602,24.82447874493157
0fe99517-4e56-45ea-af41-2b680566484b,2822.733333333333,333.63743997266727,0.11819658486077347,-356.83500000000004,-18.18742857142853,7.0,2449.08,3366.96,1958.1715384615384,643.5159530377647,0.22488561739110627,0.7515242318320303,0.24847576816796965,-84.31999999999994,-213.71971428571422,0.32863104196854526,2691.7315133531156,-1625.48,8416.57,0,0,0.11275964391691394,24.974985163204746,28.005540166204987,6,337,12.033333333333333,52,285,0.25886965352731395,0.050975413901419415,0.1367548593561796,0.05127595002479866,0.4978758768097116,0.3596634820397965,24.974985163204753,0.5578635014836796,0.23175348431405596,59.820512341524676,0,0.2657811701026806,73.5289840993439
101d862c-6a45-4d75-8576-4d4912fafb56,3023.9891666666667,601.1088784822193,0.19878010315255845,-217.04500000000007,26.807142857142882,10.9375,2208.43,4383.34,2173.0750000000003,749.6420786979245,0.24851496918728838,0.7186120320647092,0.28138796793529075,-190.28999999999985,-90.41342857142851,0.3449683414966922,4383.38602446483,-1942.9199999999996,10659.109999999984,0,0,0.1162079510703364,31.22620795107033,27.40223463687151,6,327,11.933333333333334,33,294,0.24790763414882164,0.0497177155892589,0.12650039806690228,0.043238139907357476,0.4673638877123403,0.5762270888108858,31.22620795107033,0.43730886850152906,0.3094370879974231,58.39274879290103,0,0.34394050043027,68.22355976161118
10356935-3512-4b24-b01d-59f0d4d35393,1580.398,559.4503631204074,0.3539933378303487,-6.915000000000077,-6.855142857142872,13.826086956521738,1272.6599999999999,2681.8199999999997,1438.1691666666666,527.7578973434061,0.16036940485095927,1.092005304992793,-0.09200530499279291,-337.94,-61.47771428571428,0.36696510367179064,216.9948757763973,-1454.0500000000004,1356.99,50,57,0.2484472049689441,-4.515683229813667,26.908077994428968,6,322,11.966666666666667,24,298,0.3116860436421711,0.05454701916858918,0.29270474905688315,0.10461731791611986,0.7635551297837633,0.964651227837065,4.515683229813667,0.9409937888198758,0.3106669764741399,38.360685591942016,0,0.5061802248870003,44.85060397432588
107b96aa-d669-44fa-bad1-10743cf45f94,3182.699,1121.3525840643426,0.3523275635127113,57.63000000000011,10.101714285714245,13.826086956521738,2595.49,5433.35,2197.0983333333334,1040.444109772652,0.18644629014480466,0.8283906206650394,0.17160937933496062,-417.40999999999997,-12.240857142857113,0.473553729474702,3989.249017857141,-62.56000000000018,7735.999999999997,0,0,0.005952380952380952,16.2553869047619,28.156424581005584,7,336,11.933333333333334,24,312,0.3113734600727245,0.053869373132677645,0.150909338269186,0.05095046688361043,0.5671026383581985,0.7440075784083402,16.25538690476191,0.6875,0.3898319677696113,46.82347367852305,0,0.2295861953164725,78.5146457913956
10c7ba97-b4ae-4e5c-9952-cdc4a55d6c22,3113.985,1119.9077275705451,0.35963812528658456,10.079999999999927,-8.55171428571431,13.826086956521738,2485.1099999999997,5243.45,1925.3076923076926,740.2226039752485,0.2027408206480483,0.8037610971151113,0.19623890288488863,-194.96000000000015,-16.77199999999996,0.38446976913493264,4509.916918032784,-734.84,8452.469999999994,0,0,0.003278688524590164,20.035573770491812,25.416666666666668,7,305,12.0,24,281,0.2831767012365185,0.05457733418754426,0.1532194278392478,0.052067045923471056,0.5430405091867816,0.9354132734435273,20.035573770491805,0.6491803278688525,0.30232690079507774,49.371016974099355,0,0.2697230666390787,75.65685179971437
10fbf1aa-baa1-4418-a9a5-dceaf1d5b751,8387.992727272725,2681.7983330149596,0.3197187241585652,1488.1499999999996,449.876,14.458333333333334,6687.41,13589.07,3962.3353846153846,1458.0314677937931,0.2727422211764779,0.5582694396925821,0.44173056030741786,-1152.7400000000002,-340.68828571428577,0.3679727550209183,19243.366322580645,-1856.21,41944.94000000002,0,0,0.0032258064516129032,131.47600000000003,25.905292479108635,7,310,11.966666666666667,25,285,0.24141131608905883,0.049659296535567284,0.05044917019913313,0.020328083693660806,0.36184786651742007,0.8688652075352428,131.47600000000003,0.2032258064516129,0.28809330783166726,60.71820558712139,0,0.2166723131905658,82.41550927945745
11396052-312f-4658-8cca-00051eecd13b,530.0491666666668,62.234549372563635,0.11741278599481549,-73.64499999999998,-7.838857142857133,7.0,467.03000000000003,635.13,891.6607692307692,310.8818441536253,0.14970077444077992,1.822407984164991,-0.822407984164991,222.27499999999998,63.48800000000002,0.3486548414839663,-2548.334019933555,-5350.029999999999,-166.59,77,150,1.0,-17.37873754152824,25.013850415512465,6,301,12.033333333333333,52,249,0.3142915987353374,0.0518442471531729,0.7794088284262938,0.2713238866205808,1.416868560935385,0.33675937352562185,17.37873754152824,0.4850498338870432,0.2471455598412297,16.608200223876565,0,0.610160941588054,39.231175988554114
11b47f41-1476-412f-a980-58602ddb0a6e,1858.6640000000002,671.5137902315269,0.36128842557424407,34.03500000000008,20.006285714285713,13.826086956521738,1499.6100000000001,3151.11,1667.6158333333333,475.29829404009456,0.25298342593892775,1.076654521742499,-0.07665452174249891,-99.72499999999991,-9.797142857142846,0.28501665943650767,208.57911184210508,-1424.75,1515.69,37,40,0.3190789473684211,-4.686677631578945,25.617977528089888,9,304,11.866666666666667,24,280,0.2554931929601047,0.05477159938536497,0.24451864349877114,0.10221535468487042,0.6569987905291114,1.2676045894598917,4.686677631578945,1.0,0.25557844807382196,40.39483317434257,1,0.6653478752265655,31.08360476337937
11ee9b95-ee82-4711-83fd-7b8d735f7c76,3715.871666666666,464.6985017647726,0.12505773704010392,-437.91499999999996,-67.16285714285719,7.0,3232.89,4419.72,2206.1223076923075,835.0682425122897,0.22959324034967027,0.6431777111068151,0.35682228889318496,-819.1099999999999,-282.6342857142858,0.3785230943908113,6267.469581005586,-1820.6799999999998,16033.349999999997,0,0,0.11452513966480447,44.443770949720665,29.750692520775623,6,358,12.033333333333333,52,306,0.23827787378735268,0.04906722200219508,0.10352573173723706,0.035940423130867,0.4268112506576518,0.33038337394279665,44.443770949720665,0.3659217877094972,0.280992162021842,62.95069755670804,0,0.2250997763360359,84.68760497861541
1209925b-d013-4d79-8f27-58b71440ae82,6172.734545454546,2057.5670455825425,0.3333315292324835,967.315,278.7465714285715,14.458333333333334,4976.82,10211.3,3153.160769230769,1162.5842535881113,0.2921271427522421,0.6036972268663011,0.3963027731336989,-1003.2450000000002,-148.71314285714283,0.3687044012892911,12612.167240259752,-2713.66,28201.910000000018,0,0,0.00974025974025974,87.36685064935065,25.59556786703601,6,308,12.033333333333333,25,283,0.23979294280654748,0.0499528130158315,0.07294336030237374,0.02969981773217351,0.3923889338569262,0.9040617038117386,87.36685064935065,0.16883116883116883,0.2996063290827348,58.47807702258763,0,0.29354182107606885,71.59451318084353
12209b9d-3914-4e60-aa31-29ca13dc6134,2226.9527272727273,441.6093544319665,0.1983020784517462,340.6450000000002,195.6425714285715,13.478260869565217,1478.23,2934.18,1975.76,658.4765231681661,0.2859958530725729,0.9678582392245745,0.03214176077542557,-187.245,-57.851428571428535,0.3332775859255001,330.79542372881457,-2808.349999999999,2409.1100000000015,1,30,0.3254237288135593,2.669016949152546,24.720670391061454,7,295,11.933333333333334,24,271,0.2840048855998903,0.05804956467214881,0.20650477129775377,0.07223895024917866,0.6207981718189716,0.5950057454391009,2.669016949152544,1.0,0.2944267859794037,48.67105635895464,0,0.5745865390382295,39.32635030338623
12f53df4-44d1-41b1-baa6-4c4838a1a9cb,2841.9629999999997,990.4951160241922,0.3485249864351479,68.27500000000009,-5.991428571428567,13.826086956521738,2295.67,4720.84,1942.97,567.397358999846,0.1975047650418346,0.8204061769980819,0.1795938230019181,-319.7800000000001,-59.92057142857145,0.2920257950456497,3788.9440797546004,313.04,6935.8399999999965,0,0,0.0,15.656411042944782,27.318435754189945,7,326,11.933333333333334,24,302,0.2708522243252287,0.05472379478550563,0.16223258360506454,0.07964178280998027,0.5674503855257792,1.1934732901957041,15.656411042944784,0.6871165644171779,0.2866157652116777,50.88748742610929,0,0.32994063384070416,69.0122799679051
134d6732-1607-4fa8-aced-dbb43d2d971d,3785.4080000000004,1373.5974529663179,0.36286642099512595,0.9300000000000637,9.631428571428543,13.826086956521738,3071.14,6404.44,2354.9269230769232,1132.623628781016,0.19888776558475602,0.8087384503863257,0.1912615496136742,-377.23500000000024,-299.425142857143,0.480959140465022,4771.080409356728,-1066.57,9235.150000000005,0,0,0.017543859649122806,21.1696783625731,28.5,6,342,12.0,24,318,0.3381099210441781,0.05484587130370095,0.136904661267689,0.04269949236647675,0.5725599459820447,0.7544641331575143,21.16967836257311,0.6111111111111112,0.2878508397288173,47.14528654539275,0,0.25147946353853995,77.55607503418159
13620c23-faa1-4b6d-95f7-9a1b102d3da0,1097.3600000000001,245.35840475072007,0.223589710533207,-72.39000000000004,8.166571428571427,10.67741935483871,736.1800000000001,1472.89,1324.9376923076923,488.5300614795683,0.20527003011462366,1.3080020837889725,-0.30800208378897254,-311.17499999999984,-60.74828571428568,0.36871927209548827,-2220.842732558139,-4335.849999999999,-327.59,75,165,1.0,-11.790319767441858,28.587257617728532,6,344,12.033333333333333,32,312,0.29852555223445365,0.057289008772569316,0.3682542647809289,0.13511594493450949,0.8591847707224612,0.6063955086006553,11.79031976744186,0.7063953488372093,0.2566106156515923,33.59783989053512,1,0.679557410305094,28.63382310178184
13d71cf5-ac38-435b-bb3c-4a54d1ab9fa4,4094.804,1421.567934931942,0.34716385324717425,-25.855000000000018,-6.800285714285772,13.826086956521738,3315.01,6894.33,2572.0033333333336,1074.9513726704388,0.21219645905072695,0.7537366867864738,0.2462633132135262,-83.61500000000012,-236.8114285714285,0.41794322687649654,6706.8566360856275,62.870000000000154,12503.000000000002,0,0,0.0,30.837920489296636,27.40223463687151,7,327,11.933333333333334,24,303,0.3094741530974377,0.05382137948483005,0.11752186429435939,0.04735244959221491,0.528169846468842,0.8306483534658696,30.837920489296636,0.4525993883792049,0.39105671195345787,51.07675239359589,0,0.22487502526492775,82.81111175711388
140f4f40-d2c1-4302-b454-fb6fb09d834e,1610.299,586.4504875842272,0.36418732644324264,25.129999999999995,-1.2457142857142767,13.826086956521738,1292.26,2728.02,1308.6607692307693,462.4542087684923,0.20279569424761312,1.056486404077752,-0.056486404077752045,-333.38000000000005,-99.36114285714295,0.35337974488248997,257.16694006309126,-909.6000000000003,1261.2,30,38,0.2744479495268139,-2.8694006309148294,26.49025069637883,8,317,11.966666666666667,24,293,0.26406276101519033,0.054806591819283254,0.29435775591986335,0.10287530452419083,0.7161024132785279,1.0305834777382235,2.8694006309148303,1.0,0.2639656865885794,39.747329145942835,1,0.6866365754024338,27.477298032756345
14145642-8a68-45b8-b04f-88d62cb005e6,4716.744166666666,611.4210693794093,0.1296277787759479,-711.8650000000002,-121.10885714285718,7.0,4005.46,5658.889999999999,2708.856153846154,1267.3908830910486,0.22553345678405842,0.6221652188400438,0.3778347811599562,-750.39,-181.4951428571428,0.4678693925078122,9584.336885714285,-2115.8100000000004,21385.79999999999,0,0,0.10571428571428572,61.10228571428572,29.085872576177284,6,350,12.033333333333333,52,298,0.25484528257751243,0.05173360225706537,0.08065874535983773,0.036343749122143394,0.4235813793165589,0.277059753964956,61.10228571428571,0.3,0.38317223307140985,61.86717003296357,0,0.2663422314327856,76.78034974567613
141ddad5-ccdd-4517-9914-a3bf4d5a75d9,5879.3279999999995,2031.947962997303,0.3456088796197972,-72.82499999999982,5.928857142857123,13.826086956521738,4774.030000000001,9812.62,3489.586923076922,1493.3368775407234,0.29193911644380216,0.7715954952674865,0.22840450473251356,-885.62,-393.4625714285714,0.4279408739370168,8813.473424657532,-1602.62,16759.829999999994,0,0,0.003424657534246575,45.988527397260285,24.333333333333332,6,292,12.0,24,268,0.32710268928693886,0.053599152828350455,0.08200988276211159,0.02545290890387473,0.4881646337812756,0.8076089494331944,45.988527397260285,0.5445205479452054,0.23063386607583922,50.20909632196629,0,0.27191878683776444,73.66250651895245
1424ec12-f141-4429-b0ba-aac1f43affe2,2944.55,1042.8608829454568,0.3541664712589213,-39.97000000000003,8.472285714285656,13.826086956521738,2352.96,4931.18,1993.8630769230767,615.768803250384,0.29312135467985995,0.880277801361838,0.11972219863816198,-730.0050000000001,-133.3788571428572,0.3088320408644291,2761.0579750778834,-1394.28,5541.100000000005,0,0,0.024922118380062305,10.982180685358259,26.67590027700831,6,321,12.033333333333333,24,297,0.28410724898541373,0.054427671460834416,0.16206007709157594,0.04990439965359732,0.5504993971914214,1.1467931574314632,10.982180685358257,0.9096573208722741,0.22433953106879495,47.98725299047025,0,0.33830954881546704,71.55139196591429
145339bb-fb72-4daf-b502-921172c8d8f3,4067.0909999999994,1444.3505755986744,0.355131118432972,-102.99000000000001,-10.417142857142842,13.826086956521738,3279.92,6891.22,2826.9841666666666,938.4590115857566,0.31456018648848694,0.8341050151078498,0.16589498489215015,-325.7650000000001,-305.47685714285717,0.3319647215047213,5239.672307692307,185.12999999999985,9874.029999999995,0,0,0.0,24.71465201465201,22.877094972067038,7,273,11.933333333333334,24,249,0.319811875367431,0.05498598383955511,0.10786849863944527,0.04310525631218972,0.5257716141586212,1.069785719468149,24.714652014652017,0.8095238095238095,0.24182661086711665,49.34257141260242,0,0.33170296920468606,63.960774607253036
146be7c1-8916-496b-9438-765ea61017be,799.2758333333335,87.40055486180576,0.10934967781686432,-87.43,-15.303142857142864,7.0,709.49,939.51,1049.1261538461538,357.88612210074257,0.13613674090671796,1.4219788537749274,-0.42197885377492744,-294.01499999999993,-16.58799999999998,0.3411278241312663,-2298.9076388888893,-4265.730000000003,-191.34,83,174,1.0,-11.242583333333332,29.916897506925206,6,360,12.033333333333333,52,308,0.23939169936119253,0.049103824190856085,0.5117601245293916,0.19684276704642012,0.9970984151278603,0.32055338228518837,11.242583333333332,0.5944444444444444,0.2709126423162427,33.01779903187164,0,0.5673399299846748,41.76207422123475
14744bb2-1291-4252-9c08-855b41fde908,7945.866999999998,2816.917699555274,0.35451357284929064,157.5099999999993,41.13857142857133,13.826086956521738,6406.71,13456.98,4431.589999999999,1937.5628555294077,0.3255543345240271,0.6692671800320846,0.33073281996791537,-2060.275,-437.9205714285714,0.43721618099359555,17212.79027586206,1661.2500000000014,30101.089999999975,0,0,0.0,90.619275862069,24.233983286908078,6,290,11.966666666666667,24,266,0.26833270680216514,0.055737026557328484,0.059505149029048694,0.020847693524193144,0.4044225759127355,0.8108427552787294,90.61927586206897,0.32413793103448274,0.21151475354594323,53.84958199336598,0,0.33946348358999207,68.34354928380766
14ea5860-f2f4-4dd3-b1d8-81e758a55b49,2972.6825000000003,640.9246893941597,0.21560482473125187,-338.1399999999999,-45.108857142857104,10.333333333333334,2099.31,4361.25,2532.7975,690.0183724052702,0.2950857697861752,0.852024223912241,0.147975776087759,-380.7800000000003,-175.05942857142858,0.27243329654473764,2377.9614193548387,-2855.9700000000003,6088.68,0,0,0.0935483870967742,17.0278064516129,25.977653631284916,7,310,11.933333333333334,34,276,0.27503105360226,0.0556548392459224,0.1354150109651244,0.0542489821903281,0.5203498860036349,0.7914040885081252,17.0278064516129,0.832258064516129,0.2619636324393614,54.00222037067805,0,0.39116476752118773,63.539567516141254
150c800e-315b-4ba8-ab1f-81dae4d71f36,2003.3579999999997,679.4334406253491,0.33914729200939087,-12.590000000000032,5.668285714285678,13.826086956521738,1663.8600000000001,3295.0299999999997,1545.4215384615386,540.9751954856795,0.1907107246815407,1.0028402312517282,-0.002840231251728239,-189.64499999999998,-130.60314285714276,0.3500502497358865,748.5546254071658,-573.63,2010.4799999999996,2,2,0.08469055374592833,-0.18534201954397425,25.65459610027855,7,307,11.966666666666667,24,283,0.34360109376357095,0.05581478697267287,0.2432670546153009,0.08798677021281268,0.7306697055643575,0.9688531639822513,0.18534201954396978,1.0,0.2243495426689656,42.71096699493141,0,0.6224753739145696,39.96753686897779
15262c2e-7b94-492d-98b8-f5d73c929923,389.35999999999996,47.47338795195012,0.1219267206491425,-48.57499999999999,-1.827428571428566,7.0,342.0,462.95,867.1169230769231,288.74014463367735,0.09165474978088305,2.4126172864872273,-1.412617286487227,-89.11000000000013,-43.05942857142861,0.33298870884574217,-3297.9350692520784,-6694.310000000001,-18.63000000000001,89,180,1.0,-18.283102493074793,30.0,6,361,12.033333333333333,52,309,0.2843127183069653,0.0502020409560989,1.0806237586466683,0.34048181631395114,1.7556203342236834,0.3661587237350602,18.28310249307479,0.4515235457063712,0.3010666647741588,-6.822267255878206,0,0.5940493379388792,42.92439583323803
155d17ef-3b2f-44d9-9af8-2f1c9c388008,184.92,64.9742649909263,0.35136418446315326,0.0,0.0,27.636363636363637,154.1,308.2,856.5253846153845,293.29333395696153,0.13846461957658984,6.0214308890330965,-5.021430889033097,349.105,78.29542857142856,0.34242223199101385,-4078.5048666666667,-9285.629999999997,230.92,74,139,0.9733333333333334,-30.952100000000005,25.0,7,300,12.0,12,288,0.5014925373134329,0.08917369673372272,2.7861453601557438,1.1353936837551377,4.512205277958038,1.0261138198304078,30.952100000000005,0.2833333333333333,0.2507662892024396,-158.24660573503877,1,0.7971653576325813,16.688477410763774
15806864-9b6d-48f6-9910-49fe399418a8,2474.9530000000004,866.6775364581173,0.3501793918745597,9.944999999999936,10.037714285714264,13.826086956521738,1984.8899999999999,4129.43,1806.956923076923,717.2090810377939,0.22248369975189908,0.9491267106890514,0.05087328931094854,-323.9050000000001,-244.6,0.39691542829726995,1560.1432840236685,-629.75,3119.3099999999995,0,0,0.029585798816568046,3.725118343195268,28.245125348189415,7,338,11.966666666666667,24,314,0.30533913169260185,0.053533541849077534,0.1948138005044944,0.07537112825980939,0.6290576023059832,0.8822519028217083,3.7251183431952652,1.0,0.29679563260628583,43.59124125025575,0,0.3852283526284205,57.853656830333335
15a210ce-bd96-4f39-989e-1c21a36de05e,2377.8230000000003,820.2642558895275,0.3449643879672824,35.82499999999993,3.5697142857142743,13.826086956521738,1925.7,3960.91,1903.1683333333337,580.6000507442645,0.24033037890324993,0.9604592099580161,0.039540790041983895,-299.03999999999985,-5.385999999999987,0.30507025604370136,1536.2259807073956,-371.74999999999994,3226.050000000001,0,0,0.006430868167202572,3.0231832797427627,25.988857938718663,6,311,11.966666666666667,24,287,0.2940572111549094,0.05646425322658584,0.19897444006555579,0.07657887067288019,0.6260747751199311,1.1307703098982753,3.023183279742761,1.0,0.2889335415241778,45.13129484178686,0,0.5175950632638102,50.20895335876683
15a3ef27-1379-47aa-98ed-6bd76ea817cb,3963.047,1416.9969106219753,0.35755238598532274,-11.434999999999945,15.236285714285765,13.826086956521738,3146.7,6692.76,2326.66,754.9223038829889,0.23970710076973992,0.7632152735004152,0.23678472649958476,113.83000000000015,-132.9579999999999,0.3244661032909789,6542.544947368418,-914.8,11870.899999999996,0,0,0.0035087719298245615,32.92592982456141,23.88268156424581,9,285,11.933333333333334,24,261,0.276998985881318,0.05403064863979659,0.12364577053968825,0.04307039507732308,0.49774580013812597,1.1019714612982925,32.92592982456141,0.5859649122807018,0.2459712800587703,52.255495414604134,0,0.27091772665070196,73.83478174185306
15d844c5-7e59-4933-b532-faebad64aa57,4723.8533333333335,1213.5734205929598,0.2569032810628385,-266.04999999999995,46.286857142857166,13.84,3093.23,6383.719999999999,3473.31,1375.5023771274746,0.2399043873689096,0.7965430411330862,0.20345695886691384,-1002.1350000000002,-90.55000000000007,0.3960206192731068,3880.443463855422,-4838.509999999999,11590.840000000002,0,0,0.12951807228915663,34.73858433734939,27.590027700831026,6,332,12.033333333333333,26,306,0.3607436302002037,0.05707769645684737,0.08866102249858167,0.0331177372145339,0.5396000863701667,0.6487118815540028,34.7385843373494,0.5512048192771084,0.4371210525628071,52.51076753732926,0,0.29566913653300325,70.72830384109336
15f83929-7dcc-45ee-a510-40929dcb9489,1274.2791666666665,451.5041940298176,0.35432125537364667,-607.7950000000001,-96.31028571428573,9.485714285714286,534.47,2292.96,1397.216923076923,441.00506133498845,0.18490108358263846,1.18784933965935,-0.18784933965934986,-133.66999999999996,-94.9451428571428,0.315631062042833,-1668.8588988095237,-3059.36,131.72000000000008,89,170,0.9851190476190477,-8.549017857142857,28.0,6,336,12.0,36,300,0.3167202372583192,0.05511154999395081,0.31327515229198205,0.13616194776785567,0.8212688873121078,1.1225804364133312,8.549017857142855,0.8809523809523809,0.23389958720137066,35.54376751155994,0,0.7058451072933437,32.08551434817554
168fe314-a5be-4524-9162-da04bfb0044f,1470.3600000000001,496.71747630485737,0.3378203135999737,-8.325000000000045,-13.653714285714296,13.826086956521738,1206.9,2433.46,1303.4776923076925,332.31207238462486,0.21705130830482472,1.152453140727441,-0.15245314072744107,84.07000000000005,16.463142857142852,0.2549426617315526,-103.8875159235667,-2241.609999999999,1053.22,76,108,0.5318471337579618,-7.138885350318468,26.166666666666668,7,314,12.0,24,290,0.2801273157594058,0.05308019804673686,0.32478032590658074,0.11110748388149844,0.7690953235942218,1.325083496443953,7.138885350318469,0.8980891719745223,0.253334128051526,38.66841172827209,1,0.7028379779826074,29.62624326791885
16f5b929-0838-490f-8e7c-2abfc6f9fdab,9266.483000000002,3361.0026343705176,0.36270531488273566,-119.03999999999996,-54.778571428571375,13.826086956521738,7405.68,15921.240000000002,5115.74,1908.7928146475192,0.34491423302621677,0.7176899801143541,0.28231001988564586,-1401.725,-406.0471428571427,0.3731215453966619,17299.274216867474,-2259.2,30270.200000000004,0,0,0.0030120481927710845,78.79581325301207,27.666666666666668,6,332,12.0,24,308,0.29256407204329843,0.05391937804234898,0.05139533520970146,0.020931134282553585,0.4188099195779025,0.972083545851385,78.79581325301207,0.3704819277108434,0.24966085062962537,52.94881044101053,0,0.3203938466351025,68.12134487787895
170da4dd-1def-428e-b711-d096d3bc56a8,2494.1758333333332,661.0660849850219,0.26504389792821553,-127.18000000000029,-21.68485714285719,13.56,1524.99,3506.8900000000003,1989.1058333333333,776.3038060457134,0.17624837290792722,0.7975002430662633,0.20249975693373662,-726.7050000000002,-43.381428571428565,0.3902777786060722,1900.3400316455695,-2162.77,6629.3600000000015,0,0,0.11708860759493671,19.179873417721517,26.629213483146067,9,316,11.866666666666667,26,290,0.29827889038830796,0.05098277286652137,0.16696564095487784,0.07033485677132494,0.5865621609810321,0.6791160359548377,19.17987341772152,0.5411392405063291,0.2696198920201581,52.34311776738155,0,0.28332941841917636,76.14929448023852
179c0800-3b56-4e9a-862b-927ad505b485,3926.2480000000005,1394.6091094942856,0.355201482304298,29.99000000000001,-1.4251428571427822,13.826086956521738,3219.75,6635.599999999999,2475.2207692307693,734.3447138942031,0.25717022288920927,0.819557755903346,0.18044224409665396,-452.06500000000005,-204.0400000000001,0.29667847127931835,5295.50986577181,-2120.86,9588.349999999999,0,0,0.020134228187919462,23.773859060402682,24.764542936288088,6,298,12.033333333333333,24,274,0.3241048451345917,0.055294520366517864,0.13002133334420038,0.045490758607199554,0.5549114574525096,1.197260727320794,23.773859060402682,0.7080536912751678,0.342569287525868,50.628075869150855,0,0.21448300768146294,79.92547654167548
17c2b3e7-953d-4f10-a473-45a2a70e1e0c,14290.708181818183,5091.645701322547,0.3562906495984964,4505.1849999999995,1301.6745714285714,14.458333333333334,11056.439999999999,23130.510000000002,6104.5207692307695,3182.5999662683066,0.21822981883413767,0.5048338783897661,0.4951661216102338,-2059.3199999999997,-923.3748571428572,0.5213513208620545,34813.26093959733,-3580.59,78800.00000000003,0,0,0.003355704697986577,261.2047651006712,24.833333333333332,7,298,12.0,25,273,0.27333132355104994,0.04731733187852067,0.029002316126708907,0.011492782436699649,0.36114375399297916,0.6833983828972942,261.2047651006711,0.15100671140939598,0.23228900851159862,58.69089895921338,0,0.2217915304975128,81.96161176282948
18349605-d602-4d5d-aec7-6fc651062614,1172.61,127.70849612229478,0.10890960858452067,-145.66499999999996,-15.745142857142842,7.0,1060.8899999999999,1362.51,1275.7775,353.4981381749864,0.15104122780030219,1.0879810849301985,-0.08798108493019846,176.8350000000001,1.431428571428585,0.27708447450671175,-857.4022096317279,-1495.3199999999995,166.07,81,168,0.9801699716713881,-3.5071104815864023,29.498607242339833,6,353,11.966666666666667,52,301,0.26538235218870726,0.05153318949466006,0.3337327272778957,0.12516167637435577,0.7758099453356189,0.3930556151816531,3.5071104815864023,0.9291784702549575,0.27817807833523744,47.671778855122206,0,0.486190402898698,52.69845527325201
18885ae0-e426-4340-a3ba-7a2e26c0d10c,217.18800000000002,76.31208449518334,0.35136418446315326,0.0,0.0,27.636363636363637,180.99,361.98,835.3946153846153,308.8059093404621,0.1360103424176322,5.000336114334125,-4.000336114334125,366.62999999999977,104.92599999999995,0.3696527409364352,-3771.3374825174833,-8688.250000000005,279.3,69,137,0.9685314685314685,-30.378496503496503,23.76731301939058,6,286,12.033333333333333,12,274,0.4568208188297697,0.09136324290476452,2.246417849973295,0.7288524227857892,3.5234543344936187,0.9505250348558167,30.378496503496503,0.3006993006993007,0.23466754081212654,-117.94742492598832,1,0.824096303235877,17.464716167984633
189ff6b1-b7cb-4048-b49d-59fb7a0716bf,3254.9459999999995,1139.6751264110312,0.3501364159070631,-21.700000000000045,7.88171428571425,13.826086956521738,2617.4700000000003,5416.38,2340.8015384615387,906.4348425548502,0.26784185035895003,0.9348978446954267,0.06510215530457332,-314.905,-107.47542857142857,0.3872326755007999,2365.2489411764695,-1854.16,4633.989999999997,0,0,0.029411764705882353,6.232470588235294,28.41225626740947,8,340,11.966666666666667,24,316,0.34178631534901044,0.05444207062114087,0.14875177652716823,0.05468569985492848,0.5996658623522481,0.9042016287862046,6.23247058823529,0.9294117647058824,0.26523459091264595,44.35534022495504,0,0.47828218921000554,54.97306017733162
18a809a3-4daf-4ad7-aeca-ba702cde6678,1768.7275000000002,215.48799857427198,0.1218322203811904,-229.68499999999995,-27.176857142857145,7.0,1580.22,2093.16,1599.9515384615386,487.53550111498134,0.24312419078077846,0.9799592268075966,0.020040773192403414,182.17999999999995,-71.29428571428572,0.30471891766408105,-66.34477564102599,-1095.19,871.1699999999996,11,55,0.5256410256410257,1.3633333333333286,26.0,6,312,12.0,52,260,0.2900164101027433,0.048876004547525456,0.22375549653635166,0.0966217238099142,0.6592696349965346,0.39981836807223425,1.363333333333331,1.0,0.30175769746872133,51.05228596297881,0,0.524537078718298,45.558539136504386
18ce313b-1df3-4ad6-8678-d89ef2a865a6,733.49,250.0510161280427,0.34090582847488404,-7.600000000000023,-0.14457142857143027,13.826086956521738,603.22,1222.03,922.0015384615385,285.0258502266696,0.16902024191516452,1.6341081678005154,-0.6341081678005155,149.26,36.30914285714286,0.30913815035739173,-1695.3688817891366,-4651.119999999996,383.20000000000005,75,156,0.9488817891373802,-14.859808306709267,26.01108033240997,6,313,12.033333333333333,24,289,0.3278572305007567,0.05480783650765519,0.6538548582802766,0.21449372179579818,1.2510136470844868,1.1027620760516488,14.859808306709267,0.43130990415335463,0.20399849157601935,18.225735426585025,1,0.7170686466905459,25.573755615089954
19cf5177-5ae6-44cd-b283-0b25c66428b5,4429.683,1562.682342484301,0.3527752081772671,-109.76999999999998,-7.048857142857183,13.826086956521738,3568.91,7467.46,2708.590769230769,1022.3804098317281,0.3388849949789388,0.7949029309772278,0.20509706902277225,-755.8650000000001,-211.32342857142854,0.3774584265167827,6623.950849673205,-1000.9,11716.210000000005,0,0,0.0032679738562091504,29.69003267973856,25.5,7,306,12.0,24,282,0.2711435558707022,0.054158502989943076,0.10760025040166529,0.0391876800213469,0.4720899892836575,0.9346067895018417,29.690032679738568,0.6830065359477124,0.27034807768331415,50.071457985257226,0,0.2696621491938536,80.71516359669494
19db4656-b15b-491f-b547-0730b1f34ff6,1015.23,270.98427102961995,0.26691909323958113,-188.82999999999998,-133.75171428571426,12.137931034482758,615.6,1693.9099999999999,1278.7775,311.81034655773465,0.1989158916751872,1.2595938851294781,-0.259593885129478,-96.96499999999992,23.187142857142888,0.24383471445011715,-1702.8453846153845,-3757.6300000000006,-202.94999999999965,84,162,1.0,-9.730984615384617,27.23463687150838,7,325,11.933333333333334,30,295,0.2950562926627464,0.0541642452120866,0.36345130331714653,0.13676950050727424,0.8494413416992538,1.0946722407493232,9.730984615384616,0.7384615384615385,0.2447943445986499,36.73197750863111,1,0.6760047168261415,31.017309774888375
19feacb2-8089-4f28-b1bd-39b95aa75e61,1051.712,360.74718690825887,0.34300948064513753,11.360000000000014,5.091714285714294,13.826086956521738,859.16,1767.38,1129.6853846153847,346.41915955999957,0.1662137382021271,1.3963813287287776,-0.39638132872877757,-328.50000000000017,-33.56371428571429,0.3066510059151931,-1501.4239240506322,-4168.789999999999,798.3800000000001,82,156,0.8765822784810127,-13.192373417721516,26.4066852367688,7,316,11.966666666666667,24,292,0.3322582608166494,0.05578998813363355,0.44036295107405826,0.21078489168137285,1.0391960917057141,1.1185662985889557,13.192373417721516,0.560126582278481,0.21418897432981684,27.721442313190902,1,0.6949622629234603,25.87443962756252
1a50c9a9-72f6-4d5f-a69d-c7c17259d14a,2678.379,921.4910408734314,0.3440480383371552,70.24000000000024,0.834285714285761,13.826086956521738,2176.87,4440.91,1742.4607692307693,714.8690824020571,0.16270976633841,0.8457350509393927,0.15426494906060728,-867.9399999999999,-144.2248571428571,0.4102640903173073,2856.398958333333,-751.23,5406.940000000001,0,0,0.003472222222222222,14.346527777777775,24.0,7,288,12.0,24,264,0.3365752195637734,0.05530957343975591,0.18295618357222784,0.0593862929779542,0.6342272695537113,0.8386013947042278,14.346527777777782,0.6840277777777778,0.21126002616105696,47.64387500596349,0,0.2541585383527876,77.54197684282579
1a90603e-fa66-4db6-8fe9-a9abb9a74da5,2447.6259999999997,892.0512363237141,0.36445569556938606,54.77999999999997,9.580857142857115,13.826086956521738,1970.6,4216.43,1882.2984615384614,688.8984513076673,0.2384531513844776,0.9997393392617989,0.00026066073820105764,-779.6349999999998,-211.83828571428575,0.365987894791461,1017.8494648829427,-1392.08,2369.639999999999,0,0,0.06354515050167224,0.021337792642142354,24.84764542936288,6,299,12.033333333333333,24,275,0.3412482135751132,0.05319930414205439,0.20651888809809996,0.07922247925132353,0.680188885066591,0.9958135248627609,0.021337792642143114,1.0,0.2653678726663147,41.75699766661724,0,0.5897542018550855,40.924494193760715
1acd6dbf-c1ab-404b-ad82-7db4fff5cad2,2083.0483333333336,560.86586941059,0.2692524510523871,179.84500000000003,-172.73314285714287,9.971428571428572,1273.83,3170.08,1736.6269230769233,512.9006054845426,0.26556255163081394,0.9031695535949318,0.09683044640506822,-389.2599999999999,-1.0845714285714296,0.2953430000819029,1217.2060828025467,-1612.35,3239.9199999999987,0,0,0.18471337579617833,7.708375796178345,26.166666666666668,6,314,12.0,36,278,0.2674589883896117,0.053056858178198774,0.20206404236099496,0.06978314633441854,0.592363035263224,0.9116601747043929,7.708375796178345,0.9522292993630573,0.23698992077922937,49.88878432299306,0,0.45537601496032654,54.16971105024863
1bf15b72-f37c-4beb-b7ea-e0fb181298bc,3493.679,1252.1613907200622,0.3584076816215978,-21.399999999999864,-15.166571428571414,13.826086956521738,2846.62,5942.87,2149.885384615385,1010.8314373789478,0.24393643882983385,0.7999736094815809,0.20002639051841908,-759.145,-223.85542857142855,0.4701792219308406,5006.084620253168,-1695.8,9140.600000000015,0,0,0.00949367088607595,22.11481012658228,26.333333333333332,7,316,12.0,24,292,0.2912345410096348,0.053151992498452205,0.1458081867280881,0.04832441675380022,0.5385191369899752,0.7622788607071126,22.114810126582277,0.6329113924050633,0.2785472284569016,47.84524073347202,0,0.19841646236210736,85.73842358010559
1c0fe44f-d2f6-43bf-b3cb-41eb6a8ab104,2373.132,843.9141699090809,0.3556119802476562,-6.1550000000002,-11.26942857142858,13.826086956521738,1900.6100000000001,3993.68,1763.0975,494.51961020266936,0.25400797932804814,0.8915294218779233,0.10847057812207671,-127.95000000000005,-79.0114285714286,0.280483416375254,2712.4809740259752,352.07000000000005,4727.390000000002,0,0,0.0,8.35762987012987,25.738161559888578,6,308,11.966666666666667,24,284,0.2589034238297744,0.05403744924428983,0.1894412110240813,0.08165959584211918,0.5840416799402647,1.2678538533340205,8.35762987012987,0.9155844155844156,0.23953392632379472,48.0607953899483,0,0.4148946590846465,58.63396481872093
1c3f97cd-26d9-4386-bdca-d9bb664b8043,7153.883,2549.816631381123,0.35642414495472224,-47.225000000000364,12.814285714285688,13.826086956521738,5723.59,12103.25,4408.202307692308,2215.863615452426,0.3172015175207476,0.801056293484252,0.19894370651574794,-2248.7,-666.8965714285714,0.5026683125649081,9377.26169230769,-2033.5,18195.99999999999,0,0,0.012307692307692308,43.791384615384594,27.23463687150838,8,325,11.933333333333334,24,301,0.3411014689504987,0.055246500397057106,0.06088805198519462,0.028577347434952466,0.4858133687677029,0.7090642796559774,43.791384615384594,0.56,0.2790830659558937,47.211657660690086,0,0.4031944667278874,61.171442832251124
1c933b95-5968-4216-8d3a-3ca73f6d5016,986.982,344.15993125935574,0.3486992987302258,12.59499999999997,0.12285714285712857,13.826086956521738,803.46,1639.99,1077.1423076923077,327.65129475185057,0.1627468693873033,1.418754344050854,-0.4187543440508541,102.695,-23.96085714285715,0.30418570732201355,-1627.2644781144784,-4133.03,663.31,80,149,0.898989898989899,-13.915925925925928,24.681440443213297,6,297,12.033333333333333,24,273,0.27967683301215224,0.054266440522724835,0.4815923694657045,0.17578233442960461,0.9913179774301863,1.1463368933409148,13.915925925925928,0.6094276094276094,0.27962093430980123,26.70513312961879,1,0.6910280447266385,28.287708989437135
1cc07268-83cf-4388-944c-2b6e13fa49b3,1162.472,399.09443254002485,0.3433153078439953,17.60499999999996,-1.4194285714285861,13.826086956521738,940.35,1947.24,1320.8816666666667,339.11511247076646,0.17201957278534918,1.3635235945467932,-0.3635235945467932,0.8100000000000591,-50.56171428571424,0.25673390813769575,-1343.5303801169598,-4225.8600000000015,972.3199999999999,75,158,0.8918128654970761,-12.356315789473683,28.65921787709497,7,342,11.933333333333334,24,318,0.3234142413752762,0.05432302885574878,0.4297995994742238,0.15991266886428232,0.9674495385695311,1.337241778206651,12.356315789473683,0.5555555555555556,0.2347245337394594,30.024918820054502,1,0.7636249001287624,21.457749684235328
1cd64372-1e5c-4684-94f3-cbbb80410d29,2354.281,827.4952384079185,0.3514853317883118,16.985000000000127,6.095142857142881,13.826086956521738,1900.69,3941.86,1557.176153846154,395.4809218225843,0.1956050622206173,0.8598502047971335,0.1401497952028665,-24.135000000000105,-94.42228571428576,0.2539731428880185,2844.911589403972,-1042.92,5468.409999999997,0,0,0.009933774834437087,10.925562913907283,25.166666666666668,7,302,12.0,24,278,0.2657932506782326,0.05206897562355558,0.20880939870814064,0.07474851132893652,0.6014201363388654,1.3839468527713117,10.925562913907282,0.7682119205298014,0.24161734579705177,49.98196899670494,0,0.36554415267422635,63.478556224971456
1cf32e81-f2d2-41c6-b770-2d200dc7c19e,2293.7075,259.8212047867113,0.11327564861112906,-239.31500000000005,-24.055142857142926,7.0,2040.8,2674.87,1956.496153846154,609.5198339340357,0.28001784980607014,0.924066167983494,0.07593383201650607,135.38499999999988,-135.8745714285715,0.31153643350426147,131.1865408805022,-1460.88,2090.039999999998,2,35,0.42452830188679247,6.572452830188676,26.426592797783933,6,318,12.033333333333333,52,266,0.3184538569107004,0.051261621922876685,0.19032795884683057,0.06109468331656645,0.6211381209969741,0.3636032143559208,6.572452830188682,0.9622641509433962,0.24699688807896378,53.40835515224115,0,0.5459777854235578,46.961020933397194
1d513091-aa92-4851-94ed-e4dd737352d5,1829.2983333333334,213.81951912911512,0.1168860842613325,-271.6049999999998,-16.043428571428564,7.0,1574.25,2186.3199999999997,1674.9846153846152,557.9327929302266,0.2197668864926429,0.9919468211399818,0.008053178860018224,48.40499999999997,-131.76400000000004,0.333097264181207,-389.2660906515571,-1366.1299999999997,760.3200000000008,46,143,0.8356940509915014,0.5007932011331451,29.33518005540166,6,353,12.033333333333333,52,301,0.3014215833211095,0.050485204254090144,0.213075323051917,0.08136134164374502,0.6463434522708618,0.35090676757328676,0.5007932011331455,1.0,0.25732865514264197,50.153599342936616,0,0.5791082224867365,42.722883603900506
1d57f287-dfd5-4bab-b239-1d2776d9994b,2642.7933333333335,337.981005957256,0.12788779269810074,-369.02499999999986,-30.70942857142858,7.0,2363.1,3193.3599999999997,1960.9507692307693,554.6525750633084,0.2700005021112208,0.8038325610023739,0.19616743899762615,-263.155,-158.73028571428557,0.28284880159479187,2083.743638888889,-1311.7799999999997,6339.64,0,0,0.10833333333333334,17.281000000000006,30.0,6,360,12.0,52,308,0.24473726032304205,0.04928213582093695,0.15332766592923144,0.05711318075067037,0.5044602428238808,0.4521418933968556,17.281000000000006,0.7805555555555556,0.28652506084175805,58.35308774706619,0,0.2507511060302812,78.4270728660354
1de17998-33c6-4f30-9924-b2fde6073849,1638.202,567.2784706884853,0.3462811488989058,2.384999999999991,10.465714285714304,13.826086956521738,1296.0,2767.34,1449.7423076923078,470.3652722646136,0.2285010863999703,1.1504472586408758,-0.15044725864087585,-207.755,-18.71257142857142,0.3244475033727467,-447.0576602564102,-2464.6299999999997,1129.23,81,148,0.7948717948717948,-7.899455128205127,26.0,7,312,12.0,24,288,0.30457049863203683,0.055550536502824446,0.3141267072070477,0.09325528841986519,0.7675030307617742,1.067294848316571,7.899455128205129,0.9358974358974359,0.2757142516043965,37.10472511994285,0,0.6427407514520498,34.209664657088155
1e0fd848-da3f-43f8-9ac8-10b522316e62,2644.556666666667,293.98924319633096,0.11116768526911162,-309.6999999999998,-26.752857142857142,7.0,2346.76,3057.41,2346.1683333333335,898.0271832475426,0.253620264530607,0.8871688638423328,0.11283113615766716,-953.3500000000001,-212.70342857142853,0.38276332115166894,462.55150417827207,-1809.1000000000004,3580.659999999999,0,3,0.2785515320334262,9.973983286908075,30.0,6,359,11.966666666666667,52,307,0.30343838349717095,0.04899466451213626,0.1527880539523323,0.05224190065883759,0.5574630026204771,0.29043452997175173,9.973983286908076,0.9916434540389972,0.22435552720357518,53.52294846519996,0,0.4147409561392206,57.08451686106031
1e2c12e3-a313-4013-b9b5-55ffd9985320,2141.4225,236.6910211119129,0.11052980955972626,-225.18499999999995,-31.99914285714285,7.0,1907.52,2514.41,1812.7784615384614,691.3459053884935,0.24289912807029757,0.9170742034013994,0.08292579659860057,-180.005,-155.04514285714285,0.3813736317242896,476.8355384615378,-1476.8600000000001,2191.809999999999,0,2,0.28307692307692306,6.556769230769229,27.083333333333332,6,325,12.0,52,273,0.3155519286829198,0.05199581119559545,0.1790363648462646,0.08057261002908114,0.6271567147538609,0.28982027168473123,6.556769230769228,1.0,0.2256926469015689,52.373664942666444,0,0.5024089076399266,52.48329806332081
1e2f824d-cb18-4925-841c-dac70b7d428a,6213.301,2132.8467040004434,0.3432711056490653,96.27999999999975,10.259714285714393,13.826086956521738,5086.42,10312.84,3341.7007692307698,1655.1764273004328,0.24965454026059047,0.6991792285614362,0.30082077143856384,-730.0300000000001,-379.0208571428572,0.4953095868249867,11399.09308724832,-1706.9,21428.409999999996,0,0,0.003355704697986577,62.72114093959732,24.972067039106143,9,298,11.933333333333334,24,274,0.32966051379130035,0.053660847913210706,0.07443305901323628,0.02768270843469518,0.48543712915244247,0.6930435323279078,62.721140939597305,0.31208053691275167,0.275736146333592,51.82850595157086,0,0.25304470145295527,75.97633327314827
1ee3c80d-972f-4cea-8133-06172539c30b,721.5708333333333,199.7069961199217,0.2767670017888127,-147.685,-6.503428571428552,11.7,363.45,1143.26,922.6046153846154,287.15347088898255,0.1256459555139046,1.3851562274435982,-0.3851562274435982,108.09000000000009,-46.335428571428565,0.3112421790446756,-1649.8172222222227,-3335.010000000001,177.84000000000006,71,146,0.9803921568627451,-10.898725490196078,25.429362880886426,6,306,12.033333333333333,31,275,0.33151284523926383,0.05383624846255564,0.5405151954358834,0.23125934737291903,1.1571236365106221,0.8892335950041195,10.898725490196078,0.4738562091503268,0.23257816916322183,30.065897267698183,1,0.7484908305820573,21.948568504832735
1ef1399a-0e21-4968-a50b-c66118d6be98,507.3133333333333,58.43884469851343,0.11519280266997405,-61.775000000000006,-11.43314285714286,7.0,450.11,597.71,954.875,251.81996034324348,0.14956407906794084,1.8822194041815055,-0.8822194041815054,245.43499999999995,107.75571428571426,0.26372034071815,-2493.9814285714274,-5476.2099999999955,-127.94,94,185,1.0,-14.75478021978022,30.41782729805014,6,364,11.966666666666667,52,312,0.2521912821793238,0.05096127311194923,0.7486251100569011,0.3125271035651866,1.364304768913361,0.4367990817708137,14.75478021978022,0.4532967032967033,0.20492211022385123,15.981032938277561,0,0.537050765600394,47.245127912534954
1ef32ca9-ea8b-410f-8b47-19b9100eff64,2313.147,826.5084627791513,0.35730909569480507,47.450000000000045,-2.7582857142857327,13.826086956521738,1860.04,3930.78,1650.1515384615386,674.6973378220064,0.2119791329187948,0.9273932871538212,0.07260671284617881,139.96000000000015,-43.08571428571423,0.40886992624388724,1967.1875075075081,-535.56,3888.34,0,0,0.012012012012012012,5.043543543543549,27.905027932960895,8,333,11.933333333333334,24,309,0.2778344826333993,0.05566658755366607,0.2212328053513244,0.08640133981973476,0.6411352153581246,0.8738942943963881,5.043543543543543,0.993993993993994,0.27782110454191383,44.007597118125254,0,0.4490525672771394,55.421929901537425
1f93483c-f90e-46ad-8b26-f2086d9e6dfc,6289.829,2087.980483446731,0.3319614068119707,31.02500000000009,48.96428571428564,13.826086956521738,5112.85,10295.09,3398.437692307692,1336.3713954969867,0.20707637378170832,0.7023989046443074,0.29760109535569257,-1028.835,-30.069142857142886,0.39323110102087244,11606.860623052968,-3489.0,21539.81000000002,0,0,0.009345794392523364,58.31339563862928,26.899441340782122,9,321,11.933333333333334,24,297,0.3328230385913512,0.05519386934048605,0.07841500937465867,0.025861911349259258,0.4922938286557551,0.8441890937674089,58.31339563862928,0.27414330218068533,0.3262813749938037,54.080579589451126,0,0.37870704306807035,67.21998362238695
206947ac-7b25-4ec5-9200-a48b4546099e,4212.472,1428.6817742225016,0.3391551977609588,-63.345000000000255,-20.741714285714313,13.826086956521738,3407.62,6957.55,2793.214615384616,1127.4807271421198,0.27299590573750293,0.8620066792135352,0.13799332078646476,-1133.165,-207.02857142857152,0.40364987385219936,4984.160416666666,-1219.29,8818.769999999997,0,0,0.009615384615384616,18.6311858974359,26.0,6,312,12.0,24,288,0.3473371455050622,0.054401548544417616,0.1143677631566453,0.04397940211828114,0.5600858593244062,0.8402212405624189,18.631185897435895,0.8333333333333334,0.17037469097502497,47.272079421585836,0,0.27040851041226716,71.3590018750907
206de7da-7444-4f0e-be64-78bc53e60f49,3568.686,1272.1074891183966,0.35646383265952697,38.16000000000008,-7.204571428571451,13.826086956521738,2861.8900000000003,5992.55,2342.825384615385,920.9034378317067,0.2526745320328216,0.8534438165756248,0.14655618342437518,-127.21000000000015,-113.24400000000006,0.39307386879064776,4042.366165644169,-2006.6,7679.759999999995,0,0,0.024539877300613498,16.043343558282213,27.09141274238227,6,326,12.033333333333333,24,302,0.33736787153590975,0.05364187266685833,0.13386411693267494,0.05294469729194443,0.5778185584273875,0.9068621980805868,16.043343558282213,0.8220858895705522,0.237636476404394,47.30685498137623,0,0.31553825142125175,69.07029676272955
2081c423-4eae-4f89-b01b-935e5b8723f0,3288.225,1199.236130091429,0.36470622603119585,7.2999999999999545,4.728285714285708,13.826086956521738,2656.36,5573.74,2103.046153846154,688.6224071233144,0.1986130009217399,0.8314394544168966,0.16856054558310338,-193.57499999999982,-109.2602857142856,0.3274404633792406,4444.390440771351,-901.05,8216.660000000002,0,0,0.0027548209366391185,15.269008264462812,30.166204986149584,6,363,12.033333333333333,24,339,0.3288278630568163,0.05412768286841685,0.14353214880368587,0.05836644390210524,0.5848541386310243,1.113809277776382,15.269008264462807,0.650137741046832,0.27207969392383213,49.25242577480344,0,0.36520107036809546,66.26221889754625
2100c6fd-d9c0-4f00-a9fb-95fddb615c1c,1761.9183333333333,279.2640423370403,0.15849999234000078,291.1399999999999,-59.117142857142866,9.17142857142857,1360.8400000000001,2411.25,1723.8125,518.5367570406871,0.22089651088309584,0.9783725314548254,0.02162746854517457,-85.4100000000002,-6.0608571428571265,0.300808096611834,-371.85298969072164,-2057.7200000000003,1728.1100000000006,24,82,0.6701030927835051,1.5713745704467368,24.45378151260504,6,291,11.9,36,255,0.30294820702056763,0.05471640286014012,0.2353178495787262,0.09330265969572936,0.6862851191551634,0.5269139831183829,1.5713745704467337,1.0,0.35661989533857835,50.093937039370275,0,0.5186959552787447,43.68750303128141
2127d796-a027-44dd-ae4f-e6c24e755401,95.34,33.499061346717035,0.35136418446315326,0.0,0.0,27.636363636363637,79.45,158.9,720.6692307692308,234.84835420832522,0.0809994983295441,9.826620516047827,-8.826620516047829,122.18499999999995,16.76600000000002,0.3258753727527008,-3853.6526234567905,-8415.300000000001,117.16,72,154,0.9876543209876543,-25.973148148148145,27.075208913649025,7,324,11.966666666666667,12,312,0.5253618628067966,0.09218586112859238,4.990287392490035,2.0133941682399827,7.621229284665406,1.0782164405218657,25.973148148148145,0.24691358024691357,0.27805138386328937,-310.12325363086177,1,0.759166918140282,20.702186115469956
219a0991-f398-44df-a845-366bda46c138,5409.214166666667,1533.46141956661,0.2834906092305047,-1817.185,211.4271428571429,9.135135135135135,2786.03,7981.29,3506.5723076923077,1306.2967423927448,0.27149589869045904,0.7022806917270947,0.29771930827290527,-1770.3450000000003,-456.0242857142856,0.37252810658635044,7781.095718475066,-4287.71,20808.879999999976,0,0,0.12316715542521994,56.67193548387096,28.416666666666668,6,341,12.0,38,303,0.29978476540877697,0.05633997667868268,0.06932892439551833,0.030315247578321994,0.45576891406129993,0.7609911956127604,56.67193548387096,0.39296187683284456,0.24486020097645206,55.953491922274054,0,0.3563411571426918,66.50631013814272
21c57e22-04df-461f-b273-fa87c562cbf3,7969.149999999999,1293.7710112127822,0.16234742867341967,-403.06500000000005,-609.0999999999999,10.4375,6011.24,9911.13,5228.115,2736.4644730697178,0.23807576918258302,0.6560442456221806,0.3439557543778194,-2636.4000000000005,-232.42799999999994,0.5234132135711854,13905.980332225914,-7932.900000000001,33794.479999999996,0,0,0.10963455149501661,109.27714285714285,25.153203342618383,6,301,11.966666666666667,33,268,0.33229767290112505,0.05403629412588963,0.049688799934748375,0.020250173063208334,0.4562729400249714,0.3101706729292191,109.27714285714285,0.26245847176079734,0.18818143186725367,58.41954304348648,0,0.27862441418918116,76.1628361244426
21ed3090-f0d9-4f1b-bd86-9559afadf68e,3200.4900000000002,1146.8231924562544,0.3583273787627064,-25.169999999999845,-8.11314285714291,13.826086956521738,2571.6000000000004,5408.16,2360.584166666667,775.2232456461504,0.2946809423232456,0.8850835340838433,0.11491646591615667,-42.96000000000015,-96.22257142857148,0.32840313706790103,3769.381483679526,170.31000000000026,6420.250000000004,0,0,0.0,10.913620178041546,28.319327731092436,8,337,11.9,24,313,0.25018793997169186,0.054251380257398084,0.15573834006667728,0.0541704551490553,0.5143481154448225,1.0911204501941716,10.91362017804155,0.9792284866468842,0.32214766048375737,47.278774532407056,0,0.3954439333836677,58.91757448698078
21f66f7f-ce02-4970-9f70-6dd96ff5a133,2557.2374999999997,302.6310599671127,0.1183429618747233,-275.03499999999985,-29.814285714285674,7.0,2267.91,3026.0,1925.965833333333,630.3022344797387,0.22065076440002615,0.7531431215651003,0.2468568784348997,-179.5799999999997,-134.25571428571433,0.32726553273733505,3097.3823456790115,-1328.0500000000002,7575.259999999997,0,0,0.09259259259259259,23.380432098765432,27.150837988826815,6,324,11.933333333333334,52,272,0.25360178708469594,0.049802113934796166,0.16620897876451965,0.0628757920738036,0.5324886718578153,0.36161144403100326,23.38043209876543,0.5895061728395061,0.2998876321360841,59.77867562640758,0,0.2412178942104584,77.41340681447356
222c04b5-66ef-4b89-8b9a-59c09559066d,963.591,344.20232330063607,0.35720790594830804,-7.354999999999961,-1.1811428571428548,13.826086956521738,776.39,1638.3200000000002,1118.32,316.4397605390321,0.16297454423393332,1.508748006156139,-0.5087480061561389,-126.62499999999989,26.77771428571426,0.28295994039186645,-1513.910855263158,-4902.25,574.69,67,141,0.9144736842105263,-16.12582236842105,25.403899721448468,8,304,11.966666666666667,24,280,0.2772005965186475,0.0561327368146859,0.5171488733290369,0.18279954877121102,1.0332817554335814,1.2623974455663824,16.12582236842105,0.6019736842105263,0.27394113147743593,23.274643767467875,1,0.6561259390920642,31.81874730953328
223417b3-c0ba-4c6a-98f7-405e380fa98a,1987.9291666666666,503.57871847333115,0.2533182403665445,-325.65,-86.17285714285713,9.555555555555555,1253.64,2938.26,1666.633846153846,470.8505169820966,0.22542951615047185,0.9082416165901281,0.0917583834098718,-119.80499999999995,-59.561714285714295,0.28251587357876845,286.12409883720903,-1629.89,2219.94,7,24,0.3430232558139535,6.363110465116279,28.666666666666668,6,344,12.0,37,307,0.2817706029934836,0.05423524899235594,0.2019320775597722,0.0779504635267437,0.6158883930723554,0.896651353276674,6.3631104651162795,0.9505813953488372,0.2082779476272764,50.420470653823166,0,0.502004631257869,47.55492476097274
2268b872-65ae-48d8-92f6-0ab3f59cd310,89.724,31.525800086771962,0.35136418446315326,0.0,0.0,27.636363636363637,74.77,149.54,721.1176923076923,254.65376206900504,0.08780706872771223,10.448185546787927,-9.448185546787927,91.92499999999995,72.81485714285714,0.3531375873667336,-3980.47728222996,-8477.289999999988,114.32,72,148,0.9825783972125436,-29.537595818815333,23.983286908077993,8,287,11.966666666666667,12,275,0.47104453657884193,0.09320806027372834,5.502351656190094,1.7839374080513575,7.850541661094022,0.9949781530853054,29.537595818815333,0.2508710801393728,0.23938693459832125,-335.5310991527464,1,0.7445272302020141,23.3487538471786
2294ea49-35fe-4be5-a377-4ab490bd1d87,3845.1809999999996,1339.5207263914294,0.3483635039264548,84.9050000000002,1.7905714285714436,13.826086956521738,3089.37,6408.860000000001,2446.5461538461536,1005.1525591217357,0.26149454018380697,0.8271418172512556,0.17285818274874443,-551.37,-108.00771428571417,0.41084553321896694,4731.764037854888,-1043.38,8985.899999999996,0,0,0.01892744479495268,20.967539432176657,26.343490304709142,6,317,12.033333333333333,24,293,0.32561692154413546,0.055835863123218386,0.12089886015768826,0.043075995642337765,0.5454276404673799,0.8479184407751337,20.967539432176657,0.7160883280757098,0.3077528446695655,48.24651152777679,0,0.38182478809586434,64.3864513006962
22bb22ab-b559-4798-8b14-d15aa85d4c2d,4866.450999999999,1646.35884847239,0.3383079062077046,-53.924999999999955,-13.745142857142856,13.826086956521738,3911.12,8003.24,2917.3308333333334,1042.7771893751133,0.24601283650551573,0.7193737284111152,0.2806262715888848,-1395.5900000000001,-286.3794285714286,0.3574422130875157,8846.129898648645,562.5599999999998,15696.269999999995,0,0,0.0,46.136959459459455,24.804469273743017,7,296,11.933333333333334,24,272,0.2873987634931493,0.05486996581286855,0.09654201799216719,0.03659032013267985,0.47540106743086497,0.9464688104000568,46.13695945945945,0.33783783783783783,0.246940625234768,53.92696941557394,0,0.24208768287841648,74.39947513204038
22ee8304-f9c1-4153-b3ba-826e48e7c79c,6810.1089999999995,2414.389450663804,0.35453022127308154,19.634999999999764,11.612285714285722,13.826086956521738,5532.6900000000005,11418.529999999999,3480.412307692308,1250.5723699314235,0.3240283644554933,0.6643852543329336,0.3356147456670664,118.375,-383.9748571428571,0.35931730478238,14536.16164948454,-2882.28,26534.61000000001,0,0,0.010309278350515464,78.54202749140892,24.182825484764543,6,291,12.033333333333333,24,267,0.25394130989680197,0.05336449093546081,0.06476386794983752,0.02277070748794182,0.3948403762700421,0.9866772809280706,78.54202749140892,0.27147766323024053,0.28219136724738186,55.60233709284261,0,0.2728660373381848,73.43915580136877
2301e9b4-2741-418d-8ee4-13a66a86e9d9,4802.505999999999,1706.8487609054423,0.35540793929366093,60.065000000000055,-31.490857142857138,13.826086956521738,3830.15,8044.66,2942.2724999999996,1326.6011003320752,0.2881964535915691,0.7351842975313306,0.26481570246866937,253.28499999999985,-79.25971428571428,0.4508763550392003,8411.046989966557,452.3700000000007,15578.439999999999,0,0,0.0,42.534414715719066,24.98607242339833,6,299,11.966666666666667,24,275,0.29078068824901,0.05317057386289576,0.0982253848303365,0.033767370618589546,0.47594401756083177,0.7882603186471397,42.534414715719066,0.46488294314381273,0.3123022538984181,50.91286281915295,0,0.3446624625909049,71.4580331149782
2321a32f-c3cd-490b-b4db-af8c1719f497,1674.1891666666668,175.71194001227914,0.10495345658108873,-148.01999999999998,-25.88971428571428,7.0,1457.49,1934.71,1551.0115384615385,540.0972758810237,0.18428519353374842,1.0036276267068587,-0.003627626706858644,39.559999999999945,-66.36228571428573,0.3482226034351432,-357.14672176308613,-1169.3500000000001,583.3899999999998,83,169,0.8016528925619835,-0.20077134986226128,30.25,6,363,12.0,52,311,0.32117637045196507,0.04927211033002543,0.24057615950407832,0.08969366763114683,0.7007183079172158,0.30139759896613494,0.20077134986226128,1.0,0.2899596541215039,49.74183916559013,0,0.4701060294621624,56.396092609480334
23271186-8a86-4b72-a588-da9d07002cbf,120.46800000000003,42.32814057390715,0.3513641844631532,0.0,0.0,27.636363636363637,100.39,200.78,713.4441666666667,147.48746094365464,0.09986999683460396,7.10672543746057,-6.10672543746057,152.79499999999996,71.27828571428573,0.20672600300699256,-3219.6747142857134,-7356.649999999998,200.78,56,124,0.9785714285714285,-26.273750000000003,23.52941176470588,8,280,11.9,12,268,0.41757147126207794,0.08982468373343959,3.734120264302553,1.078361058538367,5.319877477836438,1.6996612876575001,26.273750000000003,0.26071428571428573,0.24981398918158748,-198.94446309245728,1,0.7353265160985658,20.928780508008355
23a0646f-83f7-4f79-b3c3-a0d71f49e080,9292.951000000001,3318.7125345244954,0.35712149289547473,294.34000000000015,14.497714285714261,13.826086956521738,7475.59,15638.59,4309.051538461539,1790.5999275189222,0.2876006802853457,0.6027974321612154,0.39720256783878455,-1169.7200000000005,-589.6694285714286,0.4155438642440142,21341.9732996633,-4009.04,40264.42000000002,0,0,0.010101010101010102,124.28228956228952,24.88826815642458,8,297,11.933333333333334,24,273,0.258843934504766,0.05506657680644179,0.05302728917864734,0.018942960099542116,0.3858807605893973,0.8594074503907658,124.28228956228952,0.22895622895622897,0.29659248590667914,56.863580641806855,0,0.3317994115869241,70.09143220779839
23e071e8-fde2-4923-b3ac-74e52dff4358,934.5783333333335,117.55828216701966,0.1257875107672654,-123.11500000000001,-24.443142857142856,7.0,822.1800000000001,1113.94,1138.403076923077,384.00756818463475,0.1685904141023458,1.3196004615272128,-0.3196004615272127,-122.33000000000004,-18.64800000000006,0.3373212669299404,-2073.258333333333,-3784.529999999999,-168.76,83,173,1.0,-10.125141242937852,29.418282548476455,6,354,12.033333333333333,52,302,0.302564258034372,0.051608836070456014,0.4096811931227452,0.1510315703873583,0.9148858576149315,0.3729012164340967,10.125141242937852,0.652542372881356,0.2002933934445282,36.695930877294714,0,0.6180444342091461,35.749620444960385
24dd30d7-91c9-4246-972e-70732ffcd50a,3467.922,1271.3200338825434,0.36659418345699335,-17.184999999999945,0.4434285714285709,13.826086956521738,2817.87,5941.04,2382.3900000000003,704.8851613442672,0.24913281975727675,0.8930728545797743,0.10692714542022576,-368.84500000000025,-29.453428571428574,0.2958731195749928,3501.466407185628,-1811.42,6533.849999999997,0,0,0.011976047904191617,11.102245508982035,27.75623268698061,6,334,12.033333333333333,24,310,0.31340151249076537,0.05298216049841951,0.15101291205511544,0.06415282696669648,0.5815494120109967,1.2390249711889607,11.10224550898204,0.907185628742515,0.31626030356716767,47.36179792159937,0,0.458595325635202,60.54585662338905
254d9223-2882-4b14-af2f-07fc85899aba,194.18399999999997,68.22930279579295,0.35136418446315326,0.0,0.0,27.636363636363637,161.82,323.64,786.1615384615384,273.8072663038168,0.12561031692449193,5.263100976393525,-4.263100976393525,268.00999999999993,56.36085714285715,0.34828372148507536,-3651.729817629179,-8278.260000000002,252.95999999999998,83,161,0.9604863221884499,-25.161884498480244,27.493036211699163,8,329,11.966666666666667,12,317,0.43678160919540254,0.09159868990236066,2.175292506076711,1.1206124088493388,3.824285214023813,1.0088446941044011,25.161884498480244,0.303951367781155,0.2963738123893112,-128.03063901933712,1,0.7465643964576073,21.561036582884594
257b2f89-8d24-453b-a03a-c0622a162c30,14571.087272727273,4929.183125630638,0.3382851967990472,3410.199999999999,937.5945714285712,14.458333333333334,11375.35,24077.74,7659.734615384616,3037.285450770187,0.3539546208419552,0.6212586244889942,0.3787413755110059,-2381.285,-1041.9057142857143,0.39652619878889583,27200.268962264126,-3630.75,61989.48999999993,0,0,0.0031446540880503146,190.89751572327043,26.426592797783933,6,318,12.033333333333333,25,293,0.27182722247718955,0.04883986944007921,0.031915444507915926,0.01194888058518875,0.36453141701037345,0.8531219319991132,190.89751572327046,0.2893081761006289,0.3000850099747381,57.070575140690906,0,0.2962769132135798,71.64917367176567
25c9d6f5-c2d1-4942-8912-ed4a9ad75ed5,1071.9158333333335,129.97183439347947,0.12125190276302426,-149.97000000000003,-20.318571428571428,7.0,952.0,1276.78,1207.4376923076923,413.5345439048159,0.17980160148413457,1.2202987019347753,-0.22029870193477524,54.940000000000055,-15.634857142857138,0.34248934461740704,-1630.678631284916,-3081.7000000000003,-312.24,90,174,1.0,-7.915363128491619,29.833333333333332,6,358,12.0,52,306,0.2912915270866259,0.04930424419205798,0.3776058288158507,0.13769271374695927,0.8558943138414937,0.3540311681768497,7.915363128491621,0.8324022346368715,0.21599521937427574,40.70070794737012,0,0.5389088624311331,43.39217117311653
25cd7617-f8bf-43c5-ada7-9aa9a1a84feb,4212.853636363637,1430.8690626487994,0.33964366820107883,-26.11999999999989,-29.236857142857115,14.458333333333334,3472.41,7148.0,2698.7592307692303,883.3677210960103,0.3102063711899515,0.7570741835754169,0.24292581642458308,-1026.735,-221.49314285714286,0.327323649707063,6336.373796033998,-988.59,12221.940000000015,0,0,0.0084985835694051,31.890991501416423,29.498607242339833,8,353,11.966666666666667,25,328,0.2559931844944659,0.04988801587522514,0.10305215272998931,0.043867695811454936,0.4528010489111353,1.0376386445190917,31.890991501416433,0.5609065155807366,0.25537348074770544,52.9812496168097,0,0.2598583869791288,72.25746455464223
25e90387-f0ca-41bc-84e0-193898036e76,2638.1666666666665,407.7613454936452,0.15456239010435727,145.8800000000001,-185.09828571428568,12.25,2072.47,3357.7200000000003,2019.3476923076921,641.581747157677,0.17867155882783167,0.829222313475267,0.17077768652473305,-419.7449999999999,-33.161714285714346,0.31771732505583683,1814.1001149425276,-2462.65,5820.65,0,0,0.19540229885057472,15.535862068965509,28.9196675900277,6,348,12.033333333333333,29,319,0.32681786594225787,0.053782930065070435,0.13702034240950156,0.059582727904479105,0.577203866321309,0.48647768917604317,15.535862068965509,0.6494252873563219,0.21310080330586567,55.83988925674187,0,0.31509212120735275,69.15124123547966
25f91165-ead2-43ac-844b-2e45df91221b,4733.3949999999995,1135.7531982505545,0.23994473274479622,203.4000000000001,-8.7271428571428,10.06060606060606,3127.09,6717.17,3640.9074999999993,1262.5069844856303,0.30104605330768036,0.7691957886464156,0.23080421135358445,-804.965,-160.10657142857153,0.34675612728025373,4142.507333333329,-5497.900000000002,13641.26999999999,0,0,0.15873015873015872,41.61857142857142,26.396648044692736,7,315,11.933333333333334,34,281,0.29671937372646906,0.053839439415754094,0.08880887819419256,0.03076984560412417,0.4701375369405399,0.6919696982048399,41.61857142857143,0.5968253968253968,0.1822118981783159,55.09870392619442,0,0.34891694465344203,69.3403752450153
263ee3c2-9e10-44ec-8e88-b9da6ad3e37d,5488.2527272727275,1976.9138210963615,0.36020823371935856,-207.7199999999998,-98.86800000000005,14.458333333333334,4119.37,9533.32,3351.8374999999996,1074.3970023829859,0.29933804965187005,0.6662502952587328,0.33374970474126725,-593.1500000000003,-266.7300000000001,0.3205397046792949,10750.100063492067,669.3799999999992,21304.22000000001,0,0,0.0,63.96422222222221,26.470588235294116,8,315,11.9,25,290,0.2460653978630059,0.05066954576369562,0.08411983413167759,0.02785453492567099,0.4087093126840501,1.1237554301728476,63.96422222222222,0.3238095238095238,0.2112796339321342,56.13294708448403,0,0.23633632878667862,77.13891721164903
26d7a894-5aa2-4801-9df7-afa0308877ff,958.5866666666667,173.29939507492037,0.18078636090103523,-90.83000000000004,27.44285714285716,12.464285714285714,713.49,1284.5900000000001,1328.1516666666669,306.1638130102408,0.20222715528221558,1.385531129162378,-0.38553112916237803,-125.49000000000001,24.509714285714285,0.23051871310649066,-2499.0022539682545,-4841.78,-239.39999999999975,80,157,1.0,-14.078666666666663,26.323119777158773,6,315,11.966666666666667,29,286,0.35452193507107693,0.05813506690405319,0.4103315297521351,0.14245712437755584,0.965445656104821,0.7842589370066411,14.078666666666665,0.6317460317460317,0.21474894308004483,34.54478974434401,1,0.6330102186480197,31.712577339867444
26ebb916-943a-49b8-99fd-c12e8a3f5912,1659.3883333333333,477.1831675922081,0.28756569996708115,334.65500000000003,-108.09199999999998,10.0,942.82,2830.46,1583.9623076923078,478.68521852664037,0.25227533094950294,1.0340913770435496,-0.034091377043549476,-418.57000000000005,-5.296571428571406,0.30220745544383704,-1596.7188607594935,-3457.4999999999995,-205.45000000000005,78,156,1.0,-2.1482594936708828,26.26038781163435,6,316,12.033333333333333,36,280,0.30857755819664484,0.05337408462756861,0.230683896576349,0.10210539425671912,0.6947409336572815,0.9515506476991037,2.1482594936708845,1.0,0.21417419120792985,43.96522481036884,0,0.5893515555861499,42.57190415301812
2712cee0-15b3-4ed3-bdec-1af9da5fbc2c,2326.1975,693.205247752326,0.2979993090665457,847.7299999999999,34.87714285714284,12.357142857142858,905.47,3696.4100000000003,2245.4474999999998,708.0719606358074,0.26732533270094266,0.9652866964219504,0.03471330357804959,-281.18999999999994,-136.80342857142855,0.31533668038812196,-551.7054005934726,-2860.2000000000003,1598.7999999999988,49,131,0.744807121661721,2.8753709198813104,28.161559888579387,6,337,11.966666666666667,29,308,0.32564302902053677,0.056924444291596044,0.15960238400508414,0.06513132841615268,0.6073011857333697,0.945019490595775,2.8753709198813064,1.0,0.2668020517068424,46.14181926336317,1,0.7015112967413571,24.43549074575271
275d3b70-b265-4571-aed9-9387c854a97e,599.1608333333332,110.37815985044186,0.18422125364298436,-23.920000000000016,17.2542857142857,11.551724137931034,443.82,828.93,948.6176923076922,296.6816243650716,0.14538076861635918,1.7151808153904138,-0.7151808153904139,-34.48000000000013,10.804285714285744,0.31275151915345095,-2579.930526315788,-5337.159999999998,-182.35,81,167,1.0,-15.919814241486069,27.067039106145252,8,323,11.933333333333334,30,293,0.3043423232215056,0.0575972227824193,0.6579187836321077,0.2578717734386844,1.277730103074717,0.5890339210553812,15.919814241486069,0.44272445820433437,0.24579164987435162,19.611099392024894,0,0.5197679367273047,42.48608852388549
2763bae4-20d4-49d7-8f20-64b18d85601f,1831.4719999999998,664.70757901167,0.36293624964600607,-8.210000000000036,1.1428571428571819,13.826086956521738,1475.03,3117.41,1643.8116666666667,603.1740968611322,0.20147887987979157,1.0770429468755187,-0.07704294687551873,-270.63,-110.83057142857142,0.366936254981237,283.94382262996874,-1411.0200000000011,1591.2599999999998,27,36,0.21100917431192662,-4.315045871559633,27.40223463687151,7,327,11.933333333333334,24,303,0.31769199856727265,0.05396751902294985,0.25048157984397246,0.08353936068910692,0.7056804581233018,0.9890989094674347,4.315045871559635,0.9602446483180428,0.2517249036031094,38.691469535974335,0,0.6509067371274799,32.60316769195856
277432aa-962b-491b-8dc3-984bd47a7b2e,4385.5650000000005,1481.795453737346,0.33788017136614,-14.740000000000009,-21.662571428571404,13.826086956521738,3586.2200000000003,7195.77,2768.01,1080.489930843664,0.22036589463188355,0.7573965954215707,0.2426034045784293,-120.43000000000006,-211.89114285714282,0.39034899832141645,7052.5620795107025,-88.42000000000039,12994.019999999999,0,0,0.0061162079510703364,32.536788990825684,27.5561797752809,9,327,11.866666666666667,24,303,0.3096093661820085,0.05414490493243176,0.09783619670441553,0.042099706651252476,0.5036901744701082,0.865584830034396,32.536788990825684,0.4709480122324159,0.2637544662049631,51.76075107572464,0,0.16129950448759944,85.42314854317186
2790508a-7f83-4f7a-b3bd-3921f116f0f4,2944.314,1065.4211872640371,0.36185718889494706,-80.83999999999992,6.274000000000056,13.826086956521738,2350.3,4988.139999999999,1842.8392307692307,732.6394135641982,0.22612557295577768,0.8136669526415999,0.18633304735840003,-415.6450000000001,-129.9017142857142,0.3975601351065132,4223.405362318841,-666.74,7856.230000000005,0,0,0.0036231884057971015,19.877644927536238,23.12849162011173,8,276,11.933333333333334,24,252,0.2717400385964268,0.0550213054721745,0.17506590669337574,0.04844286309136865,0.5502701138533457,0.9101948534100364,19.87764492753623,0.6884057971014492,0.3279888766957007,48.64640352535733,0,0.16887444398342066,81.30289511365436
27a1ad9b-8c70-40a2-bb89-114536af7cb4,3122.0481818181815,863.556688003957,0.27659941093575596,1358.745,304.78114285714275,9.96875,2388.2799999999997,5471.25,1943.7349999999997,772.7135728127796,0.18835558002162503,0.6791817609244282,0.3208182390755719,-553.93,-234.75285714285715,0.3975405972587723,4990.626968641116,-1971.2300000000002,12207.490000000009,0,0,0.11149825783972125,38.38923344947735,23.983286908077993,6,287,11.966666666666667,33,254,0.24526556430175644,0.052969888939457865,0.14286745909518025,0.04725190601857231,0.48835481835496686,0.6957765140039478,38.38923344947735,0.3902439024390244,0.27970590984196225,56.58393528977476,0,0.3243098002127727,69.43589353773939
27f38767-8d8a-4f66-9b1f-57e8ed83ef35,4627.61818181818,1551.2166690815195,0.3352084394464995,1003.145,264.40657142857145,14.458333333333334,3598.27,7565.79,2613.032307692308,1139.5079437645725,0.2507905639837242,0.6673258185047088,0.3326741814952912,-501.6750000000003,-6.678285714285656,0.43608643506246025,7610.262871621623,-1172.63,17612.25,0,0,0.006756756756756757,57.21074324324324,24.666666666666668,7,296,12.0,25,271,0.27643437228654844,0.04892424534121225,0.10198177739186465,0.029745519980826574,0.4570859150004519,0.76867430971222,57.21074324324324,0.30405405405405406,0.24766157326206925,54.52898537516746,0,0.2752727632592925,74.35575998849843
283a5628-8acc-49c5-bc65-d5450410ed8e,1300.5629999999999,468.28134802938956,0.36006048767294596,-2.519999999999982,-7.957428571428571,13.826086956521738,1053.48,2189.61,1260.476923076923,425.0696723947071,0.19808009178455038,1.2599312759166608,-0.25993127591666065,-298.52999999999986,20.09628571428571,0.3372292380863893,-936.8875601374567,-3380.5699999999993,893.8000000000002,71,139,0.8797250859106529,-11.617079037800686,24.317548746518106,7,291,11.966666666666667,24,267,0.33363089677316665,0.05394048577423777,0.33952449823653297,0.1319859168683101,0.8590817976522475,1.0677024617323005,11.617079037800682,0.7697594501718213,0.24874284458873924,32.05634957141741,1,0.7394914701983724,18.36301119684211
284c89be-1d2e-4c73-930e-93e4b2826bf0,9152.860909090909,2085.857680334181,0.22789133376455464,764.0299999999997,182.63742857142861,12.607142857142858,6062.07,14497.36,5960.588333333334,2628.0117784149834,0.3249381422918823,0.7104292378726692,0.2895707621273308,-1612.1350000000002,-1081.9322857142859,0.440898050905207,12215.428445121956,-2507.3,29655.820000000007,0,0,0.051829268292682924,88.88539634146342,27.640449438202246,9,328,11.866666666666667,29,299,0.29883949846977803,0.0553525887136928,0.047426303966360446,0.01910440918274237,0.42072280033257364,0.5168798848093598,88.8853963414634,0.39634146341463417,0.21619272482330465,55.92812945405245,0,0.21300470100161212,81.50536098434044
28a1fa14-c43e-4ee7-90ce-6d44521052e5,2956.066666666667,549.5918750612434,0.18591998660198575,-465.5350000000001,-49.12371428571432,10.71875,2202.98,3809.19,2617.922307692308,1164.9183554163344,0.28708585404926207,0.9594108725558741,0.04058912744412594,-1282.3700000000001,-204.19885714285718,0.444978199694248,-869.660885245902,-2955.7300000000005,1861.9799999999996,61,126,0.7901639344262295,4.72068852459017,25.346260387811636,6,305,12.033333333333333,33,272,0.3746701698202566,0.058495523330551864,0.12941887869015134,0.049473117430820245,0.6120576892717801,0.41781819138495885,4.720688524590169,1.0,0.297345017290576,47.1464015058205,0,0.606740689061035,38.84865648782363
29374a6e-d7dc-4f2d-842f-a239c100cc8d,2336.8799999999997,538.4306206678139,0.23040576352564698,29.910000000000082,23.042571428571428,17.0,1568.61,3129.79,2098.952307692308,969.7111871940174,0.23822581082576733,0.9730345588990449,0.026965441100955133,-516.475,-174.6245714285714,0.4619977231689299,-985.4719377162635,-2725.7600000000007,1000.1999999999994,59,124,0.8304498269896193,2.6165397923875418,24.217877094972067,8,289,11.933333333333334,21,268,0.35832819828146945,0.06238232172811613,0.1675670837469903,0.07425605936119954,0.6625336631177754,0.49871623164125184,2.6165397923875386,1.0,0.2723311043824795,44.9264902748902,0,0.5372883732623096,44.65257342927316
295ddca8-d0e5-4dbd-aa17-18ec334a4c86,2788.795,311.76017914416207,0.11179028187592206,-309.57500000000005,-32.07885714285719,7.0,2510.98,3271.02,2236.1516666666666,663.0247343094077,0.2940121831330761,0.8018343645433483,0.1981656354566517,-214.09000000000015,-123.04914285714287,0.2965025781537214,2628.777878787879,-1366.9299999999998,6654.19,0,0,0.11019283746556474,18.26920110192837,30.33426183844011,6,363,11.966666666666667,52,311,0.23708088977497455,0.04964001776155414,0.1460971494857098,0.054853440285141074,0.4876714973073795,0.3770297127668297,18.269201101928374,0.7933884297520661,0.23382917527210065,58.642865398913976,0,0.32989757117858726,72.530327963784
2a4a6602-f90c-4a4c-801a-3a133ddabd88,4074.3908333333334,1098.5335243236227,0.269619083995654,-176.45000000000005,280.19914285714276,12.423076923076923,1468.97,6441.42,2774.7546153846156,916.5307897957327,0.3150357578397092,0.7377751152575159,0.26222488474248407,-796.31,-290.11685714285716,0.3303105740284318,5639.852881944445,-3141.2500000000005,14133.320000000007,0,0,0.11458333333333333,44.51694444444444,23.933518005540165,6,288,12.033333333333333,27,261,0.24814752471177176,0.054974680264064026,0.1041061557463907,0.0401837166251233,0.4474120773473498,0.8162593183361011,44.516944444444434,0.5069444444444444,0.35206522766670156,55.79421138926111,0,0.3244143218163438,68.82785901133204
2a8f8d08-1ea1-47f1-beec-73216f63f79a,91.896,32.288963095425935,0.35136418446315326,0.0,0.0,27.636363636363637,76.58,153.16,789.9749999999999,270.51865405348497,0.14238530755192677,10.315682945938885,-9.315682945938883,363.5499999999999,131.55371428571425,0.3424395127105098,-3749.531419141915,-8560.739999999998,153.16,77,153,0.9801980198019802,-28.253267326732672,25.462184873949578,8,303,11.9,12,291,0.5527552885870983,0.09306172194654826,5.34227822756159,1.8125598502655174,7.800655088360754,1.0260620384663033,28.253267326732672,0.24422442244224424,0.2816966781649209,-330.01703362566013,1,0.6631294020709272,31.277424942992177
2aa6e81f-85c5-4065-aefe-305831913bf2,806.8991666666666,249.95129883669642,0.3097676998096992,-378.11,18.327142857142846,11.35483870967742,509.89,1462.27,1074.8846153846155,296.0055552016827,0.21061938669624647,1.443127445705215,-0.443127445705215,56.76999999999987,54.03314285714282,0.2753835630029609,-2262.3251948051943,-4401.659999999999,-223.47,79,148,1.0,-13.930876623376623,25.738161559888578,7,308,11.966666666666667,32,276,0.2769491024797604,0.054711503605882186,0.48337101186744724,0.17918285948574736,0.9942144774388373,1.1248590744915614,13.930876623376623,0.5746753246753247,0.27899237843060076,27.4741999174412,1,0.8265803111263981,18.44989692083689
2ad01b5c-a366-4817-b936-10093af77ebb,6666.604999999999,2274.1970810974635,0.3411327176422578,-114.55999999999995,-35.90371428571429,13.826086956521738,5397.1,11122.22,3720.843846153846,1241.4064857621406,0.26260048123905727,0.7255712615341692,0.2744287384658308,58.64499999999998,-332.75885714285715,0.3336357388513778,11705.131692307701,-3613.94,21926.14000000001,0,0,0.015384615384615385,56.29255384615383,27.083333333333332,7,325,12.0,24,301,0.3252576086328799,0.05288283916626229,0.0667699676222005,0.030172329094044114,0.47508274451538685,1.0224705507170488,56.292553846153865,0.31384615384615383,0.21991124015085903,54.07045323233795,0,0.3245421608180309,70.28010288532849
2af55a65-5f2f-4e7e-b99c-ce5166d60cfc,3012.7024999999994,670.4454350535106,0.2225395421730193,-605.715,-58.95657142857139,11.433333333333334,1787.7,4554.43,2411.989230769231,1037.8302010642326,0.2703494657776887,0.8673237179354195,0.13267628206458043,-265.1099999999997,-175.7477142857143,0.4302797822746696,1165.6729283489092,-2411.0200000000004,5563.3099999999995,0,18,0.2803738317757009,14.94258566978193,26.82451253481894,7,321,11.966666666666667,31,290,0.2921928069565448,0.05622277672621176,0.13598173068864253,0.05148976154576609,0.5358870759171651,0.5171973012456368,14.94258566978193,0.9127725856697819,0.17952019176000913,50.02526937189925,0,0.4353861145102399,58.39273673913546
2b35dc4d-1827-4396-9c68-1271a575b755,229.512,80.64229670450723,0.35136418446315326,0.0,0.0,27.636363636363637,191.26,382.52,797.196153846154,265.82474745398395,0.11578175432163688,4.515471957893269,-3.515471957893269,74.89499999999998,40.39914285714284,0.3334496110793879,-3675.2483150183134,-8068.429999999996,279.08,73,138,0.9560439560439561,-29.554688644688646,22.75,6,273,12.0,12,261,0.5408344661717035,0.0889452403360173,2.1819076998152602,0.785754121788839,3.59744152811182,1.0537249790928689,29.554688644688646,0.30036630036630035,0.2560107299139774,-97.82879607121312,1,0.7046140014371508,27.37147668130244
2b35ea4c-480d-4347-ad59-316bd97927b7,3854.0189999999993,1336.2043138303698,0.3467041324472894,15.240000000000009,21.29971428571428,13.826086956521738,3129.17,6438.07,2426.0884615384616,1109.1524310770376,0.2507781598426083,0.8183444347316399,0.18165556526836013,-326.82500000000005,-7.333428571428495,0.45717724174562374,4910.217531645575,-1030.75,9661.310000000014,0,0,0.0189873417721519,22.155189873417715,26.26038781163435,6,316,12.033333333333333,24,292,0.3209377016563748,0.052987543652483295,0.11751706465380685,0.04121360065946743,0.5326559106221324,0.7583582488128264,22.155189873417722,0.6582278481012658,0.2936620042074691,47.72155380240325,0,0.2622718913069296,76.15331352433616
2b3dbe2d-b4a3-4a4f-af4c-37d593e562c7,1834.5441666666666,284.4036697902323,0.15502688621936456,157.75,3.593428571428571,11.290322580645162,1297.67,2197.5299999999997,1926.6883333333335,645.2146461708174,0.21842617686825322,1.050227281708944,-0.05022728170894403,-396.515,-80.16485714285716,0.33488272857008566,-1370.7288338192425,-2738.560000000001,465.62,87,167,0.967930029154519,-3.2237026239067017,28.662952646239553,6,343,11.966666666666667,32,311,0.319049282451181,0.053183965317451704,0.22551787387693492,0.09208191135581818,0.6898330330013858,0.46292887925666754,3.2237026239067017,1.0,0.275017668486427,46.64244757365958,0,0.5603340613853122,44.26418416902717
2b3f8fc1-5e6d-4957-ae26-2520a84b2ba4,10402.976666666667,3948.2589216383676,0.3795316521558125,2123.6449999999995,148.95285714285714,9.61111111111111,3593.06,18599.35,6675.441538461538,2716.8343682272516,0.3440017911808541,0.6951595264560497,0.3048404735439503,215.5749999999996,-989.5997142857146,0.4069894631798977,14472.487811550152,-6257.24,39708.05,0,0,0.1094224924012158,115.66863221884498,27.493036211699163,8,329,11.966666666666667,37,292,0.29663048364682804,0.0604837301374959,0.037514262744669555,0.013220254587388932,0.4078487311163825,0.9325343442320317,115.66863221884498,0.3829787234042553,0.17527679528890858,52.66788011348568,0,0.49390522514960755,53.880516275928244
2bbed643-2466-4f75-96cb-1fc2e9b90451,3453.4339999999997,1260.4569236431682,0.36498653909215245,20.565000000000055,15.803714285714276,13.826086956521738,2771.13,5849.72,2495.8441666666663,1110.5738793766886,0.24431880596177716,0.8672564757282171,0.13274352427178288,-182.53499999999985,20.018285714285835,0.44496923894888823,3969.3690066225163,-82.79999999999973,7610.810000000002,0,0,0.006622516556291391,15.179503311258275,25.3781512605042,8,302,11.9,24,278,0.34195180796853214,0.056271236108754355,0.14841575081498587,0.054933726835376034,0.6015725217276484,0.8202511705176028,15.179503311258273,0.8211920529801324,0.26483223945939466,45.460760019128976,0,0.3875646235713414,62.92507502241727
2be8d349-add7-466a-8131-bb4856c7d732,4467.01,1586.8278655985343,0.3552326647127574,-383.71500000000015,-116.9071428571429,14.458333333333334,3056.22,7638.04,3257.1425,1135.0759244459455,0.30593022360346017,0.7954417750657294,0.20455822493427053,-515.5449999999998,-119.52771428571427,0.3484882606290469,5605.197614379085,-128.9600000000005,10705.32,0,0,0.0032679738562091504,32.847712418300645,25.64245810055866,7,306,11.933333333333334,25,281,0.3140380050841411,0.051786928453871214,0.09886987655562161,0.03564332538075601,0.50033813547439,1.0193533178751455,32.847712418300645,0.6470588235294118,0.24060865211352178,50.555583843407156,0,0.2403627362373816,77.64129705779857
2bed8a98-5288-465d-9483-6342a5662fc7,637.295,226.13282685920092,0.3548322627028314,2.4149999999999636,2.702000000000008,13.826086956521738,514.51,1075.23,1065.3483333333331,214.69632540503395,0.160357566930378,2.006006637428506,-1.0060066374285062,211.95,11.485714285714298,0.2015268796950925,-2685.5585303514363,-6411.229999999995,540.02,76,145,0.9456869009584664,-20.483162939297124,26.15598885793872,6,313,11.966666666666667,24,289,0.3109140978667649,0.05542488172667289,0.7428255360547312,0.2754909421853302,1.3846554578334993,1.7607192809201826,20.483162939297124,0.3961661341853035,0.2811451340641324,5.0842290278729605,1,0.7501694244517997,21.98577409792598
2c5c18d5-701f-43aa-bc65-dc9ad43e044a,106.71600000000001,37.496180309169866,0.35136418446315326,0.0,0.0,27.636363636363637,88.93,177.86,778.0607692307693,252.8211427558205,0.07077062400702337,9.478231942726486,-8.478231942726488,38.954999999999984,-0.4040000000000126,0.32493752770207446,-4320.652339743592,-9047.630000000003,139.68,74,154,0.9775641025641025,-28.998814102564104,26.0,6,312,12.0,12,300,0.429326436523108,0.09133588215450353,4.708731586641178,1.873683421417594,7.103077326736383,1.081328423183267,28.998814102564104,0.23717948717948717,0.19907580879088937,-296.16895379699565,1,0.7095042962160264,28.37153715263873
2cc6e49d-f6b9-48c0-8553-ffb1fbc1e894,1292.7350000000001,450.6687256424859,0.3486164802859719,30.625000000000114,0.7960000000000036,13.826086956521738,1044.1799999999998,2166.8,1146.9384615384615,297.397975302628,0.1795053050931577,1.1533841042441029,-0.15338410424410281,-68.70000000000016,14.841428571428546,0.2592972380608016,-115.29457725947526,-1982.85,844.4300000000001,77,115,0.5889212827988338,-5.780903790087462,28.662952646239553,8,343,11.966666666666667,24,319,0.3063644134335344,0.05396233566817638,0.33999234181792876,0.13979585916680526,0.8401149500864448,1.3444666163556518,5.780903790087464,0.7784256559766763,0.2353462730211533,38.2201966604407,0,0.6484435442741523,31.989135895508248
2cc78c40-d2bb-415e-b384-45ff76f2a45e,4176.3099999999995,1439.971268440219,0.34479511062162993,-13.450000000000045,-19.24914285714289,13.826086956521738,3398.3599999999997,6979.21,2845.2992307692307,961.4155280233199,0.29451383915548696,0.8856835340288435,0.1143164659711565,109.21499999999992,-264.0008571428571,0.3378961051359789,4172.847138554214,-2361.8,8151.279999999993,0,0,0.015060240963855422,14.380150602409639,27.666666666666668,6,332,12.0,24,308,0.3393138919285206,0.05380156166568093,0.11623059590882859,0.04386168651273492,0.5532077360157649,1.020417534800748,14.38015060240964,0.891566265060241,0.3256358868838724,47.47088321747779,0,0.3084100293054893,72.0050184887017
2d2c19da-152d-4f7e-817d-86bb93fd73dd,97.88399999999999,34.39293183199129,0.35136418446315326,0.0,0.0,27.636363636363637,81.57,163.14,702.2876923076923,271.19473729388153,0.11560132051953285,9.327101467042624,-8.327101467042624,222.44999999999987,99.68542857142855,0.38615903462973317,-3737.5300337837825,-8150.900000000001,124.53999999999999,72,139,0.9797297297297297,-27.53682432432432,24.598337950138504,6,296,12.033333333333333,12,284,0.4732131911241881,0.09129173307179929,4.7726288259572565,1.8793776306648693,7.216511380818113,0.9098950249864209,27.53682432432432,0.2702702702702703,0.2495591331187964,-291.34816490819424,1,0.7968591048817739,19.5672366570305
2d732306-3955-4307-8f40-ee9dcee6fa1f,11398.975999999999,3900.286481450077,0.3421611275828704,-167.71999999999935,-6.443142857142916,13.826086956521738,9290.52,19056.4,6133.938461538462,2250.3588683616895,0.34415509172171976,0.6995470470329965,0.3004529529670034,-1775.655,-1008.9259999999999,0.36687014101495785,20614.655156794433,-2885.93,37713.720000000016,0,0,0.003484320557491289,119.33296167247386,23.916666666666668,6,287,12.0,24,263,0.3038093948087968,0.055023714410838295,0.04281191573699252,0.016930994503365916,0.41857601945999356,0.9326491565551527,119.33296167247386,0.3693379790940767,0.3345127738233185,54.41588147089487,0,0.22520574119537468,80.53270779713294
2dba05c9-cc4b-4528-8818-38e633ac536c,4064.205,1151.9868264516665,0.28344702751255574,-429.3800000000001,263.52457142857145,12.884615384615385,2116.31,6158.26,2595.1076923076926,1008.2548480266441,0.2410781826158096,0.6917384006630243,0.3082615993369758,-758.8400000000001,-346.18428571428575,0.38852139008152536,4734.848853503186,-4338.909999999999,15063.150000000001,0,0,0.10191082802547771,47.879171974522286,26.166666666666668,6,314,12.0,27,287,0.25266934123647794,0.05543006975944044,0.09428248164975273,0.03665292474173915,0.4390348173874103,0.7295532105789044,47.879171974522286,0.3535031847133758,0.28304175904957257,56.056625346471854,0,0.3203840786719717,68.69027204825588
2de74510-427f-4779-9366-fa0baaf558f0,3880.4660000000003,1381.745302460302,0.35607715734664386,7.5300000000002,7.81771428571436,13.826086956521738,3147.71,6547.35,2679.2883333333334,1131.2783688523941,0.1943613136075314,0.8285463653076717,0.17145363469232838,-1077.88,-290.36657142857143,0.42223091661245643,4941.86177852349,374.71000000000055,8828.419999999998,0,0,0.0,22.3261744966443,25.1123595505618,9,298,11.866666666666667,24,274,0.3492972235808792,0.055067355312480505,0.13151281315182245,0.04773138071561508,0.5836087727607973,0.8433232701277258,22.326174496644295,0.6677852348993288,0.2907712433587775,47.731212335044695,0,0.25130099943554746,74.9303194008224
2e54dd82-d240-4a06-a4b8-804ddf4ee84d,2421.1116666666667,870.2332658528803,0.35943541053230244,-469.42999999999995,-109.42200000000001,11.266666666666667,823.45,3787.76,2223.4325,680.2819734776427,0.23968646076130787,0.9183519003322855,0.08164809966771443,-559.5049999999999,-246.43657142857128,0.3059602544613532,837.6956000000016,-1779.6399999999999,3068.9900000000025,0,7,0.20615384615384616,7.298923076923082,27.158774373259053,6,325,11.966666666666667,31,294,0.35223901967897664,0.05492965696887175,0.15426522389508404,0.07436322295474462,0.635797123497677,1.1747781134680153,7.298923076923084,0.92,0.2699144978166266,46.36365658151244,0,0.6523755124248699,35.0339818756698
2e93bd1b-bcf2-4c93-85b9-18be261840c2,2425.048,843.4485098793986,0.3478069340810568,-34.559999999999945,6.518000000000029,13.826086956521738,1946.6100000000001,4043.34,1602.9130769230771,609.8020354096432,0.19531698777274262,0.859276599885858,0.14072340011414194,-251.2349999999999,-22.09857142857138,0.38043362686903026,2818.8119528619522,-570.84,5313.489999999997,0,0,0.006734006734006734,11.490269360269359,24.818941504178273,7,297,11.966666666666667,24,273,0.2824719345761404,0.05429212122811589,0.19717547858846507,0.06366513157677704,0.5976046659694983,0.9142381469890261,11.49026936026936,0.8148148148148148,0.18189958954538057,47.58605544475337,0,0.2912602757763917,73.43027365365214
2ec40994-44dd-4111-ae35-abdc3c138f13,2769.3329999999996,963.5710513622405,0.34794336808258186,-7.529999999999745,-5.038285714285719,13.826086956521738,2250.53,4643.38,1876.9753846153844,730.3165642675713,0.21113018161788927,0.881103139275775,0.11889686072422498,-346.62,-205.4099999999999,0.38909224396526765,2594.3466211604095,-808.6,5383.929999999999,0,0,0.010238907849829351,11.237713310580203,24.416666666666668,7,293,12.0,24,269,0.35038039845695695,0.055240738473849124,0.1768642485392692,0.06662398490900155,0.6491093703790768,0.8942439061150781,11.237713310580203,0.8361774744027304,0.25057539380050065,46.53572850718619,0,0.36759681399643607,62.52142939918833
2ef70b15-fdb1-40f6-af8d-467af8851bb9,4037.181818181818,1395.2418937074544,0.34559798308410455,-215.7249999999999,-29.451428571428604,14.458333333333334,3142.17,6878.46,2517.342307692308,1120.138587118828,0.2306739861483952,0.736910310973001,0.26308968902699903,-72.56999999999982,-264.61542857142854,0.44496872105791546,6092.7610122699425,-2272.8,12377.120000000006,0,0,0.009202453987730062,35.83911042944784,27.318435754189945,8,326,11.933333333333334,25,301,0.30707289063027765,0.05158639014614155,0.10614289896192212,0.04666306379337521,0.5114652435317164,0.7766792736856729,35.83911042944786,0.39570552147239263,0.1905021932471517,51.25627364739852,0,0.1872525109485214,86.3278294689666
2f53e648-f859-4658-a256-b9caa67169c1,2978.619166666667,864.7867549597344,0.2903314276082853,-284.23,268.25,11.1,1302.41,4798.3099999999995,2490.6058333333335,893.4758997355963,0.23156648298757296,0.8361612189988481,0.16383878100115187,-71.52999999999997,-164.82000000000002,0.3587383791436004,1799.6422157434406,-2748.08,6880.660000000001,0,0,0.18950437317784258,17.073352769679303,28.662952646239553,6,343,11.966666666666667,31,312,0.32413677142904296,0.05464360862961388,0.12715371748038728,0.05477034520749686,0.560704442746541,0.8093124251198885,17.0733527696793,0.7434402332361516,0.2782087490761116,50.66884082892551,0,0.38583193547199635,60.51280440105494
2fb04c35-29f8-46b9-b052-4520b8d63a1c,3300.0299999999993,1055.428800070465,0.3198240016213384,-994.77,-421.5748571428572,13.074074074074074,844.41,4714.99,2742.9149999999995,767.811279008538,0.28017820457433057,0.8311788074653866,0.16882119253461342,-523.4199999999998,-56.711714285714294,0.2799252907977601,2504.570028328613,-3152.3599999999997,7698.179999999999,0,0,0.24079320113314448,18.93875354107649,29.581005586592177,6,353,11.933333333333334,28,325,0.2949245915946218,0.05043211728378226,0.12254711825852085,0.04543393039861253,0.5133377575355375,1.1425334263648377,18.938753541076494,0.7648725212464589,0.2407566402896189,51.559621836789184,0,0.5185925807060527,52.24187438933636
2fda3cc4-52ce-4a95-b5e0-ef77f908d93e,4949.200999999999,1761.4520360041977,0.3559063444794822,82.95000000000027,25.161714285714307,13.826086956521738,4001.58,8469.91,2691.643076923077,1246.9561489441971,0.2470987123678532,0.7070102830739751,0.29298971692602493,-669.2600000000001,-355.7520000000001,0.46326950242215686,9480.627904761908,-1141.08,16829.120000000006,0,0,0.0031746031746031746,46.03380952380953,26.25,6,315,12.0,24,291,0.2766701130142017,0.054801775074400906,0.09580516127754764,0.03566555490472099,0.46294260427087125,0.7682490270105469,46.03380952380954,0.3682539682539683,0.23020882869371181,51.77700829421339,0,0.2873334259919115,75.03283093356094
301b74bf-a1a7-49a8-b4f3-b9a4b8006040,2734.895,315.45897625523367,0.11534591867520826,-209.53500000000008,-21.264857142857167,7.0,2379.93,3220.76,2058.2815384615383,905.7284624161755,0.24283887305541665,0.8153164929549398,0.18468350704506017,-180.40499999999997,51.214285714285765,0.4400410952007867,2343.642987804878,-1602.1599999999999,6061.080000000002,0,0,0.125,18.478902439024385,27.333333333333332,6,328,12.0,52,276,0.31219480089729224,0.04944522550225877,0.14871990819879133,0.0476511285929929,0.5580110631913352,0.26212533314093533,18.47890243902439,0.6951219512195121,0.34260320222321383,55.12614081753042,0,0.3703540590286178,63.78266824647157
30b5db37-e4ff-4691-89db-1c587569950b,1834.1259999999997,648.759344050884,0.3537157992694526,-28.82000000000005,3.279142857142837,13.826086956521738,1476.4,3079.36,1649.4516666666668,446.993032197744,0.21697261008961566,1.0791744951001183,-0.07917449510011831,-278.985,-75.25371428571427,0.2709949259083538,221.15723723723733,-1452.1599999999999,1525.02,32,41,0.2882882882882883,-4.360840840840838,28.06179775280899,9,333,11.866666666666667,24,309,0.3201503059222758,0.056153721172918315,0.26969848309221933,0.08530329977329801,0.7313058099607115,1.305248790485006,4.36084084084084,0.963963963963964,0.31364867718666106,40.80164769974461,0,0.6017500735259287,36.98185091072688
30baa2e9-9415-4edf-afc1-939751aae216,5953.26,2128.479942958772,0.3575318301164021,92.81999999999971,-26.591714285714364,13.826086956521738,4773.27,10005.369999999999,3526.424166666667,1450.0272259792437,0.22731619778203085,0.7108221377866916,0.2891778622133084,1.1299999999998818,-461.319142857143,0.4111891132341785,10635.136272401436,264.3800000000003,19861.400000000005,0,0,0.0,61.70433691756272,23.314763231197773,6,279,11.966666666666667,24,255,0.34074439886717534,0.05348262968524808,0.08390478494135986,0.03067596577337459,0.5088077792671578,0.8695070433753975,61.704336917562735,0.32616487455197135,0.3241510699341566,52.61737732035671,0,0.23739021930470627,79.5021468542852
30f4e511-ddfa-4c4d-8f66-5cbd453d4428,1695.984,584.7046866239401,0.3447583742676465,-2.2799999999999727,4.800857142857142,13.826086956521738,1386.75,2824.59,1458.3484615384614,391.31607162765823,0.23051839989703846,1.117848399513203,-0.11784839951320288,10.875000000000114,7.304571428571398,0.2683282370078037,-156.71927215189905,-1998.690000000001,1186.54,71,124,0.620253164556962,-6.324968354430381,26.333333333333332,6,316,12.0,24,292,0.3134322021905867,0.0539798724516269,0.2892391673506354,0.11649756129774808,0.7731488032905971,1.2848382194588785,6.32496835443038,0.9588607594936709,0.25007846072453926,39.576748051286415,1,0.7181920731926406,29.904457796054533
31763faa-254e-41d7-ab56-9b79949361d9,118.476,41.628223118456546,0.35136418446315326,0.0,0.0,27.636363636363637,98.73,197.46,652.343076923077,252.07948020365242,0.10917686068916074,7.15795604172997,-6.15795604172997,130.74000000000007,19.489428571428597,0.3864216378176987,-3454.0058657243844,-7295.700000000008,148.43,74,142,0.9752650176678446,-25.779858657243818,23.518005540166204,6,283,12.033333333333333,12,271,0.4966069077281474,0.09126742969040143,4.182197238259225,1.1636787197407068,5.9337502954184815,0.9092766814184343,25.779858657243814,0.26501766784452296,0.23043561316249359,-204.5875999594474,1,0.7534713553897505,21.200663779058072
31ab0b15-ed4c-4120-97db-48f975124b47,4206.227272727273,1429.8271198301627,0.33993101825500693,915.4250000000002,299.92371428571437,14.458333333333334,3306.29,6858.53,2793.49,1070.637758993124,0.3072402263834844,0.7245076023644595,0.27549239763554045,-937.44,-103.3545714285714,0.3832617116915128,5615.829324324326,293.9400000000003,13460.880000000003,0,0,0.0,43.0629054054054,24.804469273743017,7,296,11.933333333333334,25,271,0.25047797097377267,0.048220279455785255,0.10061013432464852,0.03654603023655403,0.4358544149907605,0.8869422848286428,43.06290540540541,0.46959459459459457,0.2273127282837359,53.15653112394115,0,0.2192356041474229,83.36015025824585
323415ff-830b-4873-b288-b331f44baf8f,84.40800000000002,29.65794808216584,0.3513641844631532,0.0,0.0,27.636363636363637,70.34,140.68,770.48,152.21303301025773,0.09126886270030803,10.953653682115437,-9.953653682115437,213.58999999999997,56.853999999999985,0.19755611178779167,-4059.567953020134,-8401.680000000002,140.68,73,146,0.9865771812080537,-28.193557046979866,25.04201680672269,8,298,11.9,12,286,0.4651691782769406,0.089410956307459,5.301179982940005,2.3318879727040085,8.187648090228414,1.7785538563371663,28.193557046979866,0.2550335570469799,0.299566503997508,-352.63819505426795,1,0.7531093754298991,23.95215401538041
32415c4e-b9c1-4655-a55a-13804936badd,116.508,40.93673840343306,0.35136418446315326,0.0,0.0,27.636363636363637,97.09,194.18,740.8146153846154,277.8447452150027,0.12742936829415435,8.266033233769356,-7.266033233769355,316.2500000000001,88.57799999999999,0.37505300171589023,-3995.8232881355934,-8465.51,144.32,79,157,0.9830508474576272,-28.696644067796605,24.720670391061454,8,295,11.933333333333334,12,283,0.5135441343083738,0.08859477460775227,3.8426974971675767,1.5508462938167338,5.995682699900437,0.9368387477386951,28.696644067796612,0.26440677966101694,0.21405542131894306,-248.6833149189866,1,0.7439215739383329,20.752569353994105
3256c126-2f30-4165-8ede-988c4db0a340,4408.967272727273,1497.206579307551,0.3395821485382489,819.685,209.88599999999997,14.458333333333334,3485.29,7385.71,2548.564166666667,979.2121680807611,0.18359782321876011,0.6305902598505855,0.3694097401494146,-91.53499999999997,-326.7920000000001,0.3842211159083736,8276.293109756098,252.92999999999984,18609.199999999997,0,0,0.0,54.62155487804879,27.409470752089135,6,328,11.966666666666667,25,303,0.2755747377658425,0.04891518607532088,0.09339705195857038,0.03657277812326283,0.4544597539229966,0.8838195884560133,54.62155487804879,0.24390243902439024,0.3514240207803283,56.90450283166165,0,0.271841160252737,74.56165190158265
328a0ca0-ff4a-4d8d-885a-b889468e38eb,3799.5919999999996,1376.5767102796867,0.3622959281627309,-19.27500000000009,10.074571428571446,13.826086956521738,3029.3599999999997,6503.0,2329.0458333333336,972.9597985477876,0.2320242016133216,0.7355671345765546,0.26443286542344535,-890.0449999999998,-261.71628571428573,0.4177503871425691,6412.728149350651,77.95999999999987,11990.680000000006,0,0,0.0,32.62133116883116,25.738161559888578,6,308,11.966666666666667,24,284,0.26288190942606476,0.05387288951024215,0.1255705875788769,0.0402656390475609,0.4825910255627448,0.8672545599319508,32.62133116883117,0.4383116883116883,0.19658622719246616,51.3534290292045,0,0.2618233931900428,75.83113610556948
32b6023a-f340-4ee3-9c86-5a3f27744913,1651.277,575.548319509318,0.34854740876867907,3.1949999999999363,-13.89714285714286,13.826086956521738,1340.17,2756.28,1443.9584615384615,510.2223011728344,0.24105370599836132,1.1367844401635825,-0.1367844401635824,-560.9749999999998,-109.13799999999998,0.35334970829369944,-222.20159235668805,-2258.6900000000005,1108.1699999999998,78,132,0.6719745222929936,-7.1932802547770684,26.312849162011172,8,314,11.933333333333334,24,290,0.3127397765486954,0.05497745078505908,0.26828085172869237,0.10909859460284374,0.7450966736652905,0.9864092161043224,7.1932802547770684,0.9522292993630573,0.23852806334723034,37.00520596452235,0,0.6581969494193053,32.31989539681691
32e18930-c237-408e-b756-49df02dd0bd0,596.8141666666667,68.37412568273753,0.11456518544896727,-72.49499999999995,-7.913142857142855,7.0,532.01,697.93,902.3061538461538,266.31714757466835,0.17533533731515313,1.637860473039486,-0.6378604730394859,174.49500000000012,18.223142857142893,0.2951516471870104,-2277.9238888888885,-4714.099999999998,-122.63,69,138,1.0,-14.9287908496732,25.429362880886426,6,306,12.033333333333333,52,254,0.304734723399383,0.0504986895697572,0.6530396815312416,0.24476072255880876,1.2530338170591904,0.38815702551840364,14.928790849673202,0.5163398692810458,0.28650602984830326,25.14559257121134,1,0.6723834662070534,31.637390496139737
3398fb18-0e9e-40ec-9990-7dcb982c16c5,3973.928999999999,1381.7726715543497,0.34770945116391105,39.87999999999988,-18.861999999999977,13.826086956521738,3226.19,6700.98,2036.578461538462,811.0605902134783,0.20823764745697163,0.6662303226856846,0.3337696773143154,-458.2650000000002,-208.0708571428572,0.3982466698586172,8594.782491103202,-832.35,15140.899999999998,0,0,0.0035587188612099642,47.20202846975089,23.35180055401662,6,281,12.033333333333333,24,257,0.2513431920902462,0.05500802857826599,0.12210107427686807,0.04178459152138853,0.4702368864667688,0.8731007123985557,47.20202846975088,0.3274021352313167,0.24708863130922448,54.95457016048294,0,0.25805331437139173,77.61306943533586
33e8aa6e-ce1e-4a18-b415-e95b1be600f3,833.7233333333334,110.85078130149337,0.13295871288416225,-110.77999999999997,-4.158857142857138,7.0,725.3199999999999,1014.14,1107.6107692307692,319.8162841502794,0.21759448959437291,1.4392204448318187,-0.4392204448318187,210.36,70.40742857142858,0.2887442890902825,-2150.881346704871,-4587.069999999998,-100.14000000000001,91,181,1.0,-12.591002865329514,29.002770083102494,6,349,12.033333333333333,52,297,0.24957919693583402,0.04997561141385831,0.4851559470167961,0.16171531723153565,0.9464260725980241,0.4604721821618078,12.591002865329514,0.6332378223495702,0.3074601324819744,32.667535038396736,0,0.5864908847158287,42.018490390151385
3451e736-7a22-486e-abfd-fe600f4a46f9,8366.846000000001,2869.8153769970795,0.3429984700324446,80.93499999999995,12.492857142857247,13.826086956521738,6871.62,13955.98,4449.706153846154,1839.6014548924202,0.35091703548963815,0.6913737864901541,0.30862621350984587,-1335.3250000000003,-139.14514285714296,0.4134208847256891,16288.850573248395,-1824.84,29824.239999999976,0,0,0.0031847133757961785,82.23656050955414,26.239554317548745,8,314,11.966666666666667,24,290,0.2617244299703855,0.05585689039812612,0.056125928456194844,0.022600392071277516,0.3963076408959839,0.8296592714710801,82.23656050955414,0.3503184713375796,0.25583919283866274,53.786676744906714,0,0.33917050111472025,72.47784379446475
346183d9-56b0-4a60-bb57-c274ebb74e16,1296.431,452.3454472819049,0.34891594483771593,-24.279999999999973,-2.3822857142857368,13.826086956521738,1044.6100000000001,2157.56,1294.3216666666667,268.7934858123453,0.1696583667377893,1.198047562886108,-0.198047562886108,-218.8449999999999,-62.63285714285712,0.20767131752076978,-461.6127508090612,-2567.5499999999993,1061.1100000000001,78,150,0.7928802588996764,-8.309223300970874,25.821727019498606,6,309,11.966666666666667,24,285,0.3016034019550597,0.05410314933845301,0.3737144514440027,0.14637956050109877,0.8758005632386141,1.6801354611852928,8.30922330097087,0.7184466019417476,0.30096974863281023,37.45719278900881,1,0.6880436965480117,26.02909126033529
347d411c-ca9b-46f0-bee0-466c8cbe73f0,194.94,68.4949341192471,0.3513641844631533,0.0,0.0,27.636363636363637,162.45,324.9,842.5723076923077,286.1364859105367,0.1315130223929651,5.618877603365138,-4.618877603365139,116.02999999999992,35.913714285714285,0.33959873033832083,-4191.674242424242,-9004.04,256.65999999999997,73,145,0.9629629629629629,-30.316632996633,24.818941504178273,7,297,11.966666666666667,12,285,0.42006771314250535,0.0918692931158305,2.6656099312609007,0.9862162716733353,4.163763209192572,1.0346451652310693,30.316632996633,0.28619528619528617,0.2704803239895412,-142.08800427526657,1,0.7685523114134054,22.3544678042922
3480962f-38f6-4fe0-bd6f-4e404536d996,2146.1974999999998,245.2125431733569,0.11425441655456076,-159.79499999999985,-17.971142857142826,7.0,1884.3600000000001,2573.04,1700.0238461538465,601.0495351541123,0.19923838172405722,0.8581188357548639,0.14188116424513603,47.02999999999986,13.60771428571431,0.3535535907416438,1373.9087569060764,-1167.7300000000005,3999.709999999998,0,0,0.11602209944751381,10.094088397790056,30.166666666666668,6,362,12.0,52,310,0.2769036866364814,0.05211348598315546,0.19306742894506831,0.06793876146067637,0.5900233630253815,0.3231601079623914,10.094088397790056,0.8066298342541437,0.32897683335663613,55.176542258335736,0,0.24448614913814148,79.25486491398254
349ca977-736b-43f8-bb34-a38878dbc688,4647.612,1623.1500818867275,0.3492438873741456,33.5,8.433142857142865,13.826086956521738,3824.14,7800.27,2633.6200000000003,957.9466027307227,0.28401883806611905,0.7366591703438238,0.2633408296561762,-1082.0599999999997,-227.19800000000004,0.36373759415964435,8199.744312500006,-1061.47,14816.620000000015,0,0,0.003125,38.247062500000006,26.59279778393352,6,320,12.033333333333333,24,296,0.27406848936615186,0.055909357321566426,0.09684414275546238,0.03579946002377135,0.462621449466952,0.9601533989936232,38.2470625,0.43125,0.24809256402272858,52.78156468182979,0,0.21792227977093984,79.58228783563078
34beadcf-b9ef-4c1b-a74e-5202c949eb36,2088.0783333333334,301.58169177712284,0.1444302576980858,112.0150000000001,46.903428571428535,9.942857142857143,1468.35,2681.24,1624.2084615384615,661.3442236189127,0.186703014154587,0.8426691367740833,0.15733086322591677,-639.885,-131.16571428571416,0.40717939801426895,925.3375324675333,-1797.2099999999998,4190.74,0,14,0.22077922077922077,12.799448051948051,25.666666666666668,6,308,12.0,36,272,0.30874320647293724,0.05491771940228936,0.18906538467985312,0.0771610579743576,0.6298873685294374,0.3547091488480084,12.799448051948046,0.698051948051948,0.3013088979199809,53.81673883780872,0,0.30055040314760306,71.55453117590999
35459cd3-9d95-4e0c-a47f-a3b312c2c982,2293.28,290.0164543294366,0.12646360423909708,-308.5149999999999,-13.302285714285686,7.0,1996.03,2723.1,1684.417692307692,576.5981922904061,0.1998188828552026,0.7957100019767902,0.20428999802320985,-452.75499999999994,-79.67342857142857,0.34231307051901894,1811.33037037037,-1294.53,5621.9299999999985,0,0,0.11419753086419752,17.351635802469136,26.925207756232687,6,324,12.033333333333333,52,272,0.2624494174283123,0.05124537779948371,0.17817274820344658,0.056277108188562526,0.5481446516198051,0.36943843262353826,17.351635802469136,0.7253086419753086,0.2940235452288236,57.5314303833751,0,0.2256451648557096,79.02326479069778
354f7369-068b-475c-ab07-a8734cc6ccab,4214.626363636363,1580.6382591995723,0.37503639061276217,-646.8899999999999,-189.2442857142857,14.458333333333334,2423.03,7336.44,2810.9200000000005,1051.8481197310848,0.311915078811682,0.7275753334329863,0.2724246665670137,160.49,-359.8962857142858,0.37420066018637477,7203.652777777777,666.5799999999996,13411.849999999999,0,0,0.0,38.981018518518525,27.22689075630252,8,324,11.9,25,299,0.2516949092219757,0.05075096703277267,0.09685599219514553,0.042334605742038164,0.44163647419193197,1.0022333750720032,38.98101851851851,0.46296296296296297,0.24010080922497498,52.161881740570195,0,0.2860268918777845,72.85719717789064
356f729c-6c6d-4a3e-ad24-83903efe77db,746.5516666666667,82.16957231939031,0.11006548640668805,-96.555,-15.149714285714301,7.0,646.73,874.29,945.7746153846152,284.4725898516816,0.18096602947360205,1.372429012504158,-0.3724290125041581,29.220000000000027,80.70714285714287,0.3007826444316187,-1721.411838709677,-3507.4499999999994,-70.22000000000003,86,158,1.0,-10.76274193548387,25.761772853185597,6,310,12.033333333333333,52,258,0.27972611853164886,0.04994630869486596,0.5124003473749306,0.21288881546488186,1.0549615900663274,0.36593031028993045,10.762741935483872,0.6483870967741936,0.2609834673572416,35.78522201900066,0,0.5687837396467621,39.79334026224059
358f079e-1956-4383-bf88-290d9c0a6773,2206.6675,254.33653925905477,0.11525820689299805,-294.6899999999998,-35.71885714285717,7.0,1993.69,2583.0699999999997,2050.518333333333,540.6599505458513,0.2600614803899177,0.9292375644873246,0.07076243551267532,-455.39999999999986,-72.88771428571431,0.2636698934883219,287.3947293447293,-1353.6000000000004,1991.3400000000001,0,11,0.33048433048433046,5.338433048433052,29.331476323119777,6,351,11.966666666666667,52,299,0.28035034729971786,0.04980964886342566,0.1968681280709486,0.07735268982149175,0.6043808140555839,0.43713070676422483,5.338433048433053,0.9316239316239316,0.16200984954210765,54.09935334395063,0,0.4423434659350071,56.258640248004816
35db0432-800e-4232-b878-cac9ee09c9c3,2171.629,742.9289470355382,0.3421067535179988,-20.170000000000073,-5.703714285714315,13.826086956521738,1786.54,3618.03,1652.8983333333335,583.3772360197651,0.22785178358418898,0.9133595103030949,0.08664048969690503,-14.004999999999995,-152.43400000000003,0.35294199543615706,1774.3409342560547,-179.79999999999984,3567.939999999997,0,0,0.01384083044982699,6.510415224913492,24.217877094972067,7,289,11.933333333333334,24,265,0.2633654275200782,0.05428551561984114,0.22453466959595766,0.09752724797836096,0.6397128607142379,0.9693002191343981,6.510415224913494,0.9896193771626297,0.280344929462288,46.143577073613095,0,0.48842123894540596,52.557270694393225
36b6bc1c-e16d-4c7e-ae97-6353f8c8fc91,302.3533333333333,32.83236937517423,0.10858940767482053,-28.53,-1.3357142857142923,7.0,273.96000000000004,360.9,777.5116666666667,177.68146364841328,0.1332616659557091,2.5715333054042735,-1.5715333054042737,260.8299999999999,82.44742857142857,0.22852578458425699,-2681.1870158730167,-5772.080000000004,-75.1,85,167,1.0,-18.10126984126984,26.323119777158773,6,315,11.966666666666667,52,263,0.24838489184838933,0.04983132317597513,1.3890646704738387,0.44641203448503963,2.133692919983243,0.47517354714423415,18.10126984126984,0.44761904761904764,0.27199377501302235,-10.689530138100704,0,0.6169303672362938,39.84286978205039
3755483e-c550-4df5-aeef-3035b2ad41ff,1122.687,403.99731586154553,0.3598485738781562,-2.295000000000016,-5.182857142857152,13.826086956521738,909.65,1891.36,1149.6315384615386,403.7582552065479,0.213986956355916,1.3312000584312462,-0.3312000584312461,52.81000000000006,105.68714285714287,0.3512066620465769,-995.4355214723922,-3718.339999999999,725.33,83,151,0.8926380368098159,-11.405950920245399,27.09141274238227,6,326,12.033333333333333,24,302,0.26620064185298314,0.05255516452938354,0.4090641469973377,0.1785849484317535,0.9064049018114579,1.0246063436872768,11.405950920245397,0.647239263803681,0.3636857561720443,28.932407205473933,1,0.7522814472810859,21.7063394338149
378652bd-dcda-4cc9-977b-dee24c2231b4,276.996,97.32647363955562,0.3513641844631533,0.0,0.0,27.636363636363637,230.83,461.66,798.0438461538462,187.462559441366,0.11061663278574439,3.7453862149633927,-2.7453862149633927,-16.514999999999986,33.162,0.23490258128652639,-3420.1310000000003,-7604.609999999994,198.34000000000003,72,130,0.9629629629629629,-28.165222222222223,22.6890756302521,10,270,11.9,12,258,0.5703764675302171,0.09125041516845009,1.724613351817355,0.684175944778986,3.070416179295008,1.4957868174065356,28.165222222222223,0.3296296296296296,0.2718416281349492,-65.05442575816085,1,0.7750258746593952,18.278133089583147
378671d5-7a00-4cc8-8223-94cb4c9c7012,3001.1359999999995,1017.6925995734993,0.3391024597264167,-12.7349999999999,2.6442857142857066,13.826086956521738,2453.52,4992.43,1831.9815384615385,745.8226930583229,0.2099664255938085,0.7935581726386275,0.20644182736137257,168.86500000000012,-149.14542857142848,0.40711255948826314,4910.741337579617,-1349.42,8544.939999999997,0,0,0.009554140127388535,19.731210191082805,26.166666666666668,6,314,12.0,24,290,0.2697818426089321,0.05604910940390572,0.15370546353114287,0.058698772731392374,0.5382351882753731,0.8329452182773862,19.731210191082802,0.5987261146496815,0.1924738072604024,49.942348112897136,0,0.2204208483209249,82.36775043987058
37b60a12-9314-4c4d-af3c-4381f84aa1da,3706.6829999999995,1334.506035489037,0.3600270202466834,-7.904999999999745,3.4400000000000808,13.826086956521738,2955.25,6267.6,2474.955833333333,1035.2397337679663,0.23019434353542334,0.801241163595592,0.19875883640440795,-1043.04,-228.35971428571435,0.4182861446758342,5338.837015873015,-77.32000000000035,9647.669999999996,0,0,0.0031746031746031746,23.388444444444435,26.396648044692736,7,315,11.933333333333334,24,291,0.3294697712213319,0.05246226882633341,0.12071925222631663,0.04958854048215076,0.5522398327561326,0.8607194496621428,23.388444444444435,0.6253968253968254,0.22036588531714538,48.78381995525913,0,0.2563132180858956,78.85665513493527
3823ef32-64cd-4247-90cf-b107f3934933,1900.2766666666666,203.45120609277808,0.10706399213418646,-195.53499999999997,-13.450571428571388,7.0,1704.55,2237.94,1634.926153846154,533.2712316532501,0.2769576983952228,0.9320590159678503,0.06794098403214967,71.10500000000002,-8.840000000000016,0.3261745066581342,549.1318296529971,-1058.61,1670.7700000000002,0,0,0.15141955835962145,4.887318611987384,26.343490304709142,6,317,12.033333333333333,52,265,0.25042142986196747,0.051099576728300976,0.20476886698954366,0.07698352696010934,0.5832734005399215,0.32824144728883115,4.887318611987384,1.0,0.2899956902311279,52.982229464097706,0,0.4112482585375042,59.2209603019532
3962d729-e035-42f1-a61f-b49867ce1605,41.016,14.411553389940694,0.35136418446315326,0.0,0.0,27.636363636363637,34.18,68.36,693.2384615384616,238.51324836879792,0.055788329024311765,21.972157206943628,-20.972157206943628,123.64499999999998,23.341714285714314,0.3440565715864641,-4278.265794701984,-8601.939999999995,50.59,71,151,0.9801324503311258,-28.483245033112585,25.307262569832403,8,302,11.933333333333334,12,290,0.5198946752486835,0.09101326311683246,11.829456797347376,4.651233664911254,17.091598400624147,1.0212395677925679,28.483245033112585,0.1986754966887417,0.24063092952807902,-796.308345243369,1,0.7265187412187104,23.917113124611774
39873742-994d-44e0-a3ef-50b486c8afd3,1918.7059999999997,663.9070113134152,0.34601810351008194,-5.005000000000109,6.304857142857125,13.826086956521738,1545.9299999999998,3199.9700000000003,1489.2361538461535,326.5816212816857,0.261796057555577,1.0090170145921262,-0.00901701459212626,-14.134999999999991,-54.484857142857166,0.21929471725370392,772.5600964630231,-1065.5799999999997,2012.1700000000012,3,3,0.1157556270096463,-0.5563022508038585,25.844875346260388,6,311,12.033333333333333,24,287,0.2721146439319,0.051952201118879084,0.24135589298204105,0.09683192735103764,0.6622546653838577,1.5778679388330668,0.5563022508038555,1.0,0.30270293444186924,44.87288196593842,0,0.6316163119452406,36.87553794092223
398d4154-3d37-44cf-bd10-fa115f8c753c,3686.1510000000003,1309.899228426455,0.3553569098027875,46.2800000000002,13.819142857142937,13.826086956521738,2937.29,6270.39,2480.9091666666664,977.8428587313862,0.2645209703028896,0.807642172010859,0.19235782798914103,147.72000000000003,-177.3514285714285,0.3941469812235043,5040.060805369124,-33.320000000000135,9833.989999999994,0,0,0.006711409395973154,23.79395973154363,25.1123595505618,9,298,11.866666666666667,24,274,0.2835966296551606,0.05388845980536337,0.13099300598374836,0.05446629831496321,0.5229443937592355,0.9015847557672386,23.79395973154363,0.697986577181208,0.3391038433155049,49.15066620101193,0,0.324004394223792,70.48330174020042
39b08850-ee78-49ee-8aec-de61196a2dff,2077.715,715.8572954662279,0.34454065907317794,43.940000000000055,-9.105428571428579,13.826086956521738,1679.81,3456.09,1467.0238461538463,404.9142308057033,0.2395231371101409,0.9178982680492751,0.08210173195072488,2.709999999999809,-43.790857142857135,0.2760106673571004,1772.5553538461534,-875.38,3783.5799999999986,0,0,0.036923076923076927,5.248738461538459,27.23463687150838,8,325,11.933333333333334,24,301,0.2527911672197582,0.05297550434010438,0.2191412200422098,0.09176619507487793,0.6166740866769502,1.2482874751627406,5.248738461538464,0.9538461538461539,0.27466020949793174,47.427636158691655,0,0.5183950923713735,46.483437439959424
39c2bb8b-0d0b-4deb-8ac8-2884c9adb3cc,3118.0670000000005,1103.2045188354193,0.3538103956186378,-8.075000000000045,-23.950857142857135,13.826086956521738,2541.79,5231.780000000001,2213.425,823.8114771817419,0.1829867738911415,0.8518450693971619,0.1481549306028381,-375.20000000000016,-56.968857142857196,0.37218856621830054,3735.9978749999996,8.799999999999642,6690.370000000001,0,0,0.0,14.436156249999996,26.740947075208915,6,320,11.966666666666667,24,296,0.33871369665885953,0.053352285245955276,0.16798195805285776,0.05793396998845758,0.6179819099461301,0.9506213455550289,14.436156249999996,0.7375,0.40887124403733277,47.868114031188384,0,0.3239768301186657,73.31508191994124
39edad37-d2fc-46c1-b23b-0e85b3a967ce,1915.8219999999997,683.2967385453165,0.35665982463157675,7.644999999999982,-0.9997142857142794,13.826086956521738,1559.49,3247.79,1729.0000000000002,522.6253003825974,0.2536427607480239,1.0829816131143706,-0.08298161311437069,-174.57500000000027,44.83714285714289,0.3022702720547122,403.7058360655736,-1589.7800000000007,1553.37,18,18,0.1377049180327869,-5.212393442622952,25.487465181058496,6,305,11.966666666666667,24,281,0.3204911521007693,0.05454995297057868,0.25209231337775634,0.10858106859614305,0.7357144870452472,1.1799368234499086,5.212393442622954,0.9606557377049181,0.2676923076923077,39.93553529538363,1,0.6979193159109971,30.26970095755508
3b278316-33f8-4c5a-bb8d-07c8e102448a,1988.291666666667,205.86313700803228,0.10353769542934206,-169.96499999999992,-19.983142857142848,7.0,1808.63,2323.85,1881.4183333333337,798.2544282237261,0.24600810913043444,0.9462486640541502,0.0537513359458498,-531.7499999999999,-181.96342857142855,0.4242833260848735,-127.7913017751479,-1261.2299999999998,1324.3400000000001,17,77,0.5976331360946746,3.7943195266272176,28.245125348189415,6,338,11.966666666666667,52,286,0.28151805360548204,0.050897965171105855,0.2016940841174375,0.08639451790691338,0.6205046208009387,0.24402961196884368,3.7943195266272163,1.0,0.30049182753082565,50.55825605325626,0,0.5147420056961823,48.39636371620224
3b2e7704-58bf-4550-83ee-9c13c6e787d0,1143.6583333333335,321.14427083147353,0.2808043814059911,376.80999999999995,-62.80857142857145,10.606060606060606,595.77,1879.38,1469.6608333333334,344.6128611396836,0.2355634208119447,1.2850523539227188,-0.2850523539227188,88.745,11.622857142857116,0.2344846193921275,-2182.9041616766467,-4165.910000000002,-340.91,77,151,1.0,-11.712664670658683,27.988826815642458,7,334,11.933333333333334,34,300,0.29808727839754,0.052432617550404764,0.34964842355307163,0.15873549064041562,0.8589038101414321,1.1975385939339727,11.712664670658683,0.7395209580838323,0.2815468194759221,35.484082013068964,0,0.6459362332741555,32.695956149462006
3b68c298-e66d-4b58-8d59-338e638b4a70,4883.721,1715.3015608176113,0.35122840981653364,-32.6400000000001,-25.765142857142774,13.826086956521738,3934.61,8182.03,2970.3233333333333,1334.86707719828,0.2663293109504352,0.7298508657640354,0.27014913423596465,-699.9800000000001,-338.498,0.449401269625511,8577.970612244899,693.2999999999994,15660.500000000011,0,0,0.0,44.87527210884353,24.568245125348188,6,294,11.966666666666667,24,270,0.29642971005100416,0.05316069447865674,0.09611011767461737,0.03511298045076695,0.4808135026550452,0.7815474355673595,44.87527210884353,0.445578231292517,0.31895770045236377,51.28108768243236,0,0.24346105146646013,77.83144683062822
3b6c71d7-dcfe-406f-9708-86b18ecc83d3,318.24899999999997,108.45058572148577,0.34077274625053267,5.389999999999986,0.14485714285714754,13.826086956521738,259.0,532.63,837.2407692307693,280.40829747178594,0.11473310223233275,3.4200044619150414,-2.4200044619150414,75.00499999999994,20.635142857142853,0.3349195449827609,-3626.758362068964,-7701.639999999996,187.54000000000002,84,172,0.9798850574712644,-22.131149425287358,28.9196675900277,6,348,12.033333333333333,24,324,0.3076836062328554,0.055029238112295716,1.5658996571866681,0.5442687958171117,2.472881297348931,1.0174764398060825,22.131149425287358,0.3160919540229885,0.31273514741187397,-53.721751763772865,1,0.8348312607352879,11.8615164916181
3b7cc33f-da0e-4978-9c7a-b00d1b2663e0,1793.7809999999997,617.5858439017022,0.3442927781606017,23.1400000000001,9.579142857142882,13.826086956521738,1452.0,2990.7,1706.6508333333331,499.54655377667405,0.2546654485564075,1.1417118366177368,-0.14171183661773673,338.3349999999999,-22.97000000000006,0.2927057743856066,-345.9464174454829,-2542.0,1481.46,84,150,0.7507788161993769,-7.919003115264799,27.05056179775281,9,321,11.866666666666667,24,297,0.2901089932383051,0.05604251578091194,0.27179404843735105,0.09645324596480843,0.7143988034213765,1.176241838355519,7.919003115264799,0.9158878504672897,0.22064364854947383,38.14862770276035,1,0.6706041970635448,30.02853972904329
3bba97b4-8c2a-42e6-a208-2b70bb509eb0,1605.549,580.1559409417437,0.36134427597148616,-28.0150000000001,-7.841714285714294,13.826086956521738,1283.06,2753.98,1400.8807692307694,396.8283532263778,0.22201472150762291,1.1342817939533458,-0.13428179395334583,165.9849999999999,-1.9580000000000057,0.28327061227650246,-161.82774305555566,-2155.96,1143.67,65,122,0.625,-7.485972222222224,24.06685236768802,7,288,11.966666666666667,24,264,0.34225302373206923,0.05453274861122271,0.29496701751238985,0.12258299186135084,0.8143357817170326,1.2756151196467054,7.485972222222224,0.8993055555555556,0.2007874167076207,38.12298771719153,0,0.6157801166444603,35.90339596391483
3c23a609-93e4-478c-ac5c-355d75f2b40d,2542.2249999999995,920.1500274079705,0.3619467306819698,67.5,2.16314285714291,13.826086956521738,2050.45,4344.75,1729.4353846153847,624.1111997688577,0.21772468204385068,0.8843694008201477,0.1156305991798523,-434.28,-89.59628571428568,0.3608756969591298,2821.9899013157915,-660.3,5006.980000000005,0,0,0.009868421052631578,9.669703947368422,25.333333333333332,6,304,12.0,24,280,0.3116797293709251,0.055438051313318054,0.19208842647680677,0.0687960349693674,0.6280022421304173,1.00296787434528,9.669703947368422,0.8914473684210527,0.260750284886219,46.5493081075524,0,0.20296733784920912,75.03119941676734
3c592b97-ac32-4991-ad45-dd7ef6ba5efb,211.356,74.26292857139423,0.3513641844631533,0.0,0.0,27.636363636363637,176.13,352.26,825.1561538461538,253.56258581589088,0.12310024303092283,5.075337345521299,-4.075337345521299,52.07499999999993,2.48885714285714,0.3072904257382129,-3788.9397169811323,-8613.469999999998,262.40999999999997,67,149,0.9716981132075472,-27.08638364779874,26.573816155988858,7,318,11.966666666666667,12,306,0.5101345597002214,0.09112114158102914,2.25847385453926,0.756675940119987,3.616405495940498,1.1434270482689486,27.08638364779874,0.279874213836478,0.29529888515274033,-119.70022786951083,1,0.7667987356289451,25.475548163738775
3c81f5fe-4579-4106-a4cb-2e6fa5c8839c,445.84800000000007,156.65501891452797,0.35136418446315326,0.0,0.0,27.636363636363637,371.54,743.08,1031.1033333333332,252.15540991919082,0.18352266665804592,2.7752148714360048,-1.7752148714360048,-94.88999999999993,-23.170285714285704,0.2445491172102287,-3678.681698113207,-7914.7599999999975,743.08,78,158,0.9591194968553459,-24.889182389937105,26.72268907563025,8,318,11.9,12,306,0.4557517360176562,0.09371355260088639,1.005387486318207,0.40106717984604606,1.9559199547827957,1.4367836959358151,24.8891823899371,0.2893081761006289,0.313324561715444,-26.440502735539372,1,0.8335600065949671,14.51484211596013
3cf983d8-a86f-4ea9-9cfa-990879db6814,3195.8650000000002,1096.018492486428,0.34294893322666253,41.50500000000011,-1.887428571428518,13.826086956521738,2601.46,5320.3,2270.5350000000003,734.16831019869,0.29386502887351806,0.8525522824024168,0.1474477175975832,-809.8350000000002,-123.76457142857141,0.3233459559965779,3643.3801290322585,-166.55999999999977,6874.369999999999,0,0,0.00967741935483871,15.200741935483872,26.050420168067227,8,310,11.9,24,286,0.24976899837759112,0.056308698896855774,0.14685163484690372,0.06117529995791436,0.514104632079265,1.060625397864237,15.200741935483869,0.8903225806451613,0.30815020835764856,49.14252158717189,0,0.40708787750344333,59.93836827914892
3d07d122-57f0-46dd-9532-fd2079e28369,208.464,73.24678334992679,0.35136418446315326,0.0,0.0,27.636363636363637,173.72,347.44,950.0933333333334,190.8597182289239,0.1543137867156911,5.469107375853865,-4.469107375853865,148.11499999999978,67.30285714285708,0.2008852304639445,-4022.8008463949827,-9316.479999999989,347.44,76,143,0.9749216300940439,-29.20526645768025,26.731843575418996,7,319,11.933333333333334,12,307,0.5134123877504031,0.09144984265868449,2.2553390513469953,0.7566006600660067,3.6168019418220894,1.7490792312191275,29.20526645768025,0.26332288401253917,0.25309004729359924,-133.32292517732807,1,0.7378845117631943,22.95281627188395
3d0acee3-5a98-4ede-bed2-a34491b79461,6412.805454545454,2197.232868843735,0.34263207958169334,1487.2599999999998,445.1662857142856,14.458333333333334,5051.65,10593.89,3387.9284615384613,1317.7270641958078,0.3129100673499826,0.624362532580408,0.375637467419592,-173.74000000000024,-357.7937142857142,0.38894772400165345,12144.768566552899,-1416.05,27112.83999999999,0,0,0.0034129692832764505,90.4361433447099,24.349030470914126,6,293,12.033333333333333,25,268,0.24089017343990418,0.04786842689471039,0.06513331422384132,0.0256167843714976,0.3795086989299534,0.8809206441846585,90.43614334470992,0.2593856655290102,0.16702718498052022,56.96758182929981,0,0.2608062611884055,75.24909677294178
3d0e5b1b-5792-4a9a-8e46-268eef1a3fc5,1606.0258333333334,165.07264882515065,0.10278330858635046,-166.14,-10.352571428571427,7.0,1450.94,1869.02,1428.246153846154,445.445130862348,0.23749622991081046,0.9634133116372658,0.036586688362734106,-96.17000000000007,-23.60057142857141,0.31188260487367636,-24.222678571428602,-1062.8499999999997,715.9699999999998,6,65,0.5119047619047619,2.0985416666666703,28.0,6,336,12.0,52,284,0.2720006060508574,0.05083822333700527,0.24873717784738827,0.09295668241118993,0.6645326896464409,0.32955768285948933,2.098541666666669,1.0,0.2850445947692705,52.142316179445324,0,0.6156967992942675,39.07264954706807
3d142b65-1d16-4b51-9a25-16fdd2e9c6a7,1735.5666666666668,457.2662305550899,0.26346797235586256,-436.94500000000005,-74.45514285714287,11.35483870967742,818.34,2729.86,1534.966153846154,623.242798682002,0.2195533251547516,0.9581193462269767,0.04188065377302329,-333.2349999999999,-1.9865714285713694,0.40603032003041034,78.62769470405004,-1581.46,1635.19,4,27,0.4174454828660436,2.7172585669781912,26.75,6,321,12.0,32,289,0.30867728119538274,0.052318647127739246,0.22773301707415441,0.08597816275183896,0.6747071081491154,0.6488874336678346,2.7172585669781926,1.0,0.30406533644440165,45.650580579636845,0,0.5961734973375286,39.5372991628847
3d3d6501-4f64-48f1-9741-e9b77556cd83,1029.8899999999999,358.0396363532953,0.3476484249320756,23.88499999999999,3.1434285714285677,13.826086956521738,840.33,1721.12,1194.8516666666665,256.7176166293984,0.1557278379045655,1.39220887667615,-0.39220887667615006,-1.1300000000001091,0.021142857142837913,0.21485312678650356,-1274.956403785489,-4039.3200000000006,855.8199999999999,79,154,0.8927444794952681,-12.742334384858045,26.564245810055866,7,317,11.933333333333334,24,293,0.30511219644816445,0.05494178989989223,0.47445940828632194,0.15700220411888646,0.991515598753265,1.6180747756932985,12.742334384858044,0.5772870662460567,0.3032635850196189,29.585129649261653,1,0.7474691085122611,20.642861995286978
3daec158-1d91-4d7d-b84c-7eb886b93c8d,6859.454,2442.1791162639065,0.35603112379846946,-19.014999999999873,-25.65257142857138,13.826086956521738,5584.95,11548.74,3997.3099999999995,1958.860172948451,0.2571698217050967,0.6992935589334077,0.3007064410665922,-1889.1399999999994,-512.4325714285715,0.4900445982294221,13193.916812080533,466.59000000000066,23555.499999999993,0,0,0.0,69.21751677852349,24.9025069637883,6,298,11.966666666666667,24,274,0.3079032237842837,0.05438260829506255,0.07084791296800007,0.027297507935762817,0.4604312529831091,0.7265280039507503,69.21751677852349,0.3221476510067114,0.3156410185849984,51.54643196412116,0,0.30562421437122844,69.68560765291507
3e3683b7-e3f3-43b8-91b5-ff95eb7ce232,1945.0160000000003,665.5472592986918,0.3421808660179102,4.339999999999918,-2.6242857142857052,13.826086956521738,1595.24,3219.84,1526.8623076923077,531.8710572302565,0.18434134154457532,1.0205165407379684,-0.020516540737968377,-286.41499999999996,-165.1182857142857,0.34834251559600277,712.3228023598815,-452.8,1827.7499999999993,9,9,0.07669616519174041,-1.1771386430678472,28.407821229050278,8,339,11.933333333333334,24,315,0.2793601697878064,0.05599285558576384,0.2530318516660018,0.11028803876163489,0.6986729158012068,0.9823115201210791,1.1771386430678479,1.0,0.2931335806311688,41.9470620780239,0,0.5260840289187689,45.12714955039904
3e4ec4a0-5a2b-4e05-b051-00789b087ed8,1396.8290000000002,493.06436880774277,0.3529883534833131,-6.9950000000000045,0.8285714285714155,13.826086956521738,1131.18,2376.35,1175.3461538461538,424.2025112399828,0.16091756929218887,1.0938704737659368,-0.09387047376593692,-183.63999999999987,-46.4214285714286,0.36091708800155614,295.6724738675956,-1311.2100000000005,1211.81,32,33,0.20905923344947736,-4.568675958188155,23.850415512465375,6,287,12.033333333333333,24,263,0.2962825084530748,0.05594528750476972,0.35346989502652076,0.13385246153967306,0.8395501525240383,0.9780317009589502,4.568675958188156,0.9616724738675958,0.20003076016885368,38.437188684832,0,0.5734487184312662,44.512432016932216
3e52f8d7-397c-44aa-b767-30637159b5ee,1462.92,169.65507408750366,0.11597016520896813,-167.7199999999999,-22.03828571428573,7.0,1291.87,1693.37,1381.3161538461538,481.7948003479362,0.16293379057097715,1.0229033941249923,-0.02290339412499222,-192.3549999999999,-2.1859999999999413,0.3487940099783969,-433.67230136986336,-1215.8600000000001,271.4699999999999,93,180,0.9561643835616438,-1.1015616438356162,30.332409972299168,6,365,12.033333333333333,52,313,0.2507519208159025,0.05119213627539442,0.28993440060518233,0.09984597016013635,0.6917244278566157,0.3324889817234847,1.1015616438356168,1.0,0.23974904647796888,48.628879079163326,0,0.42467039540356166,53.28824858745995
3e5eb9af-b897-43ab-bdc9-dcc34f795f3c,492.5425,58.27645916819086,0.11831762572405602,-55.26999999999998,-5.0874285714285685,7.0,439.06,578.25,847.2553846153846,266.4674080012846,0.16282893542225033,1.8635143160234902,-0.8635143160234903,108.00999999999999,72.54114285714286,0.3145065972313043,-2504.317822349572,-5190.390000000002,-117.02,95,175,1.0,-14.624097421203437,29.083333333333332,6,349,12.0,52,297,0.23758355877919163,0.049691143403868696,0.855093722876706,0.2913471087943342,1.4337155338541006,0.37620077532758134,14.624097421203437,0.47277936962750716,0.25760736931558187,15.619766642712616,0,0.5764931678975924,39.55357642520161
3eb23367-5a5c-4775-8932-5d7b75d04c32,4378.784000000001,1479.5534687360537,0.3378914028954279,-46.430000000000064,-16.703428571428645,13.826086956521738,3578.58,7189.139999999999,2953.6453846153845,1170.7633607225055,0.30175228055865255,0.8768961885308799,0.12310381146912014,-522.29,-222.90857142857135,0.39637912080463206,4092.177151898737,-1209.03,8718.600000000006,0,0,0.04113924050632911,17.058386075949368,26.333333333333332,6,316,12.0,24,292,0.33133308242653675,0.056375240249347765,0.10995723927008044,0.04080196693876656,0.5384675288847316,0.8524450082272833,17.058386075949368,0.8481012658227848,0.2832406056765837,46.85982795580933,0,0.3777039292069896,62.37118189809648
3ebcee1f-1018-49ca-9cbd-4635555bfe56,1426.5260000000003,508.1174258902496,0.3561921941066966,-22.660000000000082,1.8720000000000319,13.826086956521738,1160.36,2409.85,1405.676666666667,429.63250087261855,0.17351904065183316,1.1824614483016782,-0.18246144830167826,260.3350000000001,-48.35971428571425,0.3056410560555309,-522.8423312883443,-2602.860000000001,1241.4,83,161,0.8128834355828221,-7.984233128834358,27.24233983286908,6,326,11.966666666666667,24,302,0.30652648462067983,0.05564497247158482,0.32661164254980285,0.14064026873677732,0.8294233683788449,1.1653938077022652,7.984233128834361,0.8374233128834356,0.2782100198480921,35.902955123621346,1,0.6718533156474986,28.82492160328649
3faa99bd-1c8f-4ea3-83c5-7d28ef0ee043,1554.7908333333332,181.78174688136988,0.11691717174048807,-219.54999999999995,-19.489428571428586,7.0,1358.93,1837.1399999999999,1378.3753846153847,462.50851348228144,0.23718502495691698,0.9604121454708001,0.039587854529199835,-334.4100000000001,-72.0657142857143,0.3355461209221591,-108.94141935483863,-865.8499999999999,738.6099999999999,14,86,0.6483870967741936,2.382612903225805,25.761772853185597,6,310,12.033333333333333,52,258,0.23985219876843028,0.05039584638662543,0.2627990153016296,0.09119125884564323,0.6442383193023286,0.34843845435963433,2.3826129032258074,1.0,0.2543786218781531,51.36507661051017,0,0.49718947099710736,49.703152040441076
3fcb89ab-ab28-461a-ba68-0accce1bbdfd,1630.2666666666667,256.5640302264926,0.15737549903481596,-374.23,-78.3497142857143,10.774193548387096,1212.75,2043.78,1711.3375000000003,547.466041987579,0.1907679422284227,1.0497285720127587,-0.04972857201275876,348.76000000000005,-3.5897142857142983,0.3199053617346543,-847.8079999999999,-2197.55,646.8499999999999,74,160,0.9235294117647059,-2.8613235294117656,28.41225626740947,6,340,11.966666666666667,32,308,0.33084771407540686,0.052805778195796196,0.24719064365747934,0.09092070826858592,0.7217648441972684,0.4919439242326647,2.8613235294117705,1.0,0.2573226107260159,46.89148491375208,0,0.4980487451357006,48.84586807878491
40c23a09-ca30-4281-b644-f65f5939dc58,1081.2366666666665,244.4577357162484,0.22609086729354516,21.129999999999995,-34.33371428571428,11.866666666666667,681.04,1404.06,1218.9358333333334,224.8169235565336,0.16902174916234997,1.1273534008897221,-0.12735340088972208,-67.94000000000005,2.77771428571428,0.184437045337935,-1061.7971237458196,-2468.160000000001,367.9800000000003,85,153,0.9732441471571907,-5.526387959866221,24.98607242339833,6,299,11.966666666666667,31,268,0.28621855837914006,0.05286230889937757,0.38522633034395803,0.13857434850834385,0.8628815461308195,1.2258430342954687,5.526387959866222,0.8729096989966555,0.2897247120609986,44.434397038846065,0,0.6409118858332928,33.361528263764896
412749f3-8d5a-4160-abd2-2e1cae49a981,3665.8849999999998,1277.9376952666094,0.3486027781195017,21.800000000000182,4.890571428571418,13.826086956521738,2958.4,6177.38,2054.5692307692307,930.0702935662223,0.18862310647187885,0.7285935047062306,0.27140649529376937,-203.9899999999999,-133.95028571428563,0.45268384225631764,6546.409222972972,-893.74,11750.02,0,0,0.0033783783783783786,33.61300675675677,24.598337950138504,6,296,12.033333333333333,24,272,0.2925590955526428,0.054444697528700445,0.13347936446451542,0.057788774061379444,0.5382719316072381,0.7700800107685677,33.61300675675677,0.4189189189189189,0.2353691958636285,51.344499623039376,0,0.25854086395803105,75.95330515637652
41516dc0-d1ff-45c4-8a71-f1496bbfbe62,3018.0,1062.1967919468702,0.3519538740711962,-17.61499999999978,-4.767714285714309,13.826086956521738,2447.3199999999997,5054.68,2009.9741666666662,508.97295142380653,0.23675304284590715,0.7991944996686547,0.2008055003313453,-424.77,-170.17628571428565,0.25322362837522705,4603.034451219517,423.1600000000009,8158.4900000000125,0,0,0.0,18.47655487804878,27.56302521008403,8,328,11.9,24,304,0.2545964214711729,0.05391219350563287,0.16260702451954936,0.0557856196156395,0.5269012591119946,1.3898934958378788,18.47655487804878,0.6615853658536586,0.2489090863108108,52.40913122361338,0,0.2168208299946265,81.23158469840392
41cd1334-03fe-4811-bc73-ca6b3de72cd7,1395.8358333333333,158.88933956220964,0.11383096476522822,-174.615,-15.47542857142858,7.0,1256.75,1628.25,1369.7815384615385,428.74985404946307,0.20039748056399784,1.063112125769327,-0.06311212576932705,-166.24500000000012,-89.886,0.3130060100904928,-944.4375988700566,-1829.4999999999998,-37.10000000000002,83,173,1.0,-2.9862429378531057,29.5,6,354,12.0,52,302,0.2947624571418678,0.05004528350098477,0.29554036619635904,0.0798398570032412,0.7201879638424528,0.36367022068464017,2.986242937853107,1.0,0.25347500668270523,47.80046582446021,0,0.48729402052241444,50.700605246498604
4228b658-18ce-458f-8241-273a667ae840,2755.216,971.4676037853474,0.3525921756353576,24.170000000000073,14.11514285714285,13.826086956521738,2236.12,4600.24,2056.394615384615,618.7803587247981,0.2650890486822905,0.9702734740216375,0.029726525978362457,-386.1350000000001,-60.310285714285754,0.3009054556433301,1616.0301265822777,-776.06,3581.1699999999987,0,0,0.03481012658227848,2.5918670886075956,26.4066852367688,8,316,11.966666666666667,24,292,0.3380032636279696,0.055769493208517956,0.16285801185823545,0.06318960110568464,0.6198203698004076,1.1717706310160523,2.5918670886075947,1.0,0.2766189368772007,44.59318665720716,0,0.540817395315649,47.135399046717716
424e3d80-3060-4f6d-9937-83d21fb86875,1891.0175000000002,490.7037202023789,0.2594918979873951,-78.11500000000012,109.51742857142855,11.1,951.2,2862.05,1769.7416666666666,472.54849036096203,0.26894979964119053,0.9358674188190576,0.06413258118094246,-32.87999999999988,-52.93999999999994,0.26701551941816104,388.7501941747568,-2295.69,2025.6399999999996,0,24,0.29449838187702265,4.709741100323624,25.821727019498606,6,309,11.966666666666667,31,278,0.264651173244034,0.0520420884523808,0.21950880941080664,0.07703392485791381,0.6132359959651352,0.971823280357785,4.709741100323628,1.0,0.2961463302082696,49.44023591925263,0,0.5993508071514768,41.557588807348495
4276ff58-b644-44ff-982d-cba464c52cd5,3144.2930000000006,1081.409288578258,0.3439276456037201,-18.444999999999936,0.10228571428576418,13.826086956521738,2549.0299999999997,5228.9400000000005,2117.516923076923,748.6034834541872,0.23626257459753294,0.8754820240988992,0.1245179759011008,-418.3649999999999,-142.66142857142844,0.35352892593009644,3244.1378000000004,-886.57,6401.880000000001,0,0,0.006666666666666667,13.0507,25.0,6,300,12.0,24,276,0.338353963832251,0.055777562714416244,0.1580660580931866,0.052263577217517586,0.6044611618573714,0.9728415990258323,13.050699999999997,0.7966666666666666,0.32551479018240514,47.5923111493305,0,0.32132516053567134,68.2854866600803
42a51c0d-6858-4eb2-8d46-06f799dc93f4,3924.9619999999995,1377.6579524831266,0.3509990548910096,-31.980000000000018,-3.360857142857146,13.826086956521738,3187.88,6626.39,2370.1076923076926,902.5674745150992,0.1913119819287666,0.7850114217666311,0.2149885782333689,207.47000000000003,-178.10257142857142,0.3808128539662686,5869.687806451611,-1129.99,11131.769999999999,0,0,0.0032258064516129032,27.220064516129035,25.833333333333332,6,310,12.0,24,286,0.345477994436634,0.05349147329324462,0.12642338957676533,0.04976608690733821,0.5751589442139822,0.9217101030998816,27.220064516129035,0.5096774193548387,0.2586643255418449,50.453314403279094,0,0.24675496981816322,81.17233707381202
431b0001-1c4c-4138-8dc9-07cd8a014315,4190.526363636364,1494.5011444844915,0.3566380484927019,-681.8900000000003,-96.89657142857149,12.035714285714286,2933.5299999999997,8425.69,2770.741666666667,1121.9900149598911,0.25689180694699676,0.7213001447637625,0.2786998552362375,48.635000000000105,-91.93399999999993,0.40494212378510847,5852.206149425287,-1855.69,14446.55,0,0,0.07183908045977011,36.91635057471265,29.080779944289695,6,348,11.966666666666667,29,319,0.25295498786331677,0.05220737078158331,0.09675265355035675,0.041524399516745455,0.4434394117120023,0.8807136317632389,36.916350574712645,0.4109195402298851,0.30502212103257553,52.35001027896627,0,0.3125055804121247,70.26792501358167
4399b2ad-62e7-487d-8b36-6ff13f21cb4a,1173.25,148.97591141462502,0.12697712458097168,-158.73000000000002,-17.691142857142854,7.0,1049.4299999999998,1387.15,1149.206153846154,358.7012742877296,0.19789178884688294,1.061132182683429,-0.061132182683429105,-170.1749999999999,-59.131142857142784,0.3121296149409147,-664.2736746987955,-1319.7100000000012,80.19000000000014,68,157,0.9879518072289156,-2.5924096385542166,27.590027700831026,6,332,12.033333333333333,52,280,0.2690560409119966,0.05009730804744655,0.33925989061723133,0.14049009162582565,0.7989033312025001,0.4068089617353615,2.592409638554218,1.0,0.2794544461461022,47.502806656415395,0,0.5845904095064339,41.775449732700274
43f644c8-e38a-45e0-ac3f-ff7159911202,6050.638000000001,2121.3916430588674,0.3506062737613566,8.045000000000073,-50.768285714285646,13.826086956521738,4923.360000000001,10094.84,3793.307500000001,1404.7592233425305,0.3147848766105393,0.752312235503099,0.247687764496901,-472.03,-175.70657142857146,0.37032569158775824,10734.185784615383,396.2699999999996,18844.730000000003,0,0,0.0,46.112892307692306,27.158774373259053,6,325,11.966666666666667,24,301,0.28842776579924295,0.05335701788803097,0.07716012757662911,0.033199474171153515,0.4521443854350565,0.94675114831527,46.11289230769231,0.4676923076923077,0.2914481623227223,51.98280853528018,0,0.1753528369115467,85.92559055768885
4440c03e-c302-407c-8df4-465e1dfff6f4,4942.883,1710.7677591398028,0.3461072736578638,14.164999999999509,10.264571428571331,13.826086956521738,4006.1800000000003,8289.48,2839.7216666666664,988.926167396033,0.25168605139118677,0.6894085900880115,0.3105914099119886,-394.8250000000003,-2.5279999999999876,0.34824756912069427,10158.9195,317.31000000000085,18025.71,0,0,0.0,51.1739,25.069637883008355,6,300,11.966666666666667,24,276,0.2776379695817198,0.05520239908571577,0.10100643693164493,0.03427918484010243,0.46812599043918296,0.9938540979101891,51.1739,0.3233333333333333,0.2983018288764216,55.07548680432974,0,0.2353625883937437,78.53532872932331
4448e57f-11e1-4f2a-8230-e448a487fcdf,1479.4983333333332,158.2196956383079,0.10694144905309655,-123.09500000000003,-14.208571428571426,7.0,1331.26,1719.85,1396.6975,356.1700281945281,0.20127777608728203,0.9440345207102858,0.055965479289714216,277.065,-22.898000000000003,0.25500871032884936,275.0225723472667,-899.8000000000002,1264.5699999999997,0,8,0.24437299035369775,3.194887459807072,25.988857938718663,6,311,11.966666666666667,52,259,0.2952014139928061,0.05081339508099029,0.2605173600510984,0.08854352657826582,0.6950756957031605,0.41936390688454916,3.194887459807074,0.9581993569131833,0.3093183503705466,53.930201493418686,0,0.41879212404745625,56.374463416390434
44500f6c-87ee-474e-894f-78576d108cec,7598.812727272728,2449.847568919711,0.3223987294919137,1079.1550000000002,309.40400000000017,14.458333333333334,6098.98,12545.880000000001,3736.3038461538463,1639.79924346213,0.25604098661882013,0.5810949653139594,0.4189050346860406,-1644.865,-136.1922857142857,0.4388827330384654,16650.514345238094,-1634.52,35979.890000000014,0,0,0.002976190476190476,104.21127976190478,28.0,6,336,12.0,25,311,0.2346567537943129,0.048307068065896415,0.06254721132272577,0.021867650616232633,0.3673786837991677,0.7345896869988217,104.21127976190478,0.19642857142857142,0.31664510072171287,58.3065848419149,0,0.3485031580133035,67.23946726465876
4473cc36-1818-4f5a-9d29-f6d7b6bf9703,4727.678,1681.283369167732,0.3556256092669027,11.99499999999989,29.203428571428503,13.826086956521738,3818.29,7950.3099999999995,2663.625384615385,1063.500619805613,0.25633686649745446,0.7324341886228294,0.26756581137717067,-525.905,-127.27171428571427,0.39926809000552366,8039.443437499998,-2144.78,15206.839999999993,0,0,0.008522727272727272,35.93650568181818,29.333333333333332,6,352,12.0,24,328,0.2721987411156174,0.05347741534004642,0.1029427131035574,0.04120754416861723,0.46982641372783845,0.8906937923889254,35.93650568181818,0.42613636363636365,0.2541524521379623,52.048502376969275,0,0.2803074218140051,74.72270948665349
44970bc7-3ddb-41bd-91c9-70dd5c9647bf,1108.239,396.9108525279253,0.3581455376754701,25.504999999999995,8.28999999999999,13.826086956521738,903.1700000000001,1889.67,1122.263846153846,311.4809589830082,0.15846061155233618,1.316451595729802,-0.3164515957298021,-21.465000000000032,7.997142857142847,0.27754699578935615,-1142.7462162162165,-3507.040000000001,881.31,85,168,0.9069069069069069,-10.531651651651652,27.75,6,333,12.0,24,309,0.30527350147396,0.05569286047504193,0.4610142758015194,0.14040202519492637,0.9623826629454477,1.2903960162021861,10.531651651651652,0.5405405405405406,0.2538262289890695,31.046630124756692,1,0.7436349723579311,22.74260422737584
44b8dde7-0181-4e96-88f5-57b7d0117219,1728.1925,376.431877988447,0.21781825692939125,412.44500000000005,-28.038285714285706,12.76923076923077,1168.54,2646.33,1679.844615384615,588.0763757032385,0.19827108551248782,1.053026018031363,-0.053026018031363115,-286.8900000000001,-14.661999999999988,0.350077840722544,-976.77367003367,-2382.0899999999997,368.51000000000016,67,138,0.9090909090909091,-3.7025925925925884,24.681440443213297,6,297,12.033333333333333,27,270,0.35891256327058474,0.058057286249458114,0.230224642220123,0.1013052654724517,0.7484997572126175,0.6221994984881783,3.7025925925925898,1.0,0.2547598266872668,44.342854756412855,0,0.6156859704616003,36.48423880150954
453b79ef-79c2-45d2-a322-24624ce50ccc,2794.996,968.7591570916318,0.3466048456211142,51.63999999999987,-6.157714285714298,13.826086956521738,2251.88,4688.25,1791.5723076923075,576.039001459592,0.17464848238161232,0.833290637983024,0.16670936201697595,-231.32000000000016,-154.3854285714286,0.32152707372530087,3436.251331360946,-1426.36,6643.4999999999945,0,0,0.008875739644970414,13.785562130177516,28.088642659279778,6,338,12.033333333333333,24,314,0.30619578704227124,0.055960008529529204,0.1773408620262784,0.06688846781891636,0.6063851254169952,1.0779958328400012,13.78556213017752,0.6479289940828402,0.31163859506303865,49.8396876375396,0,0.22073668517224576,80.61907996866474
453f418d-1bb4-430d-b56f-0c912cacc697,1440.0220000000002,489.9698625380499,0.340251650695649,-21.355000000000018,1.729428571428603,13.826086956521738,1165.33,2386.75,1306.3630769230767,415.29337241650865,0.17572332347232952,1.1793375378987265,-0.17933753789872653,-197.79999999999995,-108.62428571428568,0.3179004212172498,-585.3169724770636,-2582.499999999999,1147.1200000000001,82,166,0.8685015290519877,-7.897553516819569,27.32590529247911,8,327,11.966666666666667,24,303,0.3227617355845952,0.053963064453181955,0.336185836049727,0.13445836244168494,0.847368998529189,1.0703089017397829,7.897553516819566,0.8318042813455657,0.2659138229918411,36.26094053883647,1,0.6522034773565606,31.180374073918404
454c80f0-954d-477d-9b83-fa3f7ceac8dc,2126.935454545455,749.2846686188586,0.3522836892006144,-204.9000000000001,-269.6474285714286,14.16,979.74,3517.7799999999997,1634.3169230769233,567.660841177556,0.2336078305121123,0.9080978223470474,0.0919021776529526,-119.47500000000002,-55.69657142857145,0.3473382874288683,761.9329663608557,-1417.5500000000002,2763.439999999999,2,4,0.2599388379204893,6.575443425076453,27.174515235457065,6,327,12.033333333333333,26,301,0.27303816117854585,0.051738544871857896,0.2073687751348611,0.07653307426091915,0.608678555446184,1.0142379977984974,6.575443425076453,0.944954128440367,0.2696054620796644,46.1608106815223,0,0.5324365317436647,44.475773202315494
45b8f9a6-4797-4682-bfc8-fcaddd3433ff,2524.983333333333,750.7398079510799,0.29732465875725117,-419.6199999999999,-91.03114285714281,12.148148148148149,1402.21,4172.13,1796.0500000000002,671.1866752501375,0.23031138845286553,0.7705875946375883,0.22941240536241167,-81.94499999999994,-187.99771428571435,0.3737015535481403,2932.7933860759485,-2313.63,7563.999999999996,0,0,0.17088607594936708,21.99731012658228,26.4066852367688,8,316,11.966666666666667,28,288,0.258199724090588,0.05433666228819991,0.1651232021333474,0.051765358187182746,0.529424946699318,0.7956206120479768,21.997310126582278,0.5537974683544303,0.30702117681322044,52.78272538081613,0,0.3026206366459515,74.02973264242087
462400ba-4bc6-4687-9bc7-1039aaaca7a3,11488.2325,1967.2576312130318,0.17124110529735811,-381.77999999999975,-79.41457142857143,11.161290322580646,7934.49,15367.84,6481.882307692308,1842.350191241945,0.271957326735693,0.6112375569232835,0.3887624430767164,-2007.5000000000007,-937.2108571428573,0.2842307378916082,24656.87660550457,-7734.950000000001,54125.689999999966,0,0,0.11009174311926606,163.89700305810396,27.174515235457065,6,327,12.033333333333333,32,295,0.28952930748920686,0.05131214338962354,0.03709868627165522,0.012940197719710146,0.39088033487019574,0.6024721554312017,163.897003058104,0.23853211009174313,0.19369421062044295,64.72864980631574,0,0.28260389004292297,74.0498142328146
46643b3a-7288-4c69-a494-e2e6b24658c7,3837.036,1345.428116889028,0.35064255766404795,6.470000000000027,15.16942857142854,13.826086956521738,3150.46,6390.93,2379.0116666666663,920.6712091416914,0.20844125046325263,0.7440154327454838,0.2559845672545163,15.074999999999932,-37.90514285714285,0.3869973493789893,6478.155222551934,148.77999999999997,12089.700000000006,0,0,0.0,29.146053412462912,28.24022346368715,7,337,11.933333333333334,24,313,0.28179876342051513,0.053316674641572304,0.12469442559308799,0.05362003379692033,0.5134298974520958,0.9060593263150781,29.146053412462905,0.42433234421364985,0.3409997989361128,51.980158972679426,0,0.20888578052983042,82.00610858730154
4686e061-52e0-4a1a-9132-d3e879659188,206.196,72.44988937956435,0.35136418446315326,0.0,0.0,27.636363636363637,171.83,343.66,706.3746153846153,231.88592118451203,0.11830723945781658,4.453466604589807,-3.4534666045898073,174.305,30.701142857142855,0.3282761245012351,-3142.4034716981155,-7120.910000000004,243.45000000000005,64,127,0.969811320754717,-26.87135849056604,22.022160664819946,6,265,12.033333333333333,12,253,0.5831926904498632,0.08937612756794505,2.116059477390444,0.7585161690818445,3.5471444644900965,1.0703312188694711,26.871358490566042,0.3132075471698113,0.2625421028501983,-95.24511220751161,1,0.7190666907423412,22.227172474591566
46cf908f-cc81-4c4b-b653-59324647d066,2594.498,925.1079577096815,0.3565652999962542,-28.595000000000027,-0.8574285714285776,13.826086956521738,2121.0,4358.36,1887.4646153846154,657.8668202685528,0.19421495013253431,0.9457336255414344,0.0542663744585656,-490.49499999999966,-136.5305714285714,0.34854524683870536,1763.2840490797553,-744.1,3849.1500000000015,0,0,0.049079754601226995,4.3188343558282165,27.24233983286908,7,326,11.966666666666667,24,302,0.3441590627551072,0.05520528441340098,0.18654090309570484,0.07212801859935912,0.6580332688635722,1.023010077544567,4.3188343558282165,1.0,0.2797236341465801,44.50279104168089,0,0.3737778412173266,60.42964065712571
46e43973-33df-41a4-9c69-d5aed16f3034,1313.3990909090908,546.5237479827304,0.4161139989859784,651.765,220.36457142857142,10.387096774193548,641.19,2531.29,1403.8208333333334,325.1373957815466,0.22195852390944945,1.1660133768106213,-0.16601337681062137,-143.04499999999996,-123.43085714285714,0.23160889770350318,-1364.3613636363643,-2949.1600000000017,299.9200000000003,70,155,0.9642857142857143,-7.787207792207794,25.738161559888578,6,308,11.966666666666667,32,276,0.2882181487452059,0.055589971614250056,0.315888890657759,0.12667409130645743,0.7863711023236725,1.7966235456060569,7.787207792207794,0.9188311688311688,0.23140358011023485,36.243867003925736,1,0.7169935476718498,27.004313356262948
46e7a989-5bb0-4569-b3fe-0de725226e28,163.01999999999998,57.27938935118324,0.35136418446315326,0.0,0.0,27.636363636363637,135.85,271.7,767.0484615384617,274.3679851903933,0.12995267574107744,6.116813887866521,-5.116813887866522,18.55499999999995,70.12399999999998,0.3576931562317407,-3874.2412323943686,-8341.430000000006,201.31,73,147,0.9753521126760564,-29.3712323943662,23.666666666666668,7,284,12.0,12,272,0.5181450128818551,0.09090909090909094,3.0551466077781875,1.1089498221077174,4.773150533676851,0.9823061424063505,29.3712323943662,0.30985915492957744,0.3237294203655771,-162.36734417319033,1,0.713175712735902,24.96725781243031
46f27e40-747d-498e-b272-36433c62a425,6203.2970000000005,2231.6460431561377,0.3597516035676089,8.8100000000004,20.265999999999984,13.826086956521738,5046.1,10575.42,3785.363076923077,1421.6505192286456,0.30120045389406813,0.7932833136959265,0.20671668630407347,-944.8100000000002,-53.144,0.3755651678158785,8534.975676567656,-1728.41,16420.119999999995,0,0,0.0165016501650165,42.320957095709566,25.25,6,303,12.0,24,279,0.3343531673560044,0.055645248002795925,0.07928396786418576,0.030003238600376538,0.49928562182336267,0.957893953956821,42.32095709570957,0.6138613861386139,0.31408672920715663,49.9648159888171,0,0.30124513156548705,71.2197619547295
46fb80b1-043d-4e97-a1a4-fdd179450157,1849.509,663.3009985996805,0.35863626432727846,9.825000000000045,24.171428571428603,13.826086956521738,1482.87,3111.6800000000003,1586.7241666666669,512.262525477253,0.23340645743405306,1.0294997212773769,-0.02949972127737698,-199.37,-12.834571428571422,0.32284283320231755,620.3392182410416,-545.6000000000008,1637.079999999999,6,6,0.07166123778501629,-1.7771986970684062,25.798319327731093,8,307,11.9,24,283,0.2858704661615597,0.055558529317781095,0.27599541283659607,0.09093386406878799,0.7083582723847248,1.110869523631426,1.7771986970684066,1.0,0.3507777291684282,41.60406655504022,0,0.565918632306076,41.82419261745164
473dd2de-f737-4929-9b1e-1e45b4fbcc23,5550.123636363637,2195.0650195120543,0.3954984002753189,1075.3149999999998,581.1142857142858,15.0,3242.76,11457.09,3099.8353846153846,1040.0148789609966,0.26033764572113754,0.6600649027310775,0.3399350972689224,-956.455,-448.6097142857144,0.33550648660978416,7988.806655172414,-3575.3700000000003,20915.960000000006,0,0,0.03793103448275862,71.5637931034483,24.166666666666668,6,290,12.0,24,266,0.2765756569550621,0.051615230193070225,0.07983491276852801,0.028290934059454206,0.43631673397611453,1.178809996407936,71.56379310344829,0.2655172413793103,0.24729476949892626,55.02232215030164,0,0.32312349991364664,68.64896084360822
476ee232-b7a1-4069-b4e3-15e1b9f9d39e,2588.2949999999996,925.4808970145677,0.3575639164061932,-45.66000000000008,-11.893999999999908,13.826086956521738,2072.23,4366.63,1996.4061538461538,832.1353602082862,0.2588956000937068,1.002717232772926,-0.0027172327729258743,-746.6650000000001,-101.42,0.41681666759298713,1011.6995731707325,-774.5599999999998,2327.6200000000017,1,1,0.07621951219512195,-0.2144207317073179,27.333333333333332,7,328,12.0,24,304,0.3104576564881515,0.05541601710778717,0.19869566645223985,0.07038958078580689,0.6349589208339854,0.8578445734212985,0.21442073170731998,1.0,0.35580666489938845,40.82805984503742,0,0.6007760985343655,37.99426362767248
47a1c126-9163-4c62-b5f7-22caf113e252,2764.0080000000003,971.9726257096384,0.351653333025678,-40.87000000000012,10.277428571428507,13.826086956521738,2209.07,4638.66,1925.9415384615384,668.3423166293122,0.2609960203281193,0.9058309527324088,0.09416904726759125,-376.69500000000005,-205.7974285714286,0.34702108204343046,2429.3348553054648,-1326.68,4912.449999999995,0,0,0.00964630225080386,8.369260450160766,25.916666666666668,7,311,12.0,24,287,0.28799048338499744,0.05321258115027162,0.1645168899655862,0.06273064332664739,0.5684505978275026,1.0133486154644282,8.369260450160773,0.9871382636655949,0.2721258413467299,46.276740259064695,0,0.448994264265034,55.601987245522395
47afa89a-b6ba-447e-80b0-2af89a1ca23f,1638.015,648.6188808747961,0.3959785965786614,-263.9,-116.11028571428577,12.178571428571429,507.94,3301.3900000000003,1388.6946153846152,420.4290234513507,0.20955208073104625,0.9184404090723629,0.08155959092763708,-244.7499999999999,-19.59971428571428,0.30275124479755255,305.2185430463574,-1538.11,2394.8199999999993,0,29,0.4205298013245033,5.308443708609272,25.23676880222841,7,302,11.966666666666667,29,273,0.27074843636963025,0.05309627811711125,0.24581276728235088,0.09319053854818181,0.6628480203172742,1.3079338347343519,5.30844370860927,0.9470198675496688,0.27270989966781206,45.32800084379459,1,0.710935651205491,28.190174334204016
47cc94bc-eb19-470e-8f2d-b649671fd61b,373.46400000000006,131.2218737863471,0.35136418446315326,0.0,0.0,27.636363636363637,311.22,622.44,887.1592307692307,316.4131533417855,0.172729377347055,3.0881343315553837,-2.0881343315553837,-32.78499999999997,65.37085714285718,0.3566588075372136,-3408.7378200692037,-7798.430000000001,468.9200000000001,71,139,0.9515570934256056,-26.984186851211074,24.01662049861496,6,289,12.033333333333333,12,277,0.49328449328449314,0.09362883704988963,1.2811382087697873,0.4459733736049524,2.3140249127091224,0.9851549352990312,26.984186851211067,0.30103806228373703,0.25109792969261435,-41.19947494685422,1,0.7470418713811219,23.280293763330697
47ccfb1f-9b34-4bda-a547-348cf24ca28e,1938.9949999999997,683.1801067597199,0.3523372194150681,-4.045000000000073,-5.078285714285721,13.826086956521738,1573.78,3261.26,1615.2284615384617,507.73431741489475,0.23078088024699525,1.0829305903315896,-0.08293059033158953,-99.13499999999988,-11.701714285714278,0.3143421067081071,252.2265312500005,-1608.019999999999,1450.69,32,33,0.23125,-5.0250625,26.740947075208915,8,320,11.966666666666667,24,296,0.3297254505555713,0.05531009620963438,0.24947253603026315,0.10069546337148885,0.7352035461669576,1.1208718523422083,5.025062499999999,0.959375,0.2447017497405701,39.825817670122234,0,0.6281048222761775,35.698464457328924
47de98f9-8ee6-4e20-8158-f3f745d18c74,1294.9624999999999,143.24515680373725,0.11061722389933087,-91.93000000000006,43.87,10.352941176470589,936.54,1504.77,1279.313846153846,431.66541212568904,0.23402388780524178,1.0702420597765057,-0.07024205977650569,-203.36000000000018,-112.16342857142858,0.3374194795307315,-935.8065706051875,-2087.7400000000002,350.4899999999998,83,167,0.9538904899135446,-3.145619596541786,28.83656509695291,6,347,12.033333333333333,35,312,0.25919669488498703,0.05324735915776197,0.29189004829612186,0.0805924238475374,0.6849265261864081,0.32783295159239934,3.145619596541784,1.0,0.25480906832268263,47.12341130134522,0,0.5024561280918433,49.49892655303543
47f3dd85-bdc9-4681-8f53-0123131718c4,1912.227,686.6640562418019,0.3590912879285785,-31.04499999999996,-0.6311428571428158,13.826086956521738,1564.98,3218.87,1355.1007692307694,500.7542392142332,0.21189284248517432,0.9212457516811549,0.07875424831884513,-92.17499999999995,0.7182857142857562,0.3695328425637963,1978.975518394647,-463.15,3628.919999999998,0,0,0.006688963210702341,5.036655518394651,24.916666666666668,6,299,12.0,24,275,0.2906454097761405,0.05385919140353107,0.2315410252025518,0.08092135504832847,0.6569669814305519,0.9717439062715645,5.036655518394649,0.9565217391304348,0.28599689719356663,44.986774443620526,0,0.4087298630646604,61.48023229895662
480b3d47-285c-495d-a56c-5a6c2dff1680,2418.001666666667,331.69529675272577,0.13717744752838978,-274.365,-2.530285714285674,11.258064516129032,1920.6100000000001,2991.73,1962.9623076923078,729.9670866113743,0.2559479373991663,0.8794627933121083,0.12053720668789167,-612.875,-142.43114285714287,0.3718701493914756,979.4173749999987,-1782.4200000000005,4479.3499999999985,0,9,0.240625,10.92971875,26.740947075208915,7,320,11.966666666666667,32,288,0.305764884363879,0.05281013729656927,0.16727276862919174,0.06737691799219879,0.5932247082818388,0.3688853427812518,10.92971875,0.9125,0.26124291739603916,53.26876185383447,0,0.3752794890011013,66.70606624481096
483e9b3f-55d0-4e78-8449-e24445444a9a,1132.852,390.91763050545575,0.3450738759391833,13.685000000000002,2.068285714285727,13.826086956521738,925.99,1887.3,1238.3823076923077,339.58270308703516,0.20776608689872705,1.4211009028540356,-0.42110090285403556,20.19999999999999,-69.74914285714286,0.274214756604395,-1766.455014836795,-4770.449999999999,568.8999999999999,74,157,0.9317507418397626,-14.155637982195849,28.005540166204987,6,337,12.033333333333333,24,313,0.32273942227228264,0.0550327845120104,0.4044817857937312,0.1475823849893896,0.9298363775674138,1.2584073892019443,14.155637982195845,0.5667655786350149,0.27426288762573015,27.31945247557518,1,0.6927394290225545,28.32822331308326
485d8947-4ef4-4cef-af9c-00b1318569e1,300.672,105.64537207090522,0.35136418446315326,0.0,0.0,27.636363636363637,250.56,501.12,965.7733333333334,183.61929871504807,0.12890360747173246,3.8544593444018735,-2.8544593444018735,-177.68500000000012,-41.57485714285716,0.19012670196773024,-4258.563355048859,-8582.559999999996,501.12,83,156,0.9609120521172638,-27.956221498371338,25.798319327731093,8,307,11.9,12,295,0.47932630906768825,0.0909961685823755,1.574110658790975,0.5999860312899107,2.7444191677309493,1.848052802824032,27.956221498371338,0.2899022801302932,0.26192912760758214,-68.52183334932414,1,0.6979403818214821,27.788538730046273
48663cf4-a74f-4eaf-bd9e-37dc815cb21f,7171.5650000000005,2530.3369617119292,0.3528291191269868,-7.045000000000073,-12.57628571428582,13.826086956521738,5823.36,12038.66,4096.846923076922,1584.2993905213782,0.28943647281464674,0.7426413899894934,0.2573586100105067,-759.915,-579.1365714285715,0.3867118836189017,11921.303938461537,-3794.8,22380.609999999993,0,0,0.009230769230769232,56.78966153846152,27.00831024930748,6,325,12.033333333333333,24,301,0.31748718724574077,0.05439022026573001,0.0641079039233417,0.025978987849932342,0.4619642992847448,0.9123824068326128,56.78966153846152,0.4,0.19586075670576675,51.975233154232626,0,0.2829701450703969,72.33464061200428
487392eb-2c6f-40b5-8471-280759f75a21,509.36400000000015,178.97226645488962,0.3513641844631532,0.0,0.0,27.636363636363637,424.47,848.94,999.34,345.3230546411094,0.15400548977709905,2.550517900754666,-1.550517900754666,68.50000000000006,-38.504571428571445,0.3455511183792397,-3591.271279461278,-7897.78,647.97,74,150,0.9427609427609428,-26.591851851851853,24.818941504178273,7,297,11.966666666666667,12,285,0.47346102198035184,0.09300618025616257,0.9659987749428698,0.3238469935056265,1.856312970685011,1.0168225937487307,26.591851851851853,0.2962962962962963,0.2717801441258923,-19.47266393166603,1,0.7511335766907863,22.87624807207381
498723e6-4db6-4c03-9906-909121880662,586.0458333333333,67.1331512008152,0.11455273185541268,-57.50999999999999,-0.9722857142857297,7.0,524.24,683.11,1015.7483333333333,272.8033034268575,0.1556569950890066,1.7332233684794278,-0.7332233684794279,128.71500000000003,1.9037142857142888,0.2685737150378695,-2635.402988505747,-5288.389999999997,124.44,89,174,0.9971264367816092,-14.817327586206895,29.162011173184357,6,348,11.933333333333334,52,296,0.2651499100610731,0.0499989335305117,0.6692863897163901,0.22494116643322834,1.2093763997412033,0.4265224980756605,14.817327586206895,0.49712643678160917,0.32056004686200157,21.863009004403107,0,0.5786369076378138,41.254265000340325
49d3652e-eaaa-4693-9540-956e1a3aa617,173.892,61.09942076466665,0.35136418446315326,0.0,0.0,27.636363636363637,144.91,289.82,764.5692307692308,251.08775064578316,0.0912419260719963,5.71584661744071,-4.71584661744071,87.66500000000002,15.980571428571423,0.32840420532378023,-3860.160912280702,-8200.480000000001,215.3,76,142,0.968421052631579,-28.773614035087718,23.88268156424581,8,285,11.933333333333334,12,273,0.5142502242771374,0.091982379867964,2.8620293055459705,0.8676649874634831,4.335926897154555,1.0699137793218463,28.773614035087718,0.28771929824561404,0.28702436766806844,-145.74287433799861,1,0.7738373152692223,19.468709169147512
49f7802f-d927-48bb-9299-28c937448752,1832.0459999999998,636.9730196483993,0.3476839662587071,1.4800000000000182,-11.107428571428578,13.826086956521738,1503.48,3074.07,1495.8016666666665,438.50752674857426,0.1927589553427872,0.9797581501774517,0.020241849822548327,-255.85000000000014,-93.63742857142861,0.2931588702703952,905.2602236421732,-487.0299999999997,2066.220000000001,0,0,0.08306709265175719,1.1847923322683724,26.30252100840336,8,313,11.9,24,289,0.2793794478959588,0.05490418908695523,0.2632646778519753,0.09658218188844601,0.6941304967233354,1.185991629514811,1.1847923322683696,1.0,0.25040140125529126,44.515977599732814,0,0.5471542108435151,45.3233010136017
4a312946-52dd-4408-a947-7cd5c5b0ce19,240.204,84.39908256478726,0.35136418446315326,0.0,0.0,27.636363636363637,200.17,400.34,858.7299999999999,170.99539169760737,0.12185727760762989,4.290003497027527,-3.2900034970275267,136.03500000000008,17.559714285714282,0.19912590883934111,-3624.525719178082,-7902.719999999998,400.34,73,141,0.9657534246575342,-27.064109589041095,24.401114206128135,6,292,11.966666666666667,12,280,0.4330818804016587,0.09160130555694329,1.8729871276081997,0.8091913540157534,3.206861667582555,1.764532734646003,27.064109589041095,0.3082191780821918,0.2703488484933177,-86.12358359178252,1,0.6997619100350195,26.74988078237754
4a3c3326-a3ef-474a-a67c-4ab31e109dd0,4802.323,1682.6347234160942,0.3503793317142754,-35.50999999999999,-16.496857142857138,13.826086956521738,3893.14,8009.69,3115.8908333333334,1175.0092203155325,0.28072576355237094,0.7785959003590555,0.22140409964094449,-737.3100000000003,-214.13828571428573,0.3771021782103082,7210.1838538206,74.98999999999961,13370.750000000011,0,0,0.0,35.32405315614617,25.223463687150836,7,301,11.933333333333334,24,277,0.31031981813801374,0.05297727787156341,0.10060318724917088,0.045793046406916005,0.509693329665664,0.9291363242109686,35.32405315614617,0.5681063122923588,0.18546301231670237,50.80274047000336,0,0.22769154510427644,81.08823476824553
4a7dba58-cf4e-4aa5-a58a-9e98d87341e0,3881.1769999999997,1318.8336111381823,0.3398024906202893,-17.795000000000073,-6.544285714285693,13.826086956521738,3206.05,6466.26,2128.1038461538465,858.6357897903945,0.24103110931182872,0.7128082537848698,0.2871917462151302,-279.1149999999998,-47.879714285714314,0.4034745726070744,7495.76372413793,-841.42,13804.169999999993,0,0,0.0034482758620689655,38.43593103448276,24.166666666666668,6,290,12.0,24,266,0.2601540718189353,0.05327842559099984,0.12923837279258324,0.046945037549176435,0.4896159077516948,0.8421905956170564,38.43593103448276,0.40344827586206894,0.36900960949346384,53.22410367785504,0,0.28217903511628684,73.53590308967695
4aa003dd-b9f6-4879-a192-f63a293c0e11,5232.328181818182,2081.748926430938,0.3978628354514932,-94.18000000000029,-633.9145714285713,9.714285714285714,2214.48,10633.89,3058.0199999999995,1344.1396385544674,0.20350573749832093,0.6907104277063522,0.3092895722936478,-1381.5500000000002,-410.8802857142858,0.4395457317331043,6827.6066560509535,-3840.3799999999997,18474.80999999999,0,0,0.12101910828025478,56.692197452229294,26.239554317548745,8,314,11.966666666666667,36,278,0.32654123551118647,0.054734195328656934,0.08007837984863682,0.0326018610522936,0.4939556717407738,0.9051682378594423,56.69219745222931,0.31210191082802546,0.1643911872589252,51.64478319353903,0,0.4270061180230617,56.4551797572517
4aed8d37-80f8-4397-9a50-3e370457b275,1349.6725,161.35022411033256,0.11954768590923544,-112.245,-14.348571428571423,7.0,1180.88,1626.6399999999999,1196.5076923076924,356.0244779776115,0.1941464261376056,0.9603934781709391,0.039606521829060846,-139.25,65.82857142857141,0.2975530205668387,106.33699404761894,-781.92,794.3199999999998,0,16,0.3482142857142857,1.909136904761905,28.0,6,336,12.0,52,284,0.2750296831268326,0.05029985669363,0.3091694466620606,0.0893290779800285,0.7238280644625518,0.40176935754675597,1.9091369047619036,1.0,0.25618080824964956,52.046769884548596,0,0.4624310702497216,51.800511618317
4b1e030d-7439-4faf-a4f5-9937e340dc77,2247.853,774.2765084480122,0.3444515759918519,-29.590000000000032,-10.886285714285746,13.826086956521738,1834.6399999999999,3720.92,1756.0546153846155,536.6636635674058,0.27805644734196544,1.0155784208308996,-0.015578420830899543,-501.2249999999998,-96.58657142857147,0.3056076154270774,848.2214610389618,-1074.44,1982.5100000000004,5,5,0.06493506493506493,-1.1369480519480528,25.738161559888578,8,308,11.966666666666667,24,284,0.2867909956745393,0.055671789925764714,0.2066629801859819,0.06597851371953593,0.6151042795058219,1.1271040334204083,1.1369480519480544,1.0,0.3369564027051901,42.931163578466915,0,0.5797333393267476,41.186508367897964
4b447e91-23df-4a15-b2de-6d1acb4056e3,1432.5716666666667,152.88346410573544,0.10671959222917442,-115.46499999999992,-23.13714285714288,7.0,1294.96,1692.1100000000001,1320.15,449.51310207082213,0.1885170391476493,0.9983182923949122,0.0016817076050878114,-94.07499999999993,-1.199142857142884,0.34050153548522677,-148.07722379603416,-943.5600000000001,491.01999999999975,67,116,0.6685552407932012,0.08189801699716624,29.33518005540166,6,353,12.033333333333333,52,301,0.24567008282308153,0.04989860891194507,0.27172346235150535,0.08892108946265632,0.6562132435491883,0.3134188281327284,0.08189801699716753,1.0,0.321198931356868,50.05564982762374,0,0.5131051028575372,47.125140458322356
4bf53b89-b679-45fc-bcfa-6f5795c8fb3a,2718.322,980.0917615180506,0.3605502812095295,-26.36499999999978,-18.345714285714376,13.826086956521738,2179.41,4588.23,1886.8723076923075,555.202102213747,0.29158672838323413,0.9023706536606036,0.09762934633939631,-8.864999999999895,59.52200000000001,0.2942446608338713,2775.2522539682523,-582.65,5514.039999999995,0,0,0.012698412698412698,8.425015873015871,26.17728531855956,6,315,12.033333333333333,24,291,0.2572101465536459,0.05603309688844808,0.18089284492418484,0.06489518165986222,0.5590312700261411,1.2253417961357467,8.425015873015871,0.9904761904761905,0.24414517471729777,47.20377220061253,0,0.47970346924130836,51.939829573186486
4c274e56-7130-40d0-a81a-ac96ed7d1825,11183.443000000001,3984.0837312682916,0.3562484050098249,264.15999999999985,13.741714285714417,13.826086956521738,8997.47,18770.63,5566.109230769231,2129.945957817794,0.2509834932341912,0.647022746036261,0.352977253963739,-1680.4999999999998,-665.1885714285714,0.3826633415750336,23513.14957792206,-2864.79,43711.33999999998,0,0,0.003246753246753247,128.16561688311688,25.738161559888578,8,308,11.966666666666667,24,284,0.30739621063030415,0.05580571206917226,0.03997856474075113,0.015723780234763125,0.41890426767499067,0.9309708203130056,128.16561688311688,0.2305194805194805,0.14301828289944832,55.77837117675415,0,0.31470838579513366,72.1455029069284
4c312604-85f1-43f5-abf9-e18fe1575760,402.36750000000006,43.37205072498773,0.10779213213042237,-30.079999999999984,-7.850000000000003,7.0,361.1,478.94,851.4592307692309,301.4400485575183,0.16758650533879846,2.2924668783305475,-1.2924668783305475,116.59000000000015,31.347142857142913,0.35402757720435934,-2902.7510588235295,-6254.259999999998,-110.66,84,163,1.0,-18.35458823529412,28.333333333333332,6,340,12.0,52,288,0.27502221228106144,0.05019457751102329,0.9028085850207415,0.3906441250846551,1.6186694998974815,0.3044738293599097,18.354588235294116,0.4970588235294118,0.2965244281988296,-2.012990641221762,0,0.5390539196230792,46.60284880771973
4c51fd97-844b-4ae6-93e4-3241db75ce3f,5169.2080000000005,1812.4036196645966,0.35061533984792187,-28.78999999999951,-14.286285714285546,13.826086956521738,4215.030000000001,8684.869999999999,3327.773333333333,1503.84649733054,0.27000186310766355,0.7725222123002208,0.2274777876997792,-659.6600000000001,-371.6594285714286,0.45190773129496203,7890.048588588596,50.139999999999645,14946.47000000002,0,0,0.0,35.31171171171172,27.827298050139277,6,333,11.966666666666667,24,309,0.3239707127281393,0.05603179442576116,0.08954776050799271,0.03443370821990525,0.5039839758817986,0.7758560333615399,35.31171171171172,0.5255255255255256,0.3605508988993642,49.54249668665427,0,0.24455662420954694,82.72733342393082
4ca02121-7b1c-4f72-8aaf-02f234d5974d,2061.624,707.642915556835,0.34324538109608493,11.545000000000073,9.162285714285723,13.826086956521738,1687.25,3412.34,1701.580769230769,617.572890697413,0.2511989982165905,1.072967233598367,-0.07296723359836718,352.1200000000001,-29.984571428571385,0.36294068542899566,151.53904255319196,-1504.3099999999995,1363.42,29,38,0.36879432624113473,-5.334432624113474,23.697478991596636,9,282,11.9,24,258,0.33260963201825366,0.05432222364504877,0.24692863490141753,0.10098786199617389,0.7348483525608938,0.9457340961660694,5.334432624113475,1.0,0.36457456980047964,39.52513551460285,1,0.6947774822591286,28.791596930290552
4da40504-d52f-4fa4-ad71-9b6e62e7b890,4957.442727272726,1689.7606842277453,0.3408532941655073,727.3049999999998,208.07771428571428,14.458333333333334,3990.17,8367.82,2924.6141666666663,1380.505418766872,0.23164822026381257,0.6435753991198174,0.3564246008801825,20.15499999999986,-208.08457142857156,0.4720299294523029,9192.526426512959,260.0900000000004,20027.339999999975,0,0,0.0,56.012968299711815,29.078212290502794,7,347,11.933333333333334,25,322,0.26911822389366064,0.04826425354567888,0.08844185977851116,0.030624110267995577,0.4364484474858462,0.7221010213504893,56.012968299711815,0.2507204610951009,0.2638011794718221,54.59078662119602,0,0.19759653942523883,80.88321583444927
4db2e484-43d0-4c4b-9d80-bdfa1eefaa63,3881.398,1340.1303962575182,0.34527002803049783,-15.764999999999873,9.573428571428654,13.826086956521738,3104.5299999999997,6505.7,2542.8474999999994,831.1193113465608,0.2657008203074178,0.7861644180782287,0.21383558192177135,-245.06499999999994,-189.97142857142856,0.3268459124452257,6051.681717171719,50.18000000000029,11249.090000000002,0,0,0.0,27.945488215488208,24.818941504178273,6,297,11.966666666666667,24,273,0.29595625081478383,0.05513297013086523,0.12374458893419332,0.045522257701992946,0.5203560675818354,1.056369423277887,27.94548821548822,0.6262626262626263,0.29406174246260014,51.658404187051396,0,0.1381265750705672,87.30202389422848
4ddd2dda-79ae-4d43-8717-43a67a57692b,4233.277,1431.6024293004286,0.33817830236491225,-39.320000000000164,12.926571428571425,13.826086956521738,3496.48,6983.01,2784.5223076923075,888.3309545167073,0.27836703934026524,0.855100906460881,0.14489909353911898,-579.7149999999999,-42.63542857142863,0.3190245422213614,4288.120588235294,-1193.09,9038.899999999996,0,0,0.016339869281045753,20.045686274509805,25.571030640668525,8,306,11.966666666666667,24,282,0.3382032406572969,0.05500088938191382,0.11655651165751732,0.03961895240968166,0.5493795941064097,1.060038516191211,20.04568627450981,0.7745098039215687,0.3284449563093131,49.27012382619016,0,0.28642047217604794,75.73579277347714
4e58bf16-11a2-4ed5-8896-4755dc2ea7ea,4624.846363636364,1779.711819886988,0.38481533870622664,-496.2050000000004,-152.15371428571433,12.814814814814815,2650.52,9339.75,2721.0099999999998,1283.4049912829541,0.2026046323862208,0.6953180361175635,0.30468196388243657,-694.3150000000002,-317.9682857142856,0.471664930038094,6575.766758409786,-3164.54,16287.02999999999,0,0,0.10703363914373089,47.40116207951071,27.25,7,327,12.0,28,299,0.3134445154050326,0.04985207371016354,0.09293596190222338,0.034905336413140794,0.49113788743056025,0.8158659128528954,47.40116207951071,0.3333333333333333,0.25318030946088166,51.20951979334879,0,0.39431554376743894,62.8574532801051
4e6cc891-5900-435b-bded-939673b606bd,967.2918181818181,380.99973931272405,0.393882933930812,-379.78,-22.326857142857172,11.241379310344827,405.34,1877.0900000000001,1164.0253846153848,333.7124338062984,0.21951279148683647,1.422183396756267,-0.42218339675626687,41.360000000000014,53.11542857142853,0.28668827863798096,-2306.485473372779,-4492.119999999994,-96.08999999999969,77,163,1.0,-13.290295857988168,28.245125348189415,7,338,11.966666666666667,30,308,0.29841516285862774,0.05357131109254422,0.4344698083966388,0.15054684071085062,0.9370031230586615,1.3739066549985894,13.290295857988168,0.5857988165680473,0.26468957523395276,25.56241053906535,1,0.8067046444263605,17.89872962807135
4ea4cbf2-4d25-49c9-8278-674b6d5ebb99,1950.5374999999997,371.95587971803616,0.19069404188232025,-289.80500000000006,138.9022857142857,10.058823529411764,1422.74,2542.87,1925.4399999999998,705.5708010991076,0.24827831560578367,0.9871330338432353,0.012866966156764715,-618.685,-209.82514285714282,0.3664465270790612,-508.50028391167143,-2375.4,1165.06,56,119,0.7192429022082019,0.9500630914826487,26.63865546218487,8,317,11.9,35,282,0.3053671103477887,0.051365328787577776,0.2057005654424314,0.07804429975498205,0.6404773043327799,0.5203870900410466,0.9500630914826458,1.0,0.2212186997950252,47.464926848219754,0,0.5628729163998355,41.16855461238961
4ecc3925-fba9-4308-96ab-76baff87c010,4160.065833333333,697.4165519643105,0.16764555656214028,-329.47,-51.10742857142859,10.741935483870968,2930.2,5422.91,2741.3115384615385,929.9592274650734,0.24214967288257588,0.7138719158891517,0.28612808411084834,-467.50999999999976,-0.894000000000025,0.33923879661885464,5927.688287461774,-2692.58,15695.720000000003,0,0,0.11926605504587157,43.681162079510706,27.478991596638654,10,327,11.9,32,295,0.29614675569036464,0.05686448471668818,0.10095513312189171,0.030369511379928084,0.48433588490887264,0.49418155657029783,43.681162079510706,0.40061162079510704,0.2024651310925006,59.63098073519263,0,0.2578713462138154,77.03854528661395
4f04edd2-1abc-44a8-bafb-ab352d24e8fe,362.16,127.25005304517559,0.35136418446315326,0.0,0.0,27.636363636363637,301.8,603.6,893.5823076923077,329.00348068457276,0.14983768874977724,3.2075795228628228,-2.2075795228628228,-103.53999999999996,-24.917142857142874,0.3681848642843323,-3727.5994983277606,-7994.970000000004,462.42,75,156,0.9632107023411371,-26.739030100334446,24.98607242339833,8,299,11.966666666666667,12,287,0.46779324055666,0.08910702451954935,1.3130743317870552,0.47146841175171184,2.3414430086149762,0.9543145809269629,26.73903010033445,0.2809364548494983,0.27150096801379414,-46.207803734094156,1,0.6783959303541519,30.404999157340413
4f43fe5e-0140-4a65-b555-f6ac848b13aa,569.5583333333333,65.69681600605416,0.11534694896230267,-69.63999999999999,3.2305714285714218,7.0,492.59,684.29,941.1646153846153,374.772272734065,0.1917550596070008,1.7901502626304007,-0.7901502626304007,463.975,114.94971428571428,0.39820055557540374,-2487.2364890282142,-5525.630000000005,-4.589999999999975,86,163,1.0,-16.929278996865204,26.583333333333332,6,319,12.0,52,267,0.2395189254831961,0.0512868158075702,0.7120883140445081,0.22959164264708035,1.2324856979823549,0.28967048726394967,16.929278996865204,0.5391849529780565,0.26067294693808163,16.96956991440681,0,0.6124605582272574,37.629867520236516
500711bb-6958-4a8d-80f9-c8790c1415d3,3256.455,1151.5727561349402,0.3536277197550527,-51.5949999999998,-3.919142857142872,13.826086956521738,2591.84,5513.91,1880.0323076923075,871.4470955366314,0.2124071517592578,0.7505222703829778,0.24947772961702222,-816.665,-223.37914285714288,0.4635277234178549,5511.900471698114,-728.34,10053.680000000004,0,0,0.0031446540880503146,25.547578616352197,26.573816155988858,7,318,11.966666666666667,24,294,0.2683924697255144,0.055063251296271556,0.1436853879448664,0.053246244766164436,0.5203873537328169,0.7629052198810318,25.5475786163522,0.449685534591195,0.2758295479373922,50.09972312367221,0,0.2730138663030467,75.18350610729148
5025b909-4d40-4572-bbce-c3bdeb9a9ddf,2894.023,1063.0725903097014,0.367333842996307,13.209999999999809,13.459142857142874,13.826086956521738,2315.1899999999996,4923.42,1971.9153846153847,750.1960194133196,0.2216618750219427,0.8857877079760595,0.11421229202394043,-435.9549999999999,-260.79885714285723,0.3804402690228226,2666.930398773005,-758.83,4942.009999999996,0,0,0.009202453987730062,10.139049079754598,27.318435754189945,8,326,11.933333333333334,24,302,0.3146471192523349,0.05460253771307277,0.16320499180552467,0.056924910410179864,0.5893795591811122,0.9655493198441374,10.139049079754598,0.9570552147239264,0.25190736066846364,45.93967101061196,0,0.44460160078772926,57.65905767236762
5029db5b-9bd8-4c94-a3c3-26ff7f3bdf56,2937.5950000000003,1045.8091696146098,0.35600862937695965,25.579999999999927,-4.12628571428569,13.826086956521738,2384.67,4927.48,2169.2966666666666,573.313630355598,0.2528688253796545,0.8861521074212069,0.11384789257879317,-240.90499999999975,-90.60457142857146,0.264285489009002,2763.62861356932,-348.4599999999995,5724.439999999996,0,0,0.032448377581120944,9.865457227138643,28.328690807799443,6,339,11.966666666666667,24,315,0.325866567719512,0.05460623401115538,0.16311302272777561,0.057628093729734695,0.6012139181881777,1.3470608269560853,9.86545722713864,0.8702064896755162,0.31450823538812117,48.58794704166289,0,0.4545261566483497,56.08488246204251
50666f96-9304-487d-93d2-d466f9bdf887,714.533,242.7016779253448,0.3396647571565551,3.105000000000018,6.557142857142857,13.826086956521738,581.81,1187.8600000000001,1047.8899999999999,264.60503107977223,0.1419558986789326,1.7598459413351097,-0.7598459413351099,196.31,17.525999999999993,0.25251222082448754,-2225.2166666666676,-5429.350000000002,582.44,70,159,0.9439252336448598,-16.913862928348912,26.899441340782122,7,321,11.933333333333334,24,297,0.2795728118925228,0.05521508453773304,0.6585448117861596,0.25037052172537866,1.2437032299417943,1.345141855105081,16.913862928348912,0.4454828660436137,0.3012951423018319,14.365975215409199,1,0.719607754197474,22.402638818094385
508c31ad-01e5-4fd1-8bdd-8c31808a7187,1459.7866666666669,225.39724428957277,0.15440423552042268,300.2450000000001,-14.395714285714277,13.48,1042.78,1782.15,1352.323846153846,427.80177264200415,0.238263934276098,1.003583286142267,-0.00358328614226718,91.00500000000011,-9.875428571428555,0.316345654821305,-244.87214765100674,-1245.2400000000002,895.8500000000003,46,104,0.7483221476510067,-0.21063758389261758,24.972067039106143,8,298,11.933333333333334,26,272,0.23065699097585032,0.05107024770742755,0.28722005041832593,0.10170321690840668,0.6706505060100105,0.4880871071475327,0.21063758389261758,1.0,0.23327081985937598,48.89762839227053,0,0.5584224295990797,39.8286387829863
50c6a208-2e27-4771-beb3-14575619f934,3380.8900000000003,1155.3569046066339,0.3417315868326487,-15.699999999999818,-6.569714285714261,13.826086956521738,2780.5699999999997,5641.1,2082.753846153846,736.5206887741224,0.2703388265536014,0.8008482973418242,0.1991517026581758,-143.27499999999998,-70.1882857142857,0.3536282936815751,5021.211186440677,-725.63,9184.019999999999,0,0,0.003389830508474576,22.82406779661017,24.583333333333332,6,295,12.0,24,271,0.2575523013171088,0.05241903759069358,0.14174995341463345,0.05416798535296921,0.505889277675405,0.9663581589440385,22.82406779661017,0.7288135593220338,0.2813881768959736,50.64155462771607,0,0.30743606942371343,72.37693161202287
50ed4340-7ec8-4c07-8d58-a799681ac6c9,68.844,24.18931591518132,0.35136418446315326,0.0,0.0,27.636363636363637,57.37,114.74,654.9499999999999,224.54250566429508,0.09831284830903121,12.367599209807683,-11.367599209807683,211.88499999999993,45.73514285714285,0.34283915667500586,-3669.4380263157886,-7825.909999999996,88.13,71,147,0.9901315789473685,-25.743125,25.403899721448468,8,304,11.966666666666667,12,292,0.4638312706989717,0.08729882052175934,6.802945790482831,2.517866480739062,9.871942362442624,1.0248659688433102,25.743125,0.2631578947368421,0.27727659774380903,-412.10167705970207,1,0.7549956117313847,23.853611587233683
50fa2183-7b9e-441b-9234-44fb1f17a5e5,5539.08,1813.0385032977097,0.3273176237385468,1243.9550000000004,334.7797142857144,14.458333333333334,4434.610000000001,9061.14,3126.525833333333,1326.4809396599185,0.2792079387371126,0.6157620858600081,0.3842379141399918,-285.0799999999999,-104.9517142857143,0.42426674538162895,11076.258422712937,413.6999999999998,24594.52,0,0,0.0,73.85353312302838,26.564245810055866,7,317,11.933333333333334,25,292,0.22722841403922014,0.048025533613392964,0.07961807901148009,0.032198159589350905,0.3870701862534441,0.7714901705155416,73.85353312302838,0.23659305993690852,0.2542635849002794,57.06465294581069,0,0.2863583064222542,77.77271115989925
51430541-0208-4cf5-ba64-ca47394e9f2f,4199.193,1412.7019336800433,0.33642224438839635,-31.38500000000022,-24.984571428571428,13.826086956521738,3423.91,6944.47,2810.5750000000003,1015.5050142081124,0.258560970619891,0.8031757530554082,0.19682424694459177,-687.2049999999999,-233.21885714285713,0.36131575005403244,5858.573238095239,-263.34999999999945,10820.41,0,0,0.012698412698412698,26.23819047619047,26.323119777158773,6,315,11.966666666666667,24,291,0.3318837690956332,0.05485673080518089,0.11584725922337932,0.045883339965560044,0.5484710990897536,0.9311031814640978,26.23819047619048,0.6476190476190476,0.17636219160373473,50.55398754505113,0,0.31408514898628737,70.51870989298844
519d1d00-edd3-42ca-bd75-692ba4a5861c,3461.425,1237.0449143220305,0.35738024493439274,-50.569999999999936,-14.75028571428576,13.826086956521738,2791.4300000000003,5841.07,2536.301666666667,840.4105142762437,0.31302763012549123,0.8792800652910289,0.12071993470897115,45.13499999999999,-3.8142857142856363,0.3313527429805906,3915.4783177570052,106.84000000000009,7117.509999999989,0,0,0.0,13.017538940809974,26.82451253481894,6,321,11.966666666666667,24,297,0.26980217684913005,0.05595210065218804,0.13962919895707693,0.0573963035455051,0.5227797800039001,1.0785492273873427,13.017538940809972,0.9065420560747663,0.2834392727994371,47.48033518071525,0,0.38113830308513036,64.31903129529044
5215bfcf-2747-4cac-8552-ede67ccf2af6,459.3733333333333,98.74678096786319,0.21495975887701332,-16.764999999999986,19.32857142857143,10.818181818181818,319.3,636.77,849.2476923076921,260.3135038805403,0.13056533293720596,2.0027682640118427,-1.0027682640118425,-32.78000000000003,16.789999999999992,0.3065224742303165,-2805.981156249999,-5657.729999999997,-74.88999999999999,67,156,1.0,-17.2741875,26.59279778393352,6,320,12.033333333333333,34,286,0.27561460540446403,0.053790671349374514,0.8556493629001829,0.36652831393492585,1.5515829535889474,0.7012854747984832,17.2741875,0.409375,0.2135990043676666,7.310027188609566,0,0.6172099454360044,33.766244790941926
522f9c19-462f-47ba-90b4-a756c72a8174,6900.053333333333,1424.6614799589368,0.2064710823431708,802.9799999999996,-233.34771428571443,11.321428571428571,4327.2,9646.74,4903.41,2333.4990532817164,0.30439303385885463,0.7698531074155948,0.23014689258440527,-2449.795,-154.1162857142857,0.47589311382929766,5581.999003322255,-8373.29,19951.65999999999,0,0,0.19933554817275748,63.31,25.294117647058822,9,301,11.9,29,272,0.32775108984664847,0.05578278138912936,0.06248490349833043,0.021602731573089284,0.46762150630719757,0.4338602016780427,63.309999999999995,0.5282392026578073,0.1630657973815083,53.49388095649513,0,0.32989973949517143,69.44875933859507
5235b0ba-dac4-46ef-a7e8-ee43f06b88ac,604.7824999999998,72.86714924186595,0.12048488380842033,-71.98000000000002,-15.713142857142865,7.0,539.28,726.39,986.2607692307694,252.8830465011293,0.13303705760451873,1.7666668044572498,-0.7666668044572499,148.45500000000004,16.948000000000008,0.25640586586280273,-2912.477048710604,-5713.430000000002,-184.55,89,175,1.0,-15.94269340974212,29.002770083102494,6,349,12.033333333333333,52,297,0.30515102536862426,0.05068213228171561,0.7027540203847389,0.2504054487908188,1.3089926268258973,0.46989909299847765,15.94269340974212,0.504297994269341,0.24458346559928368,20.590663990201335,0,0.6138088795215232,36.821329110301996
52406f9f-f4f2-4448-98b3-e02445d397fa,2476.713333333333,478.8582447738357,0.19334423501057948,242.85500000000002,-53.355428571428625,11.533333333333333,1793.79,3160.3,2046.931666666667,644.7621036099401,0.26880355068032724,0.8264709682455513,0.1735290317544487,-448.96500000000003,-187.40171428571426,0.31498955930458844,2108.111368078177,-2001.3200000000002,5180.460000000003,0,0,0.0781758957654723,16.79928338762215,25.943661971830984,9,307,11.833333333333334,31,276,0.27642278611170185,0.05208280059325935,0.15346177864750868,0.0521191390740955,0.5340865044265654,0.6138115670799729,16.79928338762215,0.7166123778501629,0.2874371315114737,54.84104303376879,0,0.37608909348261027,66.19223072549237
525a6954-4010-46ba-b61c-967f6289bddf,3089.6925000000006,528.5930808222728,0.17108274717379568,-276.3549999999998,-112.90485714285722,12.428571428571429,2233.36,3849.08,2574.016666666667,998.751836592539,0.3075621110974417,0.8330980078654,0.1669019921346,-754.5850000000002,-300.6931428571428,0.3880129641452227,2273.6434700315467,-2209.96,6368.020000000002,0,0,0.12933753943217666,19.520851735015768,26.63865546218487,8,317,11.9,29,288,0.29286085913080356,0.057915418227973615,0.12857428368680704,0.041755234002520764,0.5211057950481051,0.44092018304255437,19.520851735015775,0.7728706624605678,0.34058443030024405,53.783337987265675,0,0.39615591382711957,62.98765825932856
527fd1f7-3cb9-49bc-bbb7-e2b3f3e74f44,4728.237272727272,1714.6387962197223,0.3626380609344314,-623.345,-236.5702857142857,14.458333333333334,2742.06,8170.42,2778.153846153846,1160.1013463884558,0.18110837302026803,0.694396777888204,0.305603222111796,-821.9499999999998,-370.1037142857143,0.4175799507988129,8003.96425806452,-1361.77,16366.93000000001,0,0,0.0032258064516129032,51.27293548387097,25.833333333333332,7,310,12.0,25,285,0.31419050843664403,0.052933238045083486,0.0925266979179825,0.030161345925379456,0.4898117903250894,0.8684278549310618,51.27293548387097,0.3,0.3492762210654558,52.99338804046264,0,0.3358002766829429,71.33989890881553
52ad5c78-4718-4741-a5b2-7ced5bac5bf9,1443.408,501.6546610479276,0.3475487603282839,13.835000000000036,10.975714285714282,13.826086956521738,1171.66,2412.9,1274.9115384615384,347.2061827129559,0.17233231868274418,1.1482442940596147,-0.14824429405961462,-332.7349999999999,-46.15514285714283,0.27233746988590024,-278.8592012779553,-2139.77,899.3699999999999,72,146,0.7220447284345048,-6.83632587859425,26.01108033240997,6,313,12.033333333333333,24,289,0.3305593428884972,0.054525123873499386,0.31549707359249773,0.1399098522385909,0.8404913925930853,1.2761694542946829,6.83632587859425,0.7891373801916933,0.2410526220522087,38.19701603004889,0,0.6321206188303861,36.37424767081666
53a7a752-a42b-452e-9b48-6bb22f468497,822.9789999999999,294.94748321429097,0.3583900478800686,-23.130000000000052,-1.3794285714285837,13.826086956521738,653.3599999999999,1388.44,1046.9653846153847,326.575119449706,0.17995378584994728,1.6538149819132686,-0.6538149819132685,192.35500000000002,125.5542857142857,0.31192542203262746,-1949.5888714733553,-5380.760000000003,397.73999999999995,70,147,0.9341692789968652,-16.86758620689655,26.657381615598887,8,319,11.966666666666667,24,295,0.3255976154920113,0.055808228399509587,0.5395168041954899,0.20998834721177576,1.1309109952987866,1.1489606892078867,16.86758620689655,0.4608150470219436,0.27456054310810374,16.857190846414653,1,0.7508321126646936,23.061956023838366
5408abcf-7ea8-45cd-9b2d-7f9da794452f,4097.519166666666,853.9538403158285,0.2084075279653958,-166.60500000000002,-163.90314285714294,9.96875,2753.77,5728.360000000001,3052.9976923076924,1219.4809894046036,0.27497337421454876,0.8071747884848213,0.19282521151517876,-836.2950000000002,-318.066,0.3994372457199027,2942.1065016501652,-4399.37,11018.939999999999,0,0,0.19471947194719472,31.291287128712874,25.462184873949578,10,303,11.9,33,270,0.33536633853451575,0.053617605612176315,0.09519215183658895,0.03734759833338181,0.5215236943166628,0.5217528665605145,31.29128712871286,0.6534653465346535,0.22421821478360354,53.472037707247225,0,0.40274409028381447,65.16556513656786
543d0207-223a-4692-89ed-e8319909a16b,1995.6419999999998,713.3539986227813,0.35745589570813874,20.69500000000005,-5.7205714285714295,13.826086956521738,1627.1599999999999,3350.77,1656.831538461538,764.249038237822,0.19149943752695714,1.0792922778734864,-0.0792922778734863,-339.91999999999996,-86.03514285714277,0.4612714210809088,274.56677524429944,-1582.3900000000003,1477.2199999999998,30,34,0.2931596091205212,-5.154364820846903,25.51246537396122,6,307,12.033333333333333,24,283,0.35116518894671495,0.05600202841992702,0.2494545614894856,0.08805787811641567,0.7446796569725432,0.7749361425221261,5.154364820846901,0.996742671009772,0.25719016045918974,36.87920359219821,0,0.6270806980133357,33.221505126087024
546bced6-3f59-461d-9628-4fb30cec7bdc,137.148,48.188895170752545,0.35136418446315326,0.0,0.0,27.636363636363637,114.29,228.58,748.2076923076922,245.322224300811,0.13169523065376745,7.092119462186835,-6.092119462186836,156.185,59.54685714285714,0.3278798478323114,-3803.4529209622,-8355.219999999996,172.82000000000002,65,129,0.9621993127147767,-28.712096219931276,24.25,7,291,12.0,12,279,0.48788170443608364,0.09217779333275003,3.566461049377315,1.3363884271006503,5.482908974246799,1.0716248247219284,28.71209621993127,0.2611683848797251,0.2841138310012645,-200.78330097801427,1,0.6785078656613861,27.13189846110529
5473c52f-146a-4517-b20a-d81f32ff534f,1812.9183333333333,444.0549589415776,0.24493930629799152,33.79000000000008,16.85085714285718,10.090909090909092,1210.57,2976.46,1715.4684615384617,565.1295854764367,0.22970850303729554,1.0251008732697098,-0.025100873269709695,-467.32000000000005,-55.25428571428573,0.32943163814834503,-744.2020353982299,-2530.66,760.7900000000002,75,157,0.8407079646017699,-1.6108259587020635,28.328690807799443,7,339,11.966666666666667,34,305,0.2913975716869026,0.058686225064375944,0.2300797700944426,0.08937477419004902,0.6695383410357701,0.7435208945769012,1.6108259587020641,1.0,0.26589731712665166,45.05915311730496,0,0.5831222381452904,37.728813044019546
55cadeb5-5fae-4a62-a66a-ad4f98dd5125,6247.655454545454,2126.197695226686,0.3403192942849914,-348.27,-87.12485714285711,14.458333333333334,4737.68,10547.58,3267.686923076923,1498.1248075699204,0.23469812685661198,0.6181217652410994,0.38187823475890065,-1865.995,-341.62485714285714,0.4584664451756151,13480.463969696968,-1645.94,26863.470000000005,0,0,0.0030303030303030303,79.52812121212122,27.6536312849162,8,330,11.933333333333334,25,305,0.2873991567163886,0.0505409956695028,0.06574742728945158,0.022325465800188904,0.42601304547553187,0.7422992410156265,79.5281212121212,0.20606060606060606,0.2509961763119665,55.896221658293975,0,0.2574544156312567,77.58802731918611
55d17b60-4f7c-47db-84e1-ebbe4b567588,3974.097,1393.1790959293226,0.35056494492442497,-98.29499999999985,-21.883714285714216,13.826086956521738,3215.6400000000003,6697.67,2297.0830769230774,881.1221939888608,0.21005435656190058,0.75141799508165,0.24858200491835009,-546.7349999999999,-391.3280000000001,0.3835830766596027,6461.332945205481,-1065.74,11929.680000000008,0,0,0.010273972602739725,33.83181506849315,24.401114206128135,7,292,11.966666666666667,24,268,0.32180593478216557,0.05611111153049358,0.12125949618240318,0.04621980792114536,0.5453963504162077,0.913921823604125,33.83181506849316,0.4383561643835616,0.15287983958250728,51.75467031580921,0,0.2756219230070581,74.34228980232658
56168424-40b4-4a80-a80f-b0b896a0ae7f,1480.512,522.931877437205,0.35321015799750693,8.615000000000009,-7.314571428571435,13.826086956521738,1188.77,2475.6,1467.0641666666663,408.60045795948025,0.2273781480814574,1.1891001221199156,-0.18910012211991564,-329.32000000000005,-38.481714285714325,0.2785157372413138,-633.9263366336642,-2799.6500000000015,1214.78,72,153,0.8316831683168316,-9.23976897689769,25.533707865168537,9,303,11.866666666666667,24,279,0.3054483854234212,0.053122838585570396,0.3235279416850387,0.12122225284225999,0.8033214185362902,1.2681874334859427,9.239768976897691,0.858085808580858,0.22349283745257675,36.2693756304519,1,0.6870616983132249,28.809825914113485
5624ccb3-0cf9-47b4-b963-02c80ae3641b,1750.6975000000002,329.3116524765229,0.18810311460233586,-438.345,-155.30571428571432,12.0,1237.9,2396.7400000000002,1489.683076923077,511.8449845474802,0.15546672808052098,0.9218173518459545,0.07818264815404549,26.73500000000007,-13.286571428571357,0.3435932061500558,413.81508928571395,-1461.9600000000003,2582.0,0,1,0.36904761904761907,4.888363095238096,28.0,7,336,12.0,29,307,0.3180846491184227,0.05204687465043693,0.23883813927496508,0.0899617628592794,0.6989314259031041,0.5474587716969773,4.888363095238095,0.9166666666666666,0.2877741677630967,50.61234836509063,0,0.49473599150580355,53.044722760869455
564a616f-458b-456d-bf3b-cf02005f2cd4,2899.914545454545,995.5109281305116,0.34328974613783697,-968.9949999999999,-445.12342857142863,13.833333333333334,1263.12,4776.01,2360.710769230769,837.3889430491816,0.2622766155173605,0.9620734905668067,0.037926509433193326,-543.2149999999999,-92.07114285714283,0.35471899140022245,1128.3785840707978,-3058.859999999999,3952.1000000000013,0,0,0.13274336283185842,3.568790560471974,28.328690807799443,7,339,11.966666666666667,25,314,0.34240883587165266,0.05653614871410004,0.15428103524053688,0.051434117494371316,0.6046601373206609,0.9677794379791465,3.5687905604719736,0.9646017699115044,0.2191843134597012,44.12398816518818,0,0.517688265081794,46.86571904801109
5674eb76-b58a-4596-a0f0-318ef8c6d438,2955.3979999999997,1026.190620929876,0.34722586295648716,97.03999999999996,14.04028571428571,13.826086956521738,2387.45,4906.07,1984.8338461538463,791.0404015234036,0.2625048250502658,0.8730749631690892,0.12692503683091086,-479.7449999999999,-164.2377142857144,0.3985423782732539,3174.544121405752,-635.87,6000.8700000000035,0,0,0.003194888178913738,11.984472843450483,26.15598885793872,7,313,11.966666666666667,24,289,0.2581865454331362,0.05417138402340395,0.17199984570606056,0.05729076083830333,0.5416485360009041,0.8712395014575277,11.984472843450483,0.8785942492012779,0.22928561352161234,46.68937801907674,0,0.41449179979968237,56.89413769875192
56b388d6-8f6e-44a9-bc10-72a207922a31,6264.974,2217.0629730905007,0.3538822304913796,-82.07000000000016,-0.35542857142848205,13.826086956521738,5029.43,10521.9,3891.3099999999995,1362.6402979043028,0.28745139811528764,0.7453457907407118,0.25465420925928817,-864.7099999999998,-261.32257142857145,0.35017521038012983,10950.018913043476,151.3299999999989,19620.799999999985,0,0,0.0,49.54664596273291,26.983240223463685,7,322,11.933333333333334,24,298,0.3098177262986247,0.05336398842197909,0.07542313822850662,0.02926061624517516,0.4678654691942856,1.010586186575645,49.54664596273292,0.42857142857142855,0.24361333329906895,52.566197248027535,0,0.2501666606847158,72.61301954867558
571e31dd-6eb2-4c08-9f41-d1ebde202460,7379.936666666667,1944.6217807319167,0.2635011475796653,-1405.3650000000002,-688.7888571428573,15.863636363636363,2562.28,9431.080000000002,4436.967692307693,2209.467171952527,0.28465941223198515,0.6513219851480206,0.3486780148519793,-1630.7350000000001,-559.7091428571429,0.49796782964704667,14602.964051446956,-5480.679999999999,31341.400000000005,0,0,0.09967845659163987,99.2882958199357,25.988857938718663,7,311,11.966666666666667,23,288,0.26600770286646536,0.05731338706158725,0.055430466657121265,0.017472485084560344,0.39622404166973424,0.5291529530460464,99.2882958199357,0.2315112540192926,0.3392495359790072,56.08272957374828,0,0.32335487655033823,73.31726981814079
572d3822-12c4-4926-943f-a1adcd8833e0,623.2441666666666,70.58576130667166,0.11325539023363769,-64.57499999999999,-8.561999999999996,7.0,561.55,751.14,1027.3584615384616,312.68605631544006,0.1174213779027019,1.7857714940506195,-0.7857714940506194,-137.005,-38.083714285714265,0.3043592553344964,-3247.9979619565192,-6017.299999999994,-152.10000000000002,96,192,1.0,-15.969375000000001,30.581717451523545,6,368,12.033333333333333,52,316,0.29495663149675155,0.05050455078467107,0.6291969573187608,0.26393347711504184,1.2385916167152253,0.372110879654926,15.969375,0.5461956521739131,0.28911038466088534,19.084293424276165,0,0.6419057420661187,36.50605207579593
572f5f16-73e5-4aea-9867-a8fb964b2a12,1310.864,441.07408418289293,0.33647585423269916,-8.125,2.7879999999999847,13.826086956521738,1081.73,2147.94,1354.7525,431.9070880751385,0.1798858709124606,1.2401767078812143,-0.24017670788121434,-40.40999999999997,-24.550000000000026,0.31880885111866447,-976.6074503311256,-3148.389999999999,1068.21,64,140,0.9039735099337748,-10.425132450331127,25.23676880222841,6,302,11.966666666666667,24,278,0.32981911166986055,0.053255715314479604,0.3694952336779407,0.14011903599458067,0.8926890966568615,1.0554156606758036,10.425132450331125,0.7185430463576159,0.23189783127668456,33.92247903539717,1,0.6871389671230652,30.68914036397352
5746e79d-2119-4a04-b40f-690ba79f106a,2923.606,1032.1863099610998,0.3530524667007455,6.519999999999754,16.08857142857149,13.826086956521738,2322.49,4890.22,1903.7375,613.5955275131093,0.18329251450545744,0.7813929099885553,0.21860709001144477,-412.625,-26.73685714285716,0.32231099482628744,4640.604134615384,-35.81000000000019,8423.309999999998,0,0,0.003205128205128205,20.484647435897433,26.29213483146067,9,312,11.866666666666667,24,288,0.2789062548099847,0.054802528110833,0.16270523456307043,0.050368278078509895,0.5467822955623981,1.0953782910540377,20.484647435897436,0.5064102564102564,0.26449068389593283,51.70648970290968,0,0.2651117483055545,76.01895486427722
57548784-08aa-4c76-bc4f-965fe5a12f9b,280.27200000000005,98.4775427078569,0.3513641844631532,0.0,0.0,27.636363636363637,233.56,467.12,886.763076923077,311.35161560483937,0.1360202013893226,4.1131186847062855,-3.113118684706286,78.59500000000003,50.67800000000006,0.35111026124946315,-4065.5038666666674,-8725.199999999997,331.26,73,148,0.98,-29.084000000000003,24.930747922437675,6,300,12.033333333333333,12,288,0.5816920705600277,0.08920263172917738,1.721167294628076,0.6345300279728264,3.0265920248901077,1.000723200776834,29.083999999999996,0.29333333333333333,0.25568532744849026,-82.08787814713533,0,0.6389683224369,33.67361943317668
58157bf7-034c-43db-ab70-9912a7473513,2670.801,963.2874858115365,0.36067362780362017,-24.325000000000045,-3.5282857142857083,13.826086956521738,2174.58,4521.62,1859.3046153846155,701.4983532009107,0.18237297980717354,0.9050078983795499,0.09499210162045017,-827.4049999999997,-86.22628571428571,0.3772907071796833,2422.7050741839757,-724.51,4671.68,0,0,0.026706231454005934,7.528338278931749,28.005540166204987,6,337,12.033333333333333,24,313,0.3255248144657727,0.05354311309603374,0.17863592233191464,0.0726789453800564,0.6303827952737775,0.9559568283558351,7.528338278931754,0.9287833827893175,0.27153658770690114,45.43366108711573,0,0.42714506419882575,56.03830527248316
589026a5-fca3-4df8-b371-c96407632a93,611.7872727272728,121.42079106074948,0.1984689719344282,-69.54500000000002,-64.4562857142857,13.153846153846153,446.39,855.76,950.8323076923077,308.4286943566764,0.16526007174281318,1.8367673849793305,-0.8367673849793306,-8.124999999999943,19.607142857142883,0.32437759199121036,-3117.370636942675,-5631.159999999999,-177.64,83,155,1.0,-17.93363057324841,26.166666666666668,6,314,12.0,27,287,0.3167589447312345,0.05326866439017722,0.7156498248054138,0.30352053446979493,1.3891979683966205,0.6118455060847917,17.93363057324841,0.4394904458598726,0.2747228743724122,14.087683602969726,1,0.7035371785962085,27.536383717965748
58cfc99b-11f7-4ba9-9b45-a2bda986d11b,2688.24,953.8304623639009,0.3548159622518454,23.2349999999999,2.562571428571391,13.826086956521738,2183.15,4534.66,1972.220833333333,693.4423031836872,0.2319550929261218,0.8803771240663036,0.11962287593369639,-102.02499999999998,-119.06657142857138,0.35160479570214825,2940.6072136222915,358.44999999999936,5462.460000000005,0,0,0.0,9.95588235294118,26.991643454038996,6,323,11.966666666666667,24,299,0.2876350325863762,0.05477449930065768,0.1734011844180579,0.07445540576734219,0.590266122072434,1.0091328860952664,9.955882352941176,0.8761609907120743,0.25554651799050565,47.108340255749525,0,0.4163528417479806,61.39390805211697
593dcfc6-d621-41e4-ab09-d3a6a93e2b82,97.78799999999998,34.35920087028283,0.35136418446315326,0.0,0.0,27.636363636363637,81.49,162.98,680.2346153846154,213.62729482346057,0.0976405199563499,9.043082995868613,-8.043082995868613,26.33000000000004,13.269142857142862,0.314049432345739,-3623.291197183098,-7865.17,125.86999999999999,65,137,0.9788732394366197,-27.694260563380283,23.666666666666668,6,284,12.0,12,272,0.4553932997913855,0.09205628502474743,5.203020820550579,1.8871231643964494,7.637593569763162,1.1188180849068825,27.694260563380283,0.2746478873239437,0.22699747259147016,-278.5452340155539,1,0.7086484285237997,28.30338952057717
5a00d7a6-2e64-4ea6-87ad-fd0ddbd0d103,2626.377,889.5524967339227,0.3386994695483256,-36.710000000000036,8.089999999999925,13.826086956521738,2156.86,4317.11,1809.3815384615386,635.4692957157222,0.23699173028098,0.8956048579468979,0.1043951420531021,-82.80500000000006,-9.323714285714322,0.3512080134607995,2343.6472222222224,-696.09,4784.290000000001,0,0,0.024305555555555556,9.520173611111101,24.06685236768802,7,288,11.966666666666667,24,264,0.31804573372368095,0.055929898868288905,0.17207468691661554,0.07750867449722564,0.623558994005811,0.9643842297639657,9.520173611111105,0.9166666666666666,0.31049793469591813,46.99066132645833,0,0.38955909654198456,60.13442559805707
5a1b9ff1-3114-47ab-8847-b58d6d37db6c,665.1516666666666,77.88664815362168,0.11709607305645331,-84.63999999999999,-15.886857142857131,7.0,588.4300000000001,779.8,1144.0591666666664,244.95674985442315,0.1632921082898539,1.7199974441919261,-0.7199974441919261,201.7449999999999,-16.12514285714288,0.21411195940864644,-2985.167790697674,-5894.729999999995,-137.25000000000006,92,174,1.0,-16.706075581395346,28.74651810584958,6,344,11.966666666666667,52,292,0.30677213968743977,0.05032310926580654,0.621219220678993,0.2522219243230241,1.2305363939552634,0.5468917914714326,16.706075581395346,0.5203488372093024,0.2895275666832499,23.404980852456426,0,0.5547400851460327,44.53350918651551
5a1e0554-b1b5-4f4e-8d37-6b006db036e0,5765.2245454545455,1861.55865563975,0.3228943887549795,594.0450000000001,221.29457142857146,14.458333333333334,4621.74,9440.62,3509.495384615385,1293.5468500123693,0.29403262884166553,0.7194143821883782,0.28058561781162183,-978.7650000000001,-450.4960000000001,0.3685848557268106,8063.814158730155,-1573.39,18693.54,0,0,0.031746031746031744,56.48898412698412,26.323119777158773,8,315,11.966666666666667,25,290,0.2977204861688743,0.05014990348873899,0.07356127578094807,0.026127343143774108,0.4475590085823355,0.8760381327069603,56.48898412698412,0.4158730158730159,0.2787648191368297,54.164895935279276,0,0.28390192530395025,71.56551297952792
5a49b5bb-7661-40a7-99b0-7a143617656c,1194.666,407.7076526739336,0.34127333721218617,-16.110000000000014,-6.2940000000000085,13.826086956521738,972.83,2001.18,1387.1341666666667,370.8864470539917,0.1668734278887947,1.393327507437225,-0.3933275074372252,-164.49,-21.590857142857125,0.26737604477384125,-1767.951398176293,-4698.950000000002,961.4300000000001,87,169,0.9361702127659575,-14.282522796352582,27.724719101123593,9,329,11.866666666666667,24,305,0.33195554238590536,0.054488032638411066,0.4050613309494034,0.1691334649182282,0.960638370891948,1.276379630422204,14.282522796352582,0.6109422492401215,0.3157318956769983,28.68117869066858,1,0.690022013687706,28.46373311175137
5adbcf59-b624-4d12-9cb0-2a83d8aa8282,160.42800000000003,56.36865338505475,0.3513641844631532,0.0,0.0,27.636363636363637,133.69,267.38,790.8707692307694,233.90464501093666,0.10096368948734209,6.408681776248534,-5.4086817762485335,155.31499999999994,21.424000000000014,0.2957558353540378,-4117.950464285714,-8677.039999999997,147.16,76,143,0.975,-30.989428571428576,23.333333333333332,6,280,12.0,12,268,0.4496222604532874,0.08994065873787618,3.0422993492407806,1.0847046650210688,4.666566933453012,1.1880211392703335,30.989428571428576,0.25357142857142856,0.2939223757260741,-172.80331329091672,1,0.7574949622027349,25.89484917235981
5ae72d3c-319a-4f80-9324-6b92ab11ff54,2560.2300000000005,903.5162086352777,0.35290431275130657,-12.690000000000055,9.409142857142887,13.826086956521738,2072.0699999999997,4305.88,2050.5916666666667,688.9638307676687,0.2651917535995708,0.9611284923620145,0.03887150763798554,66.97000000000003,-123.81142857142866,0.3359829467597573,1573.0847468354405,-958.5800000000006,3465.839999999994,0,0,0.05063291139240506,3.1493670886075935,26.4066852367688,6,316,11.966666666666667,24,292,0.33457306570112844,0.05464548107006012,0.1788409635071849,0.07708487128109584,0.6451443815594693,1.0503637644551311,3.149367088607591,1.0,0.23513985800846093,44.248071987785075,0,0.5585123606134086,41.199233981965314
5ae92647-0032-446f-9cbd-85f6960f7155,3405.0483333333336,712.5915291364119,0.20927501150588027,-160.08500000000004,-164.6751428571428,9.0,2121.76,4274.83,2351.02,1053.104380083,0.3017050537148197,0.7479888929623613,0.2520111070376388,-684.0350000000001,-42.564571428571405,0.4479351005448699,5116.848302469137,-2602.7500000000005,10480.650000000005,0,0,0.08950617283950617,31.78185185185185,27.150837988826815,8,324,11.933333333333334,40,284,0.274944702204423,0.04937962211990138,0.11692638724168869,0.0406085767749748,0.48185928834098785,0.4671994028851889,31.781851851851844,0.5802469135802469,0.350107612865905,54.84349192543174,0,0.22268643760177748,81.34504467438065
5afcae16-330a-4f60-80a4-afdcd156eae8,4233.429999999999,1457.130366126823,0.34419616389708185,-13.230000000000018,6.09085714285719,13.826086956521738,3416.16,7014.3,2827.894615384616,1050.3610581812286,0.2958039182724413,0.86838875332768,0.13161124667232002,-692.6700000000001,-236.22800000000004,0.3714286425197536,4293.2625075528695,-2295.76,8233.710000000003,0,0,0.01812688821752266,16.832839879154065,27.506925207756233,6,331,12.033333333333333,24,307,0.32537587724374806,0.05438639590119595,0.11511634773694145,0.04573029434760938,0.5406089152294948,0.9266818023566304,16.832839879154072,0.8610271903323263,0.23674584761753983,47.509992099585276,0,0.4524041777731724,52.16154026838639
5b1c7f11-7323-4df1-b003-2b15889d3981,2885.0919999999996,1001.0246048235889,0.34696453521190623,17.549999999999955,3.444571428571388,13.826086956521738,2366.96,4852.33,1939.3107692307692,674.6443342292977,0.2361453553681244,0.873838338604107,0.12616166139589302,-412.5149999999999,-183.89828571428572,0.34787840346851495,3083.9381677018628,-1358.1,5805.549999999998,0,0,0.009316770186335404,11.30397515527951,27.058823529411764,10,322,11.9,24,298,0.2824381336886311,0.05389949436621086,0.17382599930955409,0.06926503556905637,0.5794286629334525,0.9973730238856536,11.30397515527951,0.9285714285714286,0.27436432610475403,47.67996233010824,0,0.3721711300920141,66.20168254183746
5b248887-4c31-4bd3-ae2f-600bc9732991,939.0458333333336,114.35449464143058,0.1217773303306252,-116.41000000000008,-19.736857142857147,7.0,826.5,1105.8600000000001,1162.4746153846156,325.0171727415693,0.1776614476941432,1.3410926871691566,-0.34109268716915675,-203.625,-9.520571428571436,0.2795907699318099,-2151.600948012233,-4057.1100000000033,-280.48,77,158,1.0,-11.754189602446482,27.25,6,327,12.0,52,275,0.2986861663656815,0.0499523008727831,0.39964591717656667,0.17870977188724368,0.9269941563022749,0.43555561709109986,11.754189602446482,0.7614678899082569,0.23800023424829125,37.11115720467877,0,0.558345436706666,41.794937319534114
5bbd7344-4412-4fa3-9fbd-7455b666c8c9,2267.5399999999995,424.77994929995543,0.18733074137609723,91.28999999999996,118.24857142857145,9.969696969696969,1577.32,2723.99,2040.683846153846,796.7541995343615,0.26136298955591436,0.9749511952747618,0.02504880472523822,-936.865,-235.60457142857138,0.39043490300373296,-1101.0766894197955,-3563.1899999999996,974.26,58,129,0.8327645051194539,2.326245733788398,24.349030470914126,6,293,12.033333333333333,34,259,0.3459652310433332,0.0563933455051142,0.17475252182247428,0.06325467246443281,0.6403657708353545,0.4798001918755357,2.3262457337883986,1.0,0.2902857978603703,47.57333188765196,0,0.5526890977012835,42.20655720197765
5be3c66b-6e84-4c9a-ab76-a484d6f45aa4,101.56800000000001,35.68735748755355,0.3513641844631532,0.0,0.0,27.636363636363637,84.64,169.28,754.3715384615383,303.89852804420735,0.12668313818022744,9.655432813484564,-8.655432813484564,408.88499999999993,89.42142857142856,0.4028499387237972,-4094.5985667752434,-8791.150000000003,76.38,71,151,0.9739413680781759,-28.635667752442995,25.583333333333332,6,307,12.0,12,295,0.5487948960302458,0.09228300252047889,4.787127835538753,1.6140418241965973,7.042247558286075,0.8721961968673805,28.635667752443002,0.254071661237785,0.19638252116127228,-304.8152368477531,0,0.6516848618228288,32.241608702681546
5bf5c551-61a2-40ca-8147-78edb6ba86f4,1472.138,504.6162651802302,0.34277782733699574,34.51999999999987,2.086571428571415,13.826086956521738,1174.81,2465.0299999999997,1325.5292307692305,399.4994062252896,0.23886018240609846,1.1705342841499913,-0.17053428414999136,299.83500000000004,1.3905714285713981,0.3013886053598775,-473.3107975460124,-2510.5,964.8699999999999,84,160,0.8496932515337423,-7.700920245398776,27.24233983286908,7,326,11.966666666666667,24,302,0.27480032442610675,0.05484200530113346,0.3351615133907283,0.13592475705402618,0.8007286001719947,1.1373284233081633,7.700920245398774,0.8895705521472392,0.23799608632372096,36.86752170669292,1,0.7429972120018775,22.018572394101003
5c0ac9c3-7934-4cfd-afb7-1de10e39a7ca,2417.023,864.5881205657022,0.35770785820643913,20.649999999999977,-4.206000000000033,13.826086956521738,1966.3400000000001,4074.99,1666.076923076923,632.629607213476,0.19524862643704696,0.8961023540115257,0.10389764598847423,-630.035,-74.44600000000003,0.3797121240027327,2397.992329192548,-626.99,4455.030000000004,0,0,0.012422360248447204,7.798850931677023,26.983240223463685,8,322,11.933333333333334,24,298,0.3112870667759471,0.055238613782326446,0.1982111878951917,0.06814871021086684,0.632885578664332,0.9420501363919178,7.79885093167702,0.8850931677018633,0.2544258737707189,45.83042761329115,0,0.4344365779590564,50.39852769443109
5c8e477f-aea0-4a67-8448-4c666d09496c,1484.2933333333333,167.8694214578881,0.11309720099658296,-178.485,-16.29400000000001,7.0,1340.4499999999998,1781.96,1400.8658333333333,449.5269984097089,0.172859166265625,0.943793118161729,0.056206881838271015,-332.57500000000005,-20.758285714285734,0.32089225656968734,47.045840978592985,-961.1800000000002,1198.0099999999998,2,36,0.4434250764525994,3.0615596330275228,27.478991596638654,6,327,11.9,52,275,0.27949327177018024,0.051380791757244755,0.27127162645299224,0.09864121647113777,0.7007869064515551,0.3524460272291486,3.0615596330275228,1.0,0.2559202969116124,52.437514112239604,0,0.5014895370062878,50.929311386140235
5d20348d-d640-4f78-8e1c-f7c3aad8f3cb,3833.2690000000002,1301.680051578216,0.3395744080517741,86.44500000000016,17.96885714285718,13.826086956521738,3124.23,6363.9800000000005,2324.3907692307694,831.3309122371342,0.21295340251275105,0.7882848816506225,0.2117151183493775,-678.2000000000002,-50.772571428571425,0.35765540082240715,5665.091645161296,-975.86,10719.440000000006,0,0,0.0032258064516129032,26.179387096774192,26.050420168067227,10,310,11.9,24,286,0.30549173564391124,0.055325363286531676,0.13058097409808703,0.048624816051260684,0.5400228890797906,0.9494457717426973,26.1793870967742,0.5645161290322581,0.24542344925452753,51.12826447597374,0,0.279789504746395,77.01385681618738
5d364141-bbf6-4dc6-8c5b-0f9ab8110797,2921.4020000000005,1027.2115604641097,0.3516159571548556,26.13000000000011,-12.801428571428655,13.826086956521738,2331.24,4941.09,1967.005,499.1325459871719,0.25879022507144966,0.807970282761496,0.19202971723850407,-34.41500000000008,-21.30514285714282,0.2537525557826095,4383.4146206896585,43.820000000000455,7953.470000000007,0,0,0.0,19.34468965517241,24.233983286908078,6,290,11.966666666666667,24,266,0.26351594200318884,0.053314127942679576,0.1597229686294457,0.06411750248681969,0.5406705410621339,1.3856646924024911,19.34468965517241,0.6896551724137931,0.187603319090021,52.05765885924231,0,0.2195175373150362,81.3540924587815
5d50763b-ebf3-417d-a36e-76feec46f695,1900.0439999999999,682.1425216868782,0.3590140658252537,25.06499999999994,5.3705714285714095,13.826086956521738,1527.3600000000001,3197.5699999999997,1703.6675000000002,465.8287921958414,0.23624768330674853,1.0759756089858972,-0.07597560898589714,-227.30000000000018,-35.70371428571429,0.273427057918192,380.4087812499997,-1443.5700000000008,1703.3799999999999,19,23,0.209375,-4.51115625,26.96629213483146,9,320,11.866666666666667,24,296,0.33628273871552444,0.05436979354162324,0.24466222887469974,0.1037165455115776,0.7390313066434251,1.3130158681393884,4.511156250000001,1.0,0.3091052097900559,40.72201250744266,0,0.6110976850680182,33.13870537564277
5dca1ef7-4829-4474-9524-d2dbb3534d06,2131.709,781.7408006984583,0.3667202233974986,31.914999999999964,10.632571428571419,13.826086956521738,1719.23,3676.8,1631.2138461538464,493.2283277978949,0.17079117108637365,0.9947783679667348,0.00522163203326522,-266.54499999999973,-38.60514285714282,0.30236889477173834,839.9606034482766,-635.8000000000001,2143.8700000000026,0,0,0.10057471264367816,0.31985632183908097,29.0,7,348,12.0,24,324,0.3394572148449907,0.05482127250952171,0.22430312955473755,0.07762879454934984,0.6962104114585997,1.2128239039744475,0.3198563218390836,1.0,0.2569195757005873,43.15988068397088,0,0.5616018191991108,42.14016890141947
5dca58a1-bbee-4d40-9aa0-43f919e19272,2281.62,801.2695744740205,0.3511844980645421,10.425000000000068,-1.1748571428571073,13.826086956521738,1864.8200000000002,3811.83,1881.545833333333,552.2016976441313,0.22631568457673323,0.9895841551178548,0.010415844882145206,-226.70000000000005,-7.735714285714272,0.29348299034834285,1200.2843749999997,-564.6099999999999,2575.8999999999996,0,0,0.041666666666666664,0.8251736111111087,24.06685236768802,6,288,11.966666666666667,24,264,0.34857338207063404,0.05501091329844585,0.2037973019170589,0.08547479422515582,0.6928563915112946,1.1966093763993333,0.8251736111111114,1.0,0.26715798844478506,44.011439046382684,0,0.4059342371210761,59.104812156537875
5e834afa-c0a1-41ce-980f-853b17d7732d,1393.7719999999997,502.79894300251317,0.3607469105438431,19.079999999999927,3.312285714285703,13.826086956521738,1144.8000000000002,2377.9,1366.1584615384616,440.4557101239229,0.23218052191265118,1.2742442809871342,-0.27424428098713416,-65.64999999999998,4.754000000000023,0.3224045544672145,-1215.4886786786785,-3822.339999999999,779.3800000000001,72,163,0.8978978978978979,-11.478498498498498,27.75,7,333,12.0,24,309,0.3367006942311942,0.054803081135221546,0.3397133821026681,0.12740247328831403,0.8586196307573979,1.1189262234213495,11.478498498498498,0.7357357357357357,0.3010828792245071,31.759730354855055,0,0.6400218447307197,34.26450492476722
5ec91563-f720-4190-8eda-a9549620340e,925.6875,286.2571559129372,0.30923735700540106,-190.19499999999994,-43.163999999999994,13.538461538461538,417.72,1413.04,1165.1484615384613,378.9066874101097,0.19075416602572268,1.3635748205162828,-0.36357482051628276,-11.8599999999999,36.17171428571436,0.32520034992776936,-2263.7113175675677,-4360.550000000001,-119.73000000000002,81,147,1.0,-13.644189189189188,24.666666666666668,6,296,12.0,27,269,0.3277455944905812,0.05169851236693448,0.45470888753854116,0.1514991110210879,0.9856521054171447,0.9509133587158998,13.644189189189188,0.6283783783783784,0.3644124584981907,29.675879470631273,0,0.6304846775759078,33.83198576505816
5ef19866-eba9-4120-b745-050ee3355be4,4106.237272727273,1412.8914409047206,0.3440842179990025,-23.86500000000001,-17.637714285714292,14.458333333333334,3406.88,7001.08,2478.1041666666665,1079.5216500372942,0.23452168576448731,0.6583609723655433,0.34163902763445675,86.95999999999992,-346.52314285714283,0.43562400021681663,8202.066245954698,761.9900000000001,16124.140000000012,0,0,0.0,49.93967637540453,25.821727019498606,6,309,11.966666666666667,25,284,0.25714317974363166,0.05027916511046056,0.0989992829090822,0.04558209783298623,0.4520037255961607,0.7898651539578779,49.93967637540453,0.2750809061488673,0.33499869692052897,54.63055456107186,0,0.21690748288621736,83.11019712131748
5f85e326-dd17-4451-bb1c-aa8b56aa5250,5356.688999999999,1918.641483477596,0.3581767549838335,84.00499999999965,19.765428571428465,13.826086956521738,4323.9,9006.14,3072.2199999999993,1329.1136025875792,0.31199588571130976,0.7455885529288708,0.25441144707112917,-926.1000000000001,-387.90485714285717,0.43262318537981637,8769.479026548672,-1276.53,16123.549999999996,0,0,0.0058997050147492625,40.2006784660767,28.407821229050278,8,339,11.933333333333334,24,315,0.28596694711976,0.05427251796772222,0.08432354389063842,0.03191859747691158,0.4564816064550323,0.8279185376284826,40.200678466076695,0.4896755162241888,0.27479352189822137,50.778691525733834,0,0.3063439320248254,70.69606506041158
60009465-5666-4041-9d0b-9095d62f633b,1243.0116666666665,319.5757426462133,0.25709794301706473,-305.5799999999999,-1.6334285714285994,10.9,658.71,2032.02,1418.9883333333335,369.41738064720573,0.2358094323068195,1.1415728197777708,-0.14157281977777073,-245.06,-2.0825714285714443,0.2603385609093843,-1187.4915231788082,-3403.7100000000005,574.9799999999998,70,151,0.9304635761589404,-6.992450331125827,25.23676880222841,6,302,11.966666666666667,31,271,0.29725384717493925,0.05464148231378895,0.33519999141869133,0.11871167741788423,0.8058069983253037,0.9875522939014497,6.992450331125829,0.8741721854304636,0.2338861136983743,41.41737770018954,1,0.6279941491890718,31.175406535628248
601f477a-76eb-4b46-abe8-5c47b0662339,2161.1699999999996,792.1910155595892,0.3665565483324261,31.149999999999977,11.242285714285709,13.826086956521738,1723.0,3694.63,1692.7699999999998,490.6123602934676,0.1801529445819574,0.9399186551728925,0.06008134482710751,-205.3950000000001,38.60799999999998,0.28982812803479957,1718.6528023598812,-97.48000000000019,3437.5899999999983,0,0,0.0029498525073746312,3.8302654867256654,28.48739495798319,8,339,11.9,24,315,0.3174891378281209,0.053842131808233516,0.22339427254681496,0.08876118028660403,0.6834867224697734,1.2647376595842823,3.8302654867256654,0.9292035398230089,0.29461277472229935,45.60999478241552,0,0.48489868981678924,53.09597173078219
60b0de62-421a-4dc2-aa41-8b560e1b9243,829.7083333333334,94.1001319517318,0.11341350709795425,-76.25999999999999,-3.6405714285714272,7.0,742.1,974.64,1078.6941666666664,261.17044199520313,0.14688284368522744,1.300088384472455,-0.300088384472455,47.08500000000015,-22.753142857142834,0.24211722846547007,-1661.8167543859638,-3290.8499999999976,-243.47,82,172,1.0,-8.736345029239766,28.579387186629525,6,342,11.966666666666667,52,290,0.29344046602721835,0.05082709787575956,0.48724250489629883,0.16896499774016974,1.0004750665394464,0.46842394412312094,8.736345029239766,0.5760233918128655,0.29824409606368196,39.75171483885377,0,0.5914356811873196,39.27546187522809
60b99154-4260-4634-b16e-9b242d161594,1240.9633333333334,165.2322918765817,0.13314840772350112,-185.68999999999994,-21.669142857142898,7.0,1087.12,1482.8600000000001,1311.9984615384612,434.76830221866743,0.18751722269843188,1.1453454171356123,-0.1453454171356124,15.960000000000036,-56.49857142857144,0.33137866770731894,-1460.5090730337074,-2539.5399999999995,-180.00999999999982,90,170,1.0,-6.079831460674156,29.58448753462604,6,356,12.033333333333333,52,304,0.30229740873353766,0.051173282047011874,0.3037599821643938,0.13002667282675556,0.787257345771699,0.4018013852391391,6.079831460674158,0.8960674157303371,0.2564701647164221,43.5641577287241,0,0.531281974058225,45.13460917626172
60cb030f-747b-4ca8-8f48-f3edaf2d7156,3739.6130000000003,1326.7305007176267,0.3547774865253775,7.135000000000218,2.688571428571465,13.826086956521738,3087.71,6262.02,2095.0930769230768,853.4560626396714,0.23677670277913115,0.7283162722987645,0.2716837277012355,-896.9699999999998,-225.39828571428566,0.40735949731316246,6614.0209708737875,-795.48,12112.930000000004,0,0,0.003236245954692557,32.88,25.75,6,309,12.0,24,285,0.25526063793232073,0.05440135115585489,0.13422752568247034,0.04935377002914471,0.4932432847997907,0.870919884930627,32.879999999999995,0.46601941747572817,0.2233544975604168,52.07683456602484,0,0.24462435114525868,73.67494839937433
60f89dc9-673d-45c4-accd-1d799dcc4f6c,4451.251818181818,1461.506214504873,0.32833599944517355,648.25,197.02828571428577,14.458333333333334,3532.63,7318.64,2965.1258333333335,1123.1371231628464,0.2932503426639286,0.7266905714163759,0.2733094285836241,-1250.6599999999996,-327.26085714285716,0.3787822798401236,6228.208352059928,217.5900000000002,14313.300000000007,0,0,0.0,50.120823970037456,22.436974789915965,8,267,11.9,25,242,0.28217680133698847,0.04861247408032511,0.09785030850361401,0.027962920338854624,0.45660250425978216,0.8668198511919766,50.12082397003746,0.4606741573033708,0.2841652869706766,53.50665156318729,0,0.2767663661901325,75.06900445705662
61123014-3da7-4496-83bd-f75443833f8f,5734.406666666666,1750.4189898438776,0.3052484924061678,-2861.4049999999997,-273.978857142857,11.8,1236.22,8053.29,4015.6374999999994,1652.4180057948413,0.21152701988995104,0.700270792328413,0.29972920767158695,79.245,-378.52399999999983,0.41149581001642743,9285.451603773587,-3839.3199999999997,21324.17,0,0,0.10062893081761007,64.85921383647799,26.64804469273743,7,318,11.933333333333334,31,287,0.332880123604767,0.05645774453852245,0.06951314928251806,0.025127853971523936,0.4839788713973314,0.7418021884450826,64.85921383647799,0.32075471698113206,0.25266162595602815,54.60179733434989,0,0.31998732641481914,70.25612049490253
6146f2ad-126f-40a3-bbe0-9f8c19239997,2189.5383333333334,814.9229685607584,0.37218940456736693,-800.115,-178.08999999999997,11.714285714285714,460.54,3084.8,2014.1230769230767,732.1179624257353,0.2566862463526788,0.9965418889674609,0.003458111032539121,414.0300000000002,-90.662,0.3634921672930598,-614.5139677419361,-2329.2400000000007,1821.3699999999994,33,102,0.7709677419354839,0.29309677419355173,25.977653631284916,9,310,11.933333333333334,29,281,0.34125001998138105,0.05624815885845035,0.18647614451448283,0.0656812737540562,0.6496555971083704,1.0239268904721546,0.29309677419355396,1.0,0.29358949877022267,41.702798958419365,0,0.632937936079971,34.33064544226585
61876847-d788-421f-9925-bcbf7627e262,3511.432,1277.468816899697,0.3638028066326493,10.654999999999973,-4.193428571428636,13.826086956521738,2818.7799999999997,5997.67,2336.7700000000004,828.6908940712857,0.24936195623083934,0.8651174221798971,0.13488257782010296,-347.8750000000001,-98.24171428571424,0.3546309196332055,4174.82009708738,-983.58,7369.390000000006,0,0,0.009708737864077669,15.3278640776699,25.75,6,309,12.0,24,285,0.3361295334780796,0.054518498435965734,0.13343302675375743,0.05213200768233586,0.5762130663501387,1.025863190409145,15.3278640776699,0.8770226537216829,0.24061714378262428,47.38860052116053,0,0.424460161833389,56.55414753674894
61a0d61f-de65-4961-b139-eb8cb288f826,4606.409000000001,1623.2051210863988,0.3523797216196822,52.22999999999979,-17.50114285714292,13.826086956521738,3730.44,7707.38,2894.338333333333,1159.7317523605764,0.31398742257153767,0.7539942718937898,0.24600572810621027,-533.2200000000001,-212.23628571428569,0.40068976698551473,7637.340388692582,737.9700000000001,14636.030000000006,0,0,0.0,40.04250883392225,23.649025069637883,6,283,11.966666666666667,24,259,0.2564192628140488,0.05560817547899027,0.1088168679767689,0.03580880464587491,0.4566531109156829,0.8794327947796605,40.042508833922255,0.5618374558303887,0.23923458614317725,51.25504213594765,0,0.29744358212709515,74.19691405469061
6238ad7c-be04-4a8b-beeb-e3ff19b9e915,253.8,89.1762300167483,0.35136418446315326,0.0,0.0,27.636363636363637,211.5,423.0,876.67,336.94290587081167,0.1451217061766071,4.490429472025216,-3.4904294720252165,314.4799999999999,110.6097142857143,0.3843440586204748,-3884.505333333332,-8858.710000000001,326.59000000000003,73,147,0.9733333333333334,-29.52903333333333,25.069637883008355,8,300,11.966666666666667,12,288,0.455839243498818,0.08904649330181247,2.0936091410559494,0.6954058313632782,3.3339007092198583,0.914191793999116,29.52903333333333,0.2966666666666667,0.28174271346730767,-97.84498558731278,1,0.6920591374919762,28.27029932427158
623aa115-39f8-463c-9732-f8b8cb335811,3623.369,1285.131013108953,0.3546784810238629,42.710000000000036,13.376000000000035,13.826086956521738,2944.92,6078.41,2480.4500000000003,980.1552974061474,0.2638547285929817,0.8899411017757229,0.110058898224277,-539.7000000000002,-189.8922857142857,0.3951522092387056,3400.0105431309926,-1023.38,6509.0300000000025,0,0,0.019169329073482427,12.74070287539936,26.15598885793872,7,313,11.966666666666667,24,289,0.33892656254441644,0.05547792675821866,0.14216851775240114,0.04469900802264412,0.5812720150776803,0.8975743339691337,12.74070287539936,0.8466453674121406,0.26611424415855073,45.85895731348108,0,0.4088802145070924,58.15277347484649
62632dae-4e56-4109-81cd-d7a515239a99,2426.0960000000005,875.4183028980425,0.3608341561496504,39.2349999999999,-9.921714285714298,13.826086956521738,1948.41,4098.46,1672.4838461538461,569.9145136266559,0.1946004767667067,0.896184240030073,0.10381575996992692,-189.34000000000003,-119.09028571428574,0.3407593531843484,2396.1586687306494,-522.99,4581.489999999998,0,0,0.006191950464396285,7.7977399380804915,26.916666666666668,6,323,12.0,24,299,0.2586822615428243,0.05251605872150155,0.2158533710125238,0.08059573899796216,0.6076474302748118,1.058911964639285,7.797739938080494,0.934984520123839,0.28801979920238396,46.51241865062059,0,0.4294133703264805,57.67836916039451
630c024a-a046-4aef-8005-fba8b6b6e7c2,2773.243,981.6745825040213,0.35398073032331506,-36.02500000000009,5.962285714285748,13.826086956521738,2245.5299999999997,4704.41,1709.4769230769234,539.0271993196728,0.24082220382303182,0.8013434091422929,0.19865659085770715,-27.889999999999986,-163.01600000000002,0.31531703765235186,4230.404951768489,-585.29,7503.43,0,0,0.003215434083601286,17.71456591639871,25.916666666666668,6,311,12.0,24,287,0.2532587299418046,0.05532331642052285,0.1653486549862381,0.05762170859171015,0.5315524099402756,1.1226184698385733,17.714565916398715,0.6816720257234726,0.26888926887216963,51.02050097156179,0,0.2632826009167912,76.88855308154346
6335054e-0721-429e-8e22-cd0621c8ab52,2006.53,700.38235896941,0.3490515262514939,-10.039999999999964,1.12371428571429,13.826086956521738,1645.04,3388.51,1463.1341666666665,376.16390935234926,0.17291134727334756,0.8750235481154034,0.12497645188459658,-311.11,-147.77685714285715,0.25709461095377967,2338.4629503105575,113.12000000000006,3923.329999999998,0,0,0.0,7.787857142857142,26.983240223463685,7,322,11.933333333333334,24,298,0.25323718060532363,0.05414571424299663,0.22984405914688544,0.09736809317578109,0.6345950471709868,1.3576773350346352,7.787857142857142,0.8540372670807453,0.237847292427614,49.385620068763444,0,0.3802477507611496,59.42055352666776
636041a9-0b03-4c1d-ad9a-86d68359e9b8,1921.2025,241.9398641332556,0.12593147475773928,-231.77999999999997,-9.68942857142858,7.0,1701.3899999999999,2291.62,1695.8708333333332,441.7382961449694,0.25280866025075616,0.8827132139029246,0.11728678609707546,-56.1099999999999,-131.44742857142856,0.26047873898314944,514.2612389380528,-1089.7700000000002,2876.3999999999996,0,5,0.24188790560471976,7.976342182890854,28.328690807799443,6,339,11.966666666666667,52,287,0.25851517474081986,0.05127517791591465,0.19059807594462322,0.09166264357869615,0.5920510721800539,0.4834616262707179,7.976342182890855,0.967551622418879,0.30534066814247346,55.70395242148785,0,0.37626179094118195,59.54194924021003
63ab663b-305b-4398-b8bb-6501c7171851,9604.70909090909,1857.6119380400983,0.1934063718596473,954.8100000000004,780.1671428571426,12.0,5966.56,11869.53,5989.311666666667,2806.1417938574195,0.30189501464692525,0.6802699054819699,0.3197300945180302,-2550.46,-513.8259999999999,0.46852492407014257,16546.67930434781,-6641.8200000000015,37300.109999999986,0,0,0.08985507246376812,97.91321739130434,28.910614525139664,7,345,11.933333333333334,28,317,0.30286507186815553,0.05282560259266761,0.04540443229552169,0.017132505078001507,0.4182276118343463,0.41279847009951715,97.91321739130434,0.24057971014492754,0.33975189692082036,57.61651414352894,0,0.3032164615242226,74.86955806319659
64006e62-96bb-4690-a071-a95d74c6e272,12836.609999999999,4503.927903589636,0.3508658363531833,-22.474999999999454,16.96514285714293,13.826086956521738,10194.45,21734.84,6084.703846153846,2992.1456189177984,0.24997525320428338,0.6162152624407846,0.3837847375592154,-2361.890000000001,-887.4334285714289,0.49174876782362054,28862.29241269841,-3386.3,52973.83,0,0,0.0031746031746031746,156.39666666666662,26.25,7,315,12.0,24,291,0.31656021332735046,0.054879442469623986,0.03504507810083815,0.013104082775748425,0.41958881667356107,0.7135062847356868,156.39666666666665,0.21904761904761905,0.24259280680495796,54.9904390553007,0,0.19943489382435847,82.99136390167106
644da8f7-3fb5-44d2-98d4-1e4b8671e9fc,4358.907999999999,1609.8349901554784,0.36932070834151093,29.304999999999836,-15.234571428571403,13.826086956521738,3463.67,7488.219999999999,2472.6861538461535,855.1830821773239,0.21972772058539888,0.7374535089981251,0.2625464910018748,263.3850000000001,-81.77457142857136,0.3458518505662858,7903.624545454544,-1034.59,14171.559999999994,0,0,0.0030303030303030303,34.67927272727273,27.57660167130919,8,330,11.966666666666667,24,306,0.28482087715547105,0.05329224659020103,0.11241439369676992,0.042691196969516225,0.49321871441195825,1.0678581240401,34.67927272727273,0.43333333333333335,0.24225134173611257,52.505201378503955,0,0.27483953376872744,75.98836061716065
6482423a-0ca0-4446-91ee-bac5f988e777,3209.0091666666667,1038.1181076741996,0.32350113501001204,-553.0650000000003,-139.19971428571426,15.333333333333334,1315.54,4674.639999999999,2326.826666666667,835.8421002507083,0.2595888821399102,0.7250919351793688,0.27490806482063124,-403.0799999999998,-67.48428571428576,0.3592197529041162,4706.030657439445,-3502.0899999999997,11200.099999999995,0,0,0.08996539792387544,36.63041522491349,24.285714285714285,8,289,11.9,22,267,0.2581824971415113,0.055129945354368215,0.11648247602907547,0.04596200644487617,0.47575692496983113,0.9005661086136367,36.6304152249135,0.4186851211072664,0.2976783115201247,54.106893484442566,0,0.29312664921615134,72.81664857361527
64a5fa50-4113-4089-ae23-5e6f14f64d59,6098.696363636364,2103.448089158716,0.34490126475234606,535.2400000000002,100.90828571428584,14.458333333333334,4886.280000000001,10335.06,3230.1669230769235,1493.8889150936704,0.23900193774220285,0.6259485261082622,0.37405147389173776,-1991.04,-488.66771428571417,0.46248040756688,11693.09830985915,-1492.7,26047.499999999985,0,0,0.0028169014084507044,70.68588732394366,29.665738161559887,8,355,11.966666666666667,25,330,0.2670078821614038,0.04940891987944965,0.06848005967296139,0.025037541555080475,0.4099344032688953,0.7457640563994472,70.68588732394366,0.18591549295774648,0.20041950677947812,55.365412861761534,0,0.21346211183381364,83.1563740311036
64ac5b73-1c81-4a10-8f28-72bfa942e52c,3390.1740000000004,1207.1207155063012,0.35606453105542696,-4.889999999999873,-17.76028571428572,13.826086956521738,2731.09,5722.21,1858.9976923076922,776.7506443206624,0.21385883294430375,0.7128533815668457,0.28714661843315425,-634.7049999999998,-106.30657142857142,0.41783303310959596,6420.8975862068955,-715.5,11412.87,0,0,0.0034482758620689655,33.56817241379311,24.30167597765363,9,290,11.933333333333334,24,266,0.25326133702871884,0.05407716536083398,0.15227419005632156,0.04797924826277352,0.5075919407086479,0.8521694141928521,33.56817241379311,0.4241379310344828,0.26194181562686597,52.44726814347144,0,0.24413117629572853,77.9630353622291
64f006dc-a00a-4383-abf8-f044804ef333,5020.57,1708.3080829158293,0.3402617796218018,-37.13499999999976,8.473142857142921,13.826086956521738,4078.63,8347.85,2894.9276923076927,1171.3723623465046,0.27048583118589914,0.74959735647546,0.25040264352454006,-1380.275,-424.9465714285716,0.40462922975901505,8007.751279761904,-1248.65,14931.220000000001,0,0,0.002976190476190476,37.415595238095236,28.156424581005584,8,336,11.933333333333334,24,312,0.2984481841703233,0.054880820305264144,0.0948410240271523,0.03760788117683849,0.48577790967957823,0.8409223916533451,37.415595238095236,0.44642857142857145,0.2507622084887999,51.715667757147244,0,0.32991010239231616,65.52370997111778
64fafaaf-8520-417a-8867-51ea87eba8a4,619.6008333333333,72.10051688861918,0.11636607475288932,-61.19,-4.817142857142855,7.0,551.83,725.26,941.6692307692307,303.09994535525567,0.13334422506677995,1.6464497976519827,-0.6464497976519828,166.97000000000008,5.23599999999998,0.3218751717178434,-2462.939619883042,-4956.619999999999,-196.51,87,169,1.0,-14.05406432748538,28.5,6,342,12.0,52,290,0.3171558032658122,0.04939335943436701,0.6734537423959779,0.22899420460215653,1.2689971096983137,0.3615254762641218,14.05406432748538,0.4415204678362573,0.2509455386098336,24.213522416977142,0,0.5719247542105433,41.33342489536413
64fe77e9-4e92-4626-9c27-b5a4218f6536,2299.933,833.002648829322,0.3621856153328475,-0.7799999999999727,0.2322857142857174,13.826086956521738,1881.5,3897.6400000000003,1707.0253846153844,628.6329478269412,0.2750263278496602,0.9648685418227401,0.03513145817725994,440.24,25.184571428571495,0.36826221419582494,1863.7755737704913,-554.88,3314.3499999999985,0,0,0.006557377049180328,2.6491803278688515,25.416666666666668,6,305,12.0,24,281,0.2895110422781881,0.05543987585725323,0.2149675664465008,0.0729003844894612,0.6328188690714033,0.9834992605031528,2.649180327868857,1.0,0.2831984383090152,43.17444558318847,0,0.44228748216108615,57.593133427103055
650ec482-0a3e-4c6a-a30e-d85b3e69372d,1473.6991666666665,191.42630998320968,0.12989510635077128,-207.84000000000015,-51.23485714285717,7.0,1283.51,1784.31,1428.7430769230768,544.8915495977863,0.21101549183090468,1.0502855908515927,-0.05028559085159267,-409.48500000000007,-154.24971428571428,0.3813782606535934,-1075.988965517241,-1938.2199999999993,-58.45999999999992,73,149,1.0,-2.7876802507836977,26.509695290858726,6,319,12.033333333333333,52,267,0.3036779894584998,0.05121918256722454,0.26814212986707486,0.11010501351757117,0.7331443154103704,0.3405938926045794,2.7876802507836977,1.0,0.24770508343535955,46.46415796234129,0,0.5686116953761825,41.482437582542886
65671ad9-cbf4-4685-a616-1ab0df015ff8,1477.7941666666668,391.8419316616502,0.26515325374811455,-165.14499999999998,97.8117142857143,11.766666666666667,704.68,1956.46,1442.5676923076924,441.20099036897483,0.22279397100682655,1.0575097005503133,-0.05750970055031337,-101.5250000000002,-23.663714285714306,0.3058442198044658,-792.9076656151416,-2120.279999999999,703.5300000000002,73,146,0.889589905362776,-3.217192429022083,26.416666666666668,6,317,12.0,31,286,0.3275286984599232,0.0546783409732862,0.2694257714059186,0.09417696307503357,0.7458097739141616,0.8669552555795691,3.2171924290220826,1.0,0.2833489216343934,43.62812996945472,1,0.6591162474706532,31.13453775335354
6579672f-60a1-4c15-86fe-4239b46e9611,1251.4483333333335,153.3839077628617,0.1225651140980877,-159.20999999999992,-17.528285714285715,7.0,1108.1399999999999,1497.05,1366.4166666666667,293.13118246500716,0.23649143135939502,1.0918682220200862,-0.09186822202008625,71.95499999999993,-9.17028571428571,0.2145254735366278,-927.7774635568511,-1655.7499999999995,16.460000000000093,86,174,0.9970845481049563,-4.022215743440234,28.743016759776534,6,343,11.933333333333334,52,291,0.27500935582638253,0.05112143396517902,0.31146977701836137,0.11740529972605077,0.7550058665359737,0.571331283308698,4.022215743440236,1.0,0.18388119778008175,48.35780822552136,0,0.5264669965869956,43.12976939500149
65f6cb5a-28a7-4697-adb3-159fd25ef773,4868.8009999999995,1724.8527647724989,0.3542664333113017,-75.8149999999996,-9.008857142857025,13.826086956521738,3959.2799999999997,8171.13,2554.3853846153843,1018.7834655739772,0.25040766994679736,0.6820367067785272,0.31796329322147276,-1111.5949999999998,-148.6077142857143,0.398837024244631,9973.724455782316,-1092.3,18230.050000000007,0,0,0.003401360544217687,52.65646258503403,24.5,7,294,12.0,24,270,0.26921617868547093,0.05351851513339732,0.09892127445751019,0.04340555303040728,0.46506152130678574,0.8882486122803096,52.65646258503403,0.30612244897959184,0.17916126745527525,54.11379824462723,0,0.24036835460029105,75.20056404967666
65fe942d-e476-415a-8b4b-9e531a3446c7,104.148,36.59387708346849,0.3513641844631533,0.0,0.0,27.636363636363637,86.79,173.58,756.9375,157.359544421222,0.11186084276002531,8.72148288973384,-7.72148288973384,211.52500000000003,59.637142857142834,0.20788974574680474,-3772.837331081083,-8041.770000000001,173.58,61,149,0.9695945945945946,-27.168141891891892,24.735376044568245,6,296,11.966666666666667,12,284,0.4815070860698238,0.09531628067749741,4.550581864270076,1.6234397203978952,6.750844951415292,1.6901467804529928,27.16814189189189,0.2635135135135135,0.27502050477527323,-263.5580360381843,1,0.6911845192207478,30.441217763473517
66365858-2099-41a0-86a0-fdac57a5e1ff,2618.746,924.6077351107693,0.35307270545168157,14.464999999999918,7.894857142857096,13.826086956521738,2130.2200000000003,4408.33,1821.0507692307692,427.87541594996884,0.2916693067316164,0.9040074906081004,0.09599250939189963,-327.08500000000004,-174.14971428571428,0.23496072881631294,2520.1941016949136,-1146.98,4371.519999999997,0,0,0.01694915254237288,8.52135593220339,24.583333333333332,7,295,12.0,24,271,0.2627929551014111,0.053432444383685926,0.18159302200366134,0.08271363469385731,0.5805320561826156,1.502688160827531,8.52135593220339,0.9593220338983051,0.2465558768690603,48.548304635799276,0,0.49788390877444577,50.80212177242317
6670c2df-b19c-4fcc-92e8-fb59a3ca8edd,2537.353,869.1452432137628,0.34254013659658816,-4.295000000000073,-1.5071428571428442,13.826086956521738,2062.7200000000003,4224.2,1820.155,620.8022808138162,0.184186236886419,0.8608128234423827,0.13918717655761725,-283.0250000000001,-166.38771428571434,0.34107110702869603,3064.8846391752577,142.53999999999996,5269.749999999996,0,0,0.0,12.136323024054983,24.45378151260504,8,291,11.9,24,267,0.3333379313008478,0.053575911589755165,0.18657750813544668,0.06115625220456121,0.6346476032306109,1.0043071064585032,12.136323024054983,0.7628865979381443,0.2830725038984775,48.46986082383312,0,0.31935379648378404,72.99054143722135
66e372ce-edfc-4cf9-a995-11d06010ba9a,4620.515,1670.0147273685277,0.3614347594085351,-52.66000000000008,-51.85000000000004,13.826086956521738,3690.06,8012.05,2744.3061538461543,1156.3333000014777,0.22108993221769946,0.7721212895099353,0.22787871049006464,-1402.1100000000004,-380.97085714285726,0.4213572521348876,7557.534471299095,-1175.67,12834.04,0,0,0.0030211480362537764,31.81018126888217,27.66016713091922,8,331,11.966666666666667,24,307,0.30533479493086807,0.055582981550757866,0.11218857638163708,0.0361533292284518,0.5092596820917148,0.857786967181071,31.81018126888217,0.5196374622356495,0.1896648669496956,49.84496059464878,0,0.21968663625296478,81.44792645691999
670bfaf1-9479-4850-9e53-2cc7302984cb,2117.07,230.23695335655634,0.10875264084633778,-195.59500000000003,-36.24542857142854,7.0,1921.35,2522.6,1503.1653846153845,554.4811584958708,0.21061094152595936,0.7691900441018324,0.23080995589816752,-38.764999999999986,-66.83828571428575,0.36887568338845567,2461.6666761363645,-1171.81,5983.92,0,0,0.08238636363636363,16.65821022727273,29.333333333333332,6,352,12.0,52,300,0.23615657488887942,0.049936941149796646,0.19416693826845596,0.0757458027682914,0.5560062570754234,0.2948219298364878,16.658210227272725,0.5511363636363636,0.26230646609846403,58.59230534276746,0,0.19777722266830886,81.79973394215953
678ae7ea-d017-4890-a470-41788c73167e,5621.3949999999995,1930.4617648189194,0.3434132923978691,-51.80499999999938,-23.735714285714234,13.826086956521738,4635.889999999999,9319.21,3063.3284615384614,1320.397907809398,0.2789974303968509,0.7084232650436414,0.2915767349563586,-259.1300000000002,-192.4088571428572,0.4310337348369979,10266.675846645374,-1320.05,19008.190000000013,0,0,0.003194888178913738,52.36638977635784,26.01108033240997,6,313,12.033333333333333,24,289,0.28179126355646594,0.05549761224749373,0.08605123817130803,0.03097416210744842,0.4543142760827161,0.7967202208145869,52.36638977635783,0.3610223642172524,0.32411200787881056,52.739995929578306,0,0.23882339506239444,77.05328232460897
678f2acb-9a2f-45bb-8523-98adee516cac,2762.4791666666665,356.5508616136333,0.12906915857174187,52.944999999999936,-15.063428571428592,11.566666666666666,2259.08,3527.0600000000004,2107.913846153846,558.4737112365341,0.28789893617021267,0.826639114925452,0.17336088507454805,150.7249999999999,-91.13342857142854,0.26494143119536867,2191.8246496815286,-2170.4900000000002,6562.27,0,0,0.2070063694267516,18.30213375796178,26.094182825484765,6,314,12.033333333333333,31,283,0.26024087662802886,0.055334957277204215,0.14531210642614195,0.053988340786883755,0.5148762811182588,0.4871610981695266,18.302133757961776,0.821656050955414,0.2671671736693369,57.763532021922295,0,0.3466445086116015,68.39951499625717
6790bced-e2cc-437d-af94-015e2b84fb02,3484.4130000000005,1221.3652223006663,0.3505225190873373,2.665000000000191,2.172857142857187,13.826086956521738,2849.94,5807.93,2241.6346153846152,801.0834341441949,0.27834186934328486,0.8363316862840311,0.1636683137159689,-656.7149999999997,-182.3411428571428,0.3573657493715793,4333.795299684542,-835.2,8196.569999999998,0,0,0.012618296529968454,17.990157728706627,26.49025069637883,8,317,11.966666666666667,24,293,0.2876352487492154,0.05393103515570627,0.13729572240718882,0.055770943341102205,0.5346329496532127,0.9808509061199187,17.990157728706627,0.807570977917981,0.27509320979710894,48.88374198858705,0,0.24246866864974703,73.48327433930122
67b79716-daf4-4602-a548-19b64a8abc35,1688.6066666666666,611.026894741115,0.36185270779920037,-993.5699999999999,-93.3174285714286,12.071428571428571,675.83,2728.96,1760.3374999999999,551.6674210909883,0.22882449151559478,1.0424793024623853,-0.04247930246238536,-581.6999999999999,-162.2705714285714,0.3133873027706269,-990.731049382716,-2442.370000000001,975.3900000000008,77,151,0.9506172839506173,-2.6566975308642014,27.303370786516854,8,324,11.866666666666667,29,295,0.2888002337232669,0.053914272516591595,0.24237438361410402,0.08102784939062187,0.6661167392445844,1.1546501871648773,2.656697530864197,1.0,0.264614976768186,41.177500612116035,1,0.7336238163081615,25.087252581828814
67d2c7ef-8046-4422-ad5a-e8b0d1f9c085,3504.964,1236.7362409108184,0.35285276565203477,19.014999999999873,11.38285714285712,13.826086956521738,2843.8199999999997,5855.23,2277.6175000000003,728.9110916743613,0.27626748857815975,0.7797914614814874,0.2202085385185126,-150.07999999999993,-137.8674285714286,0.32003226690801295,5587.299480519479,344.52999999999975,10239.629999999997,0,0,0.0,25.05918831168831,25.738161559888578,6,308,11.966666666666667,24,284,0.26849805019395345,0.055889304426521916,0.12591427472578892,0.04746753461661803,0.4977691639628823,1.1025537176645237,25.059188311688313,0.6136363636363636,0.21676635051027374,51.82211323301921,0,0.2893877716116087,73.2603552122679
689350d9-8115-49bb-8b6b-9eca21a0b57f,2455.905,856.768348599031,0.34886054167365227,17.13000000000011,21.187714285714296,13.826086956521738,1993.23,4093.31,1868.3784615384614,657.6029654718993,0.2213313724941249,0.9890007960405632,0.01099920395943673,339.0849999999999,44.48599999999999,0.3519645398451101,1413.039480122323,-688.84,2900.3900000000003,0,0,0.021406727828746176,0.8260856269113146,27.25,7,327,12.0,24,303,0.3365797944138718,0.05474315985349595,0.20227818258442407,0.06778519527424716,0.661386332126039,0.9911809349520726,0.8260856269113118,1.0,0.31155152225788557,42.9348611112657,0,0.48894072690076024,52.339866392128336
6898b8c8-c923-4346-a5e5-f65ac00c16eb,360.936,126.81998328339267,0.35136418446315326,0.0,0.0,27.636363636363637,300.78,601.56,1037.489230769231,353.74436255723657,0.14785102495966593,3.736773278365141,-2.736773278365141,-182.55500000000006,-2.948857142857134,0.3409619609207491,-4498.976394984326,-9878.000000000002,430.87999999999994,82,160,0.9717868338557993,-30.96551724137931,26.731843575418996,8,319,11.933333333333334,12,307,0.5674579426823595,0.08863344193984533,1.3282133120553232,0.5210148059489773,2.5053195026265054,1.0305084576423527,30.96551724137931,0.25705329153605017,0.30365987116826415,-66.83109588691522,1,0.738006528662636,25.603050417695112
68e78d66-5ca2-458e-b15e-45371de96d23,1932.9575000000002,428.33998113488815,0.2215982405898154,478.67499999999995,92.55685714285714,14.083333333333334,1253.32,2757.2,1957.9766666666667,728.3006975435518,0.23110166447335936,1.012943464440717,-0.012943464440716847,-229.79499999999973,41.25199999999999,0.37196597382513163,-1059.019056047198,-2735.3,820.2999999999987,66,160,0.9174041297935103,-0.8856342182890823,28.328690807799443,6,339,11.966666666666667,25,314,0.34310635386447974,0.05430150430105164,0.21779923597216527,0.07163935747854433,0.6868464516162409,0.5957486872011389,0.8856342182890843,1.0,0.24260333371354442,45.39499472817423,0,0.6209903718759539,38.83320525786098
6915fa7b-2e49-458d-9840-60a96da0936b,1706.547,578.1426267136279,0.33877919958467473,2.3050000000000637,7.508857142857115,13.826086956521738,1376.2800000000002,2828.24,1553.1908333333333,381.65534960361896,0.25126500338818636,1.0921638841473456,-0.09216388414734547,187.94999999999993,-2.5640000000000587,0.24572341106632783,278.7654166666668,-1572.82,1404.73,28,33,0.20512820512820512,-5.0410897435897475,26.07242339832869,6,312,11.966666666666667,24,288,0.3044533786646369,0.053435973342662105,0.27746261896097796,0.09312840490182807,0.7284803758701051,1.3787013541547672,5.041089743589747,0.9615384615384616,0.2575767412139204,41.23560042523938,0,0.6590922204249583,35.54160366379007
69341d18-5280-4bae-9262-9e363e026302,1843.4819999999995,655.9800770314768,0.3558375275871839,33.27999999999997,20.00857142857143,13.826086956521738,1483.1999999999998,3122.85,1432.2053846153844,387.31425973437865,0.21612983097074073,1.0099729750548148,-0.009972975054814669,20.569999999999936,4.287999999999991,0.2704320650479827,852.0087900355866,-473.8499999999999,2053.5199999999986,3,3,0.06761565836298933,-0.6542704626334532,23.481894150417826,7,281,11.966666666666667,24,257,0.27879198169550884,0.056256041556142125,0.27362567141962874,0.08463060664546766,0.6933043013167474,1.3158111539918456,0.6542704626334508,1.0,0.19687227927666157,43.51731386923225,0,0.551185294025574,45.69287734862423
69bdf956-c90c-463a-b479-2c28abc9a0cf,1339.9483333333335,144.81146732802958,0.10807242617167793,-117.53999999999996,-36.694000000000024,7.0,1186.86,1576.81,1229.3853846153847,291.18677172379086,0.16060432949297365,0.9939444182549327,0.006055581745067222,-3.215000000000032,23.394571428571414,0.23685556650316705,-214.7596918767506,-913.2,340.7900000000002,55,136,0.8431372549019608,0.2727450980392184,29.667590027700832,6,357,12.033333333333333,52,305,0.25308438509445014,0.05189565766839269,0.2906834716263936,0.10573355440321705,0.7013970687924534,0.45627986611086413,0.2727450980392157,1.0,0.19693517899187896,52.262939154589006,0,0.4803555283674656,55.44629316795233
69cf0753-91ab-4019-896a-f7971236a95e,3391.361,1186.3445856865442,0.34981371363489294,-1.4899999999997817,19.722285714285732,13.826086956521738,2757.8,5653.32,2233.116666666667,797.5242026117547,0.22579765201101595,0.7901665437563268,0.20983345624367322,-9.67999999999995,-78.87542857142853,0.3571350366580734,5059.6355910543125,574.0800000000006,9200.15,0,0,0.0,22.73549520766773,26.15598885793872,6,313,11.966666666666667,24,289,0.28489800997298725,0.05464266411036749,0.13260310536094502,0.050699114603252195,0.5228428940475519,0.9794998466359099,22.73549520766773,0.5878594249201278,0.2416674752028182,50.75622610753867,0,0.35277936291879924,68.48668019569544
69df2d72-4690-4ba6-913e-b560ff52c855,6113.893333333333,1349.5167388455181,0.22072951968067017,-1331.21,77.28399999999996,12.37037037037037,3893.8,8429.65,3726.980769230769,1718.0295298609856,0.23647704111907447,0.6603913872665971,0.339608612733403,-2018.3549999999996,-562.5737142857142,0.46097085985651026,11616.30487730061,-1974.8899999999999,26771.719999999994,0,0,0.04294478527607362,76.42935582822085,27.166666666666668,6,326,12.0,28,298,0.30001341207566584,0.05468855633726026,0.06593834370679238,0.02126331939059017,0.44190363151030865,0.4788361671047455,76.42935582822086,0.24233128834355827,0.27467975211942025,57.7430417217858,0,0.23676927617108706,75.61751313988589
6a47e51f-3a08-434c-b761-af64d5415940,226.69199999999995,79.65144970432114,0.3513641844631533,0.0,0.0,27.636363636363637,188.91,377.82,897.6438461538461,322.3662947522704,0.14725730694973252,5.147676142078238,-4.147676142078238,204.40499999999997,85.01657142857142,0.359124942630109,-4209.066058823531,-9402.450000000003,271.44,82,166,0.9735294117647059,-27.654264705882355,28.41225626740947,7,340,11.966666666666667,12,328,0.5631252977608384,0.09092954316870466,2.176931695869285,0.7935833642122351,3.624569901011063,0.9783898102144659,27.654264705882355,0.27058823529411763,0.3194448372105779,-123.63047006962631,1,0.6972766629189292,28.06768327163264
6a53545e-69e7-4156-9c30-e62ad78969d5,7136.481,2489.775316165653,0.3488799754620874,96.71499999999969,31.78771428571433,13.826086956521738,5733.1900000000005,12073.33,3500.3315384615385,1396.0141802756766,0.24958866533741528,0.6376295263730121,0.3623704736269879,-575.8700000000001,-166.80342857142853,0.3988234157068593,16413.013333333332,-1614.31,29543.52999999999,0,0,0.003003003003003003,77.65915915915916,27.827298050139277,7,333,11.966666666666667,24,309,0.2714463893339028,0.05462440101781256,0.06960349225339492,0.024426744777993524,0.42010102738310384,0.8747730492296846,77.65915915915916,0.19519519519519518,0.28472094181847835,56.05195136707971,0,0.314942726939914,69.01952824783702
6a779d18-9b91-4991-a870-72398846250c,1890.4850000000001,656.8319078771641,0.34744095186005924,-5.5049999999999955,0.8365714285714018,13.826086956521738,1550.79,3184.87,1520.66,469.9018137157308,0.25570678318827145,1.0456882757599242,-0.045688275759924214,-92.93500000000017,-32.49457142857145,0.3090117539198314,629.7929260450159,-863.7300000000002,1627.25,9,9,0.10610932475884244,-2.777266881028936,25.916666666666668,7,311,12.0,24,287,0.2778969417900698,0.05476425361745796,0.24494190644199768,0.10689743637214791,0.6845005382216733,1.1243616058378083,2.777266881028939,1.0,0.24557403718425902,41.56900533540463,0,0.555364561324241,40.89409919644311
6a78f032-b5e9-4a71-bdc9-7e4bc0a23804,866.6469999999999,304.7247901905368,0.35161350606479547,12.200000000000045,3.1814285714285884,13.826086956521738,708.5799999999999,1466.5,1078.3391666666669,279.7349119973255,0.19677405145412663,1.4931188823130983,-0.4931188823130984,94.005,24.956285714285706,0.2594127345499604,-1420.5191467576808,-4273.600000000003,723.5699999999999,66,141,0.9249146757679181,-14.58566552901024,24.553072625698324,7,293,11.933333333333334,24,269,0.32580739332161773,0.05467854847475384,0.5440415763280781,0.2018549651703635,1.1263824832948133,1.3554211464398178,14.58566552901024,0.4948805460750853,0.26088730586465136,24.53858483453299,1,0.6991982172305958,31.547166084655863
6af08a65-7059-4e2b-9ed6-f0bdfe9c4ecd,10142.97,3463.3472448254447,0.3414529713511373,1311.0249999999996,420.4945714285715,14.458333333333334,8079.96,17052.989999999998,4920.121538461539,2786.9333484281187,0.21736157862266692,0.5732728274764779,0.4267271725235221,-670.7199999999999,-845.5885714285713,0.5664358749356339,23302.487048192765,-5403.98,48586.21000000001,0,0,0.009036144578313253,143.40689759036147,27.666666666666668,7,332,12.0,25,307,0.2906077267847044,0.049241539169045605,0.04282204593651833,0.016587305833946613,0.399258617724215,0.6028095790894915,143.40689759036147,0.1927710843373494,0.3614035175491287,55.49678026169409,0,0.2306636383467051,79.65090815307879
6afa1f7c-6fd3-4965-9cbf-17e45d931c65,1683.3833333333332,407.6355333412731,0.24215253012758423,-252.06000000000006,32.55257142857144,14.5,918.89,2618.0699999999997,1563.319230769231,666.555801795838,0.20196967497656615,1.0060666514855994,-0.006066651485599402,-682.63,-47.67228571428571,0.4263721629445186,-704.5041471571898,-2579.6799999999985,1176.8400000000004,55,141,0.7491638795986622,-0.40986622073578693,24.98607242339833,8,299,11.966666666666667,23,276,0.3405106779006565,0.05302763284258884,0.23730037721651837,0.08144758076492778,0.7122862687246915,0.5679370070862112,0.4098662207357873,1.0,0.21810988946103343,43.965314777858126,0,0.6462714748306367,34.545691284962544
6afe4bca-09fd-4382-bbac-617941a6edaa,2454.6816666666664,493.25708389758734,0.20094543850462107,-249.98999999999978,-3.448571428571462,11.7,1651.37,3096.57,2184.9649999999997,668.8244187242404,0.26194355515992246,0.8901215296756062,0.10987847032439378,-225.38000000000034,-57.35457142857152,0.30610303539152367,727.3166887417223,-2133.5899999999997,3678.909999999999,0,17,0.28807947019867547,10.717218543046359,25.3781512605042,8,302,11.9,31,271,0.2980060550960783,0.05713571820921789,0.15708180762067583,0.06830281455368618,0.5805263954796582,0.656463397194347,10.717218543046359,0.9536423841059603,0.2818264060675266,52.244714950006646,0,0.48518424299316665,50.265579805214216
6b24131e-c620-4e12-9567-23ef76d424db,5473.85,1989.6789464132148,0.3634880287938498,-7.25,-1.4917142857143386,13.826086956521738,4436.67,9369.3,3325.1108333333336,1236.9118759413288,0.30536726470019926,0.7289445271609563,0.2710554728390438,-827.675,-74.23371428571434,0.3719911720059443,9727.249693877548,281.7999999999999,17938.989999999994,0,0,0.0,50.466564625850346,24.568245125348188,6,294,11.966666666666667,24,270,0.2772834476648063,0.053405190131260445,0.08648665929830009,0.03231107903943294,0.4494863761337998,0.9771415456817383,50.46656462585034,0.4489795918367347,0.3714613021671207,52.49775460962738,0,0.2357702204786094,75.24320484553166
6c1c14e0-b4ac-46a9-a680-216bc03ba792,2765.6141666666667,310.8448220417247,0.11239630812868559,-347.885,-6.713428571428592,7.0,2480.8900000000003,3285.75,2167.3858333333333,815.9525089618026,0.19570542546839265,0.7836906027805155,0.21630939721948453,-402.265,-138.8508571428572,0.37646850708944035,2494.844038461539,-1677.5800000000004,7178.74,0,0,0.12362637362637363,19.72181318681319,30.41782729805014,6,364,11.966666666666667,52,312,0.29570285322398243,0.050731950136452514,0.15055878184984225,0.05593483304040061,0.5529284182506777,0.2985543438882732,19.72181318681319,0.5714285714285714,0.258852926893881,57.75111650312999,0,0.2045086294622803,82.11786268501513
6ccc5211-7e63-47c2-b1a9-6335ed0a5b5b,6177.609090909091,1995.8395348547165,0.3230763723447271,214.86500000000024,50.77685714285713,14.458333333333334,5090.42,10365.98,3706.4391666666656,1343.5363495874903,0.27893461086977683,0.6545231532646494,0.3454768467353506,-944.825,-393.31314285714285,0.362487090485767,11615.76864583334,158.02999999999923,24350.340000000015,0,0,0.0,81.51538194444444,24.06685236768802,6,288,11.966666666666667,25,263,0.28486925656733925,0.04922690008049599,0.07209600065927242,0.028552381989501677,0.4347445392966094,0.891276905645865,81.51538194444444,0.2777777777777778,0.15995720960391677,56.87704088935687,0,0.20927544299738182,83.10854531471257
6d419789-203b-450a-a4b7-759ecf987242,4637.904,1661.03143368611,0.35814269413211436,-16.625,-35.928285714285735,13.826086956521738,3751.89,7973.42,2775.588461538461,1079.663397922752,0.2319014817370675,0.7779947579768793,0.22200524202312066,237.22500000000014,-237.47171428571423,0.3889854035941312,7214.4433670033695,-1338.5,13308.470000000007,0,0,0.013468013468013467,34.6679797979798,24.681440443213297,6,297,12.033333333333333,24,273,0.34632023431274134,0.05396446325754048,0.10095702713984595,0.04053037751536039,0.5417721022254881,0.9207098539507199,34.6679797979798,0.5589225589225589,0.2583363472472227,50.356220785078776,0,0.26906268997399085,73.17431712562129
6e135928-c1dd-45e2-b048-38956b867b35,5887.54,1879.5300109016616,0.3192385972582202,683.4849999999997,207.97828571428562,14.458333333333334,4780.17,9627.1,3418.701538461538,1397.990833510996,0.29236291241478995,0.686243089025915,0.313756910974085,-853.8700000000001,-272.9245714285714,0.40892450475220804,8919.498316498317,-1613.27,21007.67,0,0,0.003367003367003367,68.41690235690236,24.681440443213297,6,297,12.033333333333333,25,272,0.2989246627778171,0.04959441310107293,0.07330102679093939,0.03172076499306548,0.4535408676628949,0.78067856914485,68.41690235690236,0.2996632996632997,0.2977702735541519,54.79462842617263,0,0.3973613030161403,65.462084211815
6eb5aa15-9fd1-4096-a0c7-071aa7067583,3668.204,1263.9169460248918,0.34456015696643144,57.899999999999864,2.759714285714264,13.826086956521738,2978.44,6079.5,2273.5784615384614,972.18874446483,0.21074571701945966,0.8057490804764402,0.19425091952355977,-365.19499999999994,-101.30742857142856,0.42760290041056226,5339.434891640865,-1032.42,9727.139999999998,0,0,0.006191950464396285,22.0604334365325,26.842105263157894,6,323,12.033333333333333,24,299,0.33774130337353103,0.05542876023252797,0.13355636709408744,0.04022486208509669,0.5669512927852431,0.8057947142912327,22.060433436532502,0.6191950464396285,0.2700297599311421,48.88117406373821,0,0.24229411525445171,78.21069698866879
6ecbd24b-103e-4b3f-8915-fe52ba8b9e5e,1162.2408333333333,131.39080059524946,0.11304954775889059,-116.13,-27.01057142857143,7.0,1039.5,1364.08,1302.905,399.6239657136785,0.14480526208741232,1.1210284156539558,-0.12102841565395576,-52.525000000000034,-99.52371428571429,0.30671765455937194,-1246.759190751444,-2124.6899999999987,195.78000000000003,86,181,0.9971098265895953,-4.878526011560695,28.91364902506964,6,346,11.966666666666667,52,294,0.29748567601809434,0.04921885811101973,0.3372379075191673,0.1326847777533199,0.8166272194016013,0.36857854798510586,4.8785260115606945,0.9017341040462428,0.2752106510707483,45.63302384988761,0,0.4770971307980432,51.06822560416947
6f0f06bc-69c1-490f-8ac3-948b72dcfb76,2789.2110000000002,974.4915652727723,0.349378933781909,18.279999999999973,15.890857142857204,13.826086956521738,2280.43,4681.77,2153.1225,824.9816217470873,0.25149521218602283,0.9263361574294666,0.07366384257053336,-473.4799999999999,-275.5954285714285,0.38315591507082725,2096.3563907284747,-245.5000000000004,4056.1899999999964,0,0,0.013245033112582781,6.803443708609263,25.3781512605042,8,302,11.9,24,278,0.319922730836785,0.054442994811077394,0.1738014800601317,0.049701869094880224,0.5978690748028744,0.911845335122454,6.803443708609263,0.9602649006622517,0.2330530040286452,44.80206738794752,0,0.4125572677222645,58.28262080033222
6f733fa9-9d47-4d09-9a1e-93d97fa71c87,2170.272,749.7933848112203,0.34548360058611105,-55.88499999999999,-10.360285714285745,13.826086956521738,1756.29,3657.8,1742.3100000000002,466.5879381599611,0.27281119127288866,0.9633686468792851,0.03663135312071482,-68.42999999999995,-81.57000000000012,0.2677984619040016,1709.1404863221906,-207.86999999999983,3239.5000000000036,0,0,0.0060790273556231,2.4164133738601796,27.493036211699163,6,329,11.966666666666667,24,305,0.2542298845490335,0.05405221096710458,0.22028298757022158,0.09081626634818124,0.6193813494345408,1.2900880689522312,2.416413373860182,1.0,0.30296273338269303,45.74477686916523,0,0.4713925432026605,53.39707286335067
6f8731b1-dbba-48d6-b597-0f59dc032c34,2614.1941666666667,402.903888617222,0.1541216386122385,56.6099999999999,-208.09371428571433,11.03225806451613,1952.44,3306.5,1974.1200000000003,631.5819240209461,0.2543216919242693,0.8180838390925438,0.18191616090745621,-235.80500000000006,-43.925142857142795,0.319930867435083,2806.670755395686,-2211.9800000000005,5841.590000000005,0,0,0.07194244604316546,20.527949640287776,23.166666666666668,6,278,12.0,32,246,0.28087814186207166,0.05195259342187347,0.15830690974560996,0.06436049604833612,0.5554981410778912,0.48173419416465413,20.527949640287773,0.8201438848920863,0.22834127455427075,56.25437992922944,0,0.25015990609682737,78.08289794932219
6fa62997-f870-4693-b236-9c816df1bbfe,483.63599999999997,169.93236871702157,0.35136418446315326,0.0,0.0,27.636363636363637,403.03,806.06,1026.4375,247.66317523182383,0.17482149018652704,2.5468017269185923,-1.5468017269185923,266.10999999999996,46.5505714285714,0.24128422357116125,-3127.0196091205235,-7480.890000000011,806.06,74,158,0.9576547231270358,-24.367719869706843,25.65459610027855,6,307,11.966666666666667,12,295,0.462422152197107,0.09231943031536116,0.944751838159277,0.3656138087321872,1.8651072294039324,1.4562252735083048,24.367719869706843,0.31921824104234525,0.3002017495788427,-17.238679082061516,1,0.7643145136676082,22.726598274259313
7002ef4a-e20c-4bf8-be6f-583c1f4cdf56,3913.139,1388.8590840962472,0.3549219907844437,15.990000000000236,7.1328571428571585,13.826086956521738,3170.88,6629.79,2522.2541666666666,1104.5812597332022,0.2362334618008693,0.7734723964571665,0.22652760354283352,-965.9399999999998,-298.7465714285715,0.4379341599791994,6095.410388349516,234.9499999999999,11360.550000000003,0,0,0.0,28.687184466019417,25.821727019498606,6,309,11.966666666666667,24,285,0.30075905813721415,0.055071133430220603,0.13203901011438643,0.047807144085604936,0.5356763457674262,0.8104460058591947,28.687184466019414,0.5372168284789643,0.2185551614709726,49.65476121859604,0,0.3031429413041216,72.40729108961811
7078daa6-08c5-4bcd-b44c-03efb091593c,3353.9449999999997,924.2509662473126,0.27557129477296516,-72.84500000000003,-346.3814285714286,10.09375,1996.49,5018.12,2822.1100000000006,911.852575931731,0.3029271878678883,0.9115491856107758,0.08845081438922414,-623.4199999999998,-138.46114285714285,0.32311021750808117,1452.4342942942937,-4473.05,4680.699999999999,0,0,0.1831831831831832,10.690420420420423,27.75,7,333,12.0,33,300,0.31946260299438417,0.06080625452514378,0.12118589700586424,0.04648232653387777,0.54793708105927,0.8528708776164683,10.690420420420423,1.0,0.27880175853146427,48.80868938221838,0,0.5451569270105474,45.624934492024224
70db69ce-4282-4146-9e56-889ad41eb658,2642.326666666667,441.82102247060374,0.16720908434382464,313.0050000000001,-169.5537142857143,10.03125,1935.12,3481.23,2367.3925,720.2822719806071,0.2782512827931997,0.8959499708590157,0.10405002914098431,-620.3799999999999,-134.45857142857147,0.30425131108618747,1207.5844927536225,-3310.5600000000004,4358.689999999999,0,0,0.19710144927536233,9.562927536231888,29.073033707865168,8,345,11.866666666666667,33,312,0.2744777960837545,0.05955420601540561,0.15619504527575445,0.06484152855185707,0.5550685759267716,0.5495755589248985,9.562927536231888,0.9565217391304348,0.3219977253455014,53.06070241360088,0,0.5176778992893065,49.73201868393536
7181c913-4e5c-40c3-826a-f5b004b8cda0,4503.987272727273,1552.3696828725488,0.3446656459871725,233.9000000000001,80.06628571428573,14.458333333333334,3653.04,7674.469999999999,2449.5953846153843,951.9529898460969,0.2347461464593525,0.6427585577708317,0.3572414422291683,-640.7950000000001,-191.90085714285712,0.3886164204198012,9015.172173913043,-1038.73,18783.63,0,0,0.003105590062111801,54.96621118012423,26.759002770083104,6,322,12.033333333333333,25,297,0.2515904089830707,0.049176224864191036,0.09703260908617133,0.03856461729061886,0.43636386022405194,0.8869044844138313,54.96621118012423,0.2981366459627329,0.22870150612000606,56.17735990115553,0,0.24961301651172682,76.37532403724506
71c205b4-952a-4d6c-8e1c-05fd25829a27,4597.398999999999,1668.8745884008183,0.36300407869771983,-44.72000000000003,-23.466571428571452,13.826086956521738,3699.48,7844.08,2757.248461538461,1138.045584916279,0.2810310055481733,0.7796632400189759,0.22033675998102412,276.52499999999986,-130.2425714285714,0.4127468383031699,6781.737417417417,-2261.22,12998.009999999998,0,0,0.009009009009009009,30.419699699699706,27.827298050139277,8,333,11.966666666666667,24,309,0.29510860379967024,0.05510354876746615,0.10295016812767395,0.037798981554570316,0.4909613022493806,0.8794836083785744,30.419699699699706,0.5675675675675675,0.30281749670728036,49.66841127224597,0,0.3492818445395045,65.6381009734783
71e5d184-77ff-4c31-a120-0d45c26f2a0d,1778.6036363636363,756.3733478021647,0.425262454398538,1107.28,239.6557142857142,14.0,1028.17,3915.7799999999997,1641.3225,600.8510911293776,0.1600355810634412,1.0067075090571564,-0.006707509057156339,-405.73,-52.51685714285716,0.3660774108253421,-1282.814012738853,-2683.0299999999997,1119.1499999999999,64,134,0.9203821656050956,-0.417929936305734,26.46067415730337,9,314,11.866666666666667,23,291,0.27673803351352233,0.05599847479943408,0.24891896809754743,0.09735676199510956,0.6790122384056134,1.1616735745583424,0.41792993630573255,1.0,0.30275788782115237,39.65227778925077,1,0.7353048575802231,25.05884234641792
71fb6087-82e5-4361-8bdc-8eac69674b31,32041.130999999994,11703.658212685705,0.36526982186383206,401.2999999999993,71.72142857142836,13.826086956521738,25828.96,55053.24,15339.187692307694,6722.945754539888,0.24577592715771127,0.6223545604554346,0.37764543954456536,-10983.664999999997,-2313.928285714286,0.438285643894384,70318.67994082844,-18321.38,129062.34000000005,0,0,0.011834319526627219,357.99369822485204,28.324022346368714,8,338,11.933333333333334,24,314,0.3430848929770925,0.05386629454497096,0.014807841833048903,0.005641342685437665,0.41740037204054997,0.83340585518209,357.993698224852,0.1952662721893491,0.17935916173276453,55.38201004797997,0,0.31826215920360273,71.32318845055858
720578f7-4d90-422c-a791-8c2c08ecfc9f,3003.469,1036.9683346226154,0.34525687950254036,-31.309999999999945,5.349142857142838,13.826086956521738,2469.79,5012.1,1880.0215384615383,509.8125411339308,0.22299703604050364,0.8137350510359853,0.18626494896401471,-220.7650000000001,-144.87599999999995,0.2711737768446638,4354.42505988024,-1335.08,7997.280000000002,0,0,0.008982035928143712,16.74973053892216,27.910863509749305,8,334,11.966666666666667,24,310,0.2667075971152024,0.05338493588580404,0.1629602303203396,0.06904649257242208,0.5520992558937682,1.2731941986422732,16.749730538922154,0.6526946107784432,0.2719486028801634,51.6694160365911,0,0.15609543737325365,85.39294360452774
72243dc7-8eed-4c9d-8176-8043747a5533,236.016,82.92756936025557,0.35136418446315326,0.0,0.0,27.636363636363637,196.68,393.36,893.4384615384616,298.7757329460274,0.11033001282857069,4.921149413599078,-3.9211494135990788,-285.35499999999996,-17.959142857142865,0.3344110935537169,-4255.999028213168,-9254.54,283.85,77,160,0.9717868338557993,-29.01109717868339,26.657381615598887,8,319,11.966666666666667,12,307,0.5567927598128941,0.09449359365466749,1.939843061487357,0.7663251643956343,3.357454579350553,1.050695360399918,29.01109717868339,0.2727272727272727,0.22115508794889235,-114.07512394893209,1,0.8198439869328588,13.625464607909853
723a7bd7-8fa7-4121-ae57-a7dcd8878a2d,3162.411,1107.0153131375878,0.35005421911876344,-25.674999999999727,-31.835714285714285,13.826086956521738,2539.4700000000003,5340.62,2040.7592307692307,773.4238074245101,0.2408579461565398,0.8389127788892715,0.16108722111072854,-852.095,-205.01542857142852,0.3789882685636466,3916.5352922077927,-798.17,7398.83,0,0,0.016233766233766232,16.539740259740263,25.666666666666668,6,308,12.0,24,284,0.30287144839807345,0.05462414594434437,0.15290201052298386,0.05906853979447959,0.5694661446598813,0.9236544984504605,16.53974025974027,0.7857142857142857,0.28914238931438413,48.36209689959331,0,0.40984309933935864,63.186735919673616
725f45d4-b4b9-46e1-8ccc-0eccd16fbcf1,2583.563,924.2918047775221,0.3577585701519653,-20.694999999999936,-12.009714285714303,13.826086956521738,2080.09,4347.7,1869.9530769230767,694.5446643711333,0.20264350524632666,0.9409249938940911,0.05907500610590884,-19.16500000000019,-132.2722857142857,0.37142357898839645,1868.829515570933,-707.03,3836.4699999999966,0,0,0.0034602076124567475,5.281107266435993,24.15041782729805,7,289,11.966666666666667,24,265,0.3283976430998585,0.05439309976184052,0.1852213396770274,0.06895051523806463,0.6369625977767911,0.9632090970808883,5.281107266435991,1.0,0.22786297805086841,44.20177155990947,0,0.36747143884989725,62.74039445331489
7267d32e-384e-4e56-b664-b7715b53f50e,3230.0550000000003,394.06619991846776,0.12199984208270996,-372.53,-71.3654285714285,7.0,2793.67,3866.47,2453.3683333333333,828.3370659320817,0.2629075943889388,0.7595438261371195,0.24045617386288054,-283.6,-210.03228571428573,0.33763257423586285,3521.7287426900566,-1773.8200000000002,9352.089999999995,0,0,0.1111111111111111,27.25216374269006,28.579387186629525,6,342,11.966666666666667,52,290,0.270921083387125,0.0510651779407265,0.1223377001320411,0.04803581775955311,0.4923597792194458,0.3613390750546584,27.25216374269005,0.6081871345029239,0.2479553620498621,59.205600207316664,0,0.2504695860841026,74.83519393148138
7278b613-d645-4f38-ac7a-c54f7967e1a6,4423.343333333333,1167.3335409255133,0.26390299213916923,-1642.81,-499.1328571428572,10.151515151515152,1059.96,5882.35,2863.033076923077,1529.096857818282,0.21649203117833885,0.7011934034813787,0.2988065965186213,-1494.9349999999995,-455.39885714285714,0.5340828473632634,8001.4453008595965,-2829.499999999999,17153.17999999999,0,0,0.1174785100286533,45.446103151862474,29.002770083102494,6,349,12.033333333333333,34,315,0.2943633134212959,0.05359671379793414,0.09152767552145699,0.033510474354617126,0.4729981770953041,0.49412369905164205,45.44610315186246,0.33810888252148996,0.24849278992182308,53.35351714930451,0,0.1869928841757656,83.28257576519677
728d6ec5-790b-4932-a4e7-7a435e94b813,6400.301000000001,2262.892162818046,0.3535602720587743,-62.590000000000146,9.136000000000084,13.826086956521738,5206.129999999999,10761.49,3748.23,1564.1861642720153,0.296032445262882,0.7613234127582438,0.23867658724175625,-413.27499999999986,-349.93914285714294,0.41731328234180276,9764.998758169932,-1786.81,18250.569999999992,0,0,0.013071895424836602,49.92163398692811,25.5,6,306,12.0,24,282,0.3350111190083092,0.053474672519308084,0.07271814247486173,0.024688526367744268,0.48589246037022327,0.8472298558884326,49.9216339869281,0.46078431372549017,0.2585454180527055,50.59398968107097,0,0.23873655988738546,79.79018600116686
72966aa0-3808-4fa3-a2f4-d40850ca70c7,967.4050000000001,110.97506128528482,0.11471416964485899,-128.83999999999997,-15.523428571428576,7.0,863.62,1122.82,1166.073846153846,353.1810688003738,0.18407727179173242,1.3058095282396376,-0.30580952823963753,231.78500000000008,-44.37971428571428,0.30288053365170564,-2117.5711875000006,-3709.730000000001,-92.26000000000002,86,159,1.0,-11.094062500000003,26.666666666666668,6,320,12.0,52,268,0.3100872953933461,0.050000602987717996,0.42499694199085875,0.16561488380426675,0.9506997241761896,0.3787439498398843,11.094062500000001,0.7625,0.2800660467472703,38.26858310803461,0,0.6206824953105189,38.933299532506695
72fa4789-e7c9-478f-a75a-c35bad3aa516,137.47199999999998,48.302737166518604,0.3513641844631533,0.0,0.0,27.636363636363637,114.56,229.12,663.3307692307692,229.35763690728135,0.09567798870502012,6.272768272811918,-5.272768272811919,195.2199999999999,49.49914285714285,0.34576661832415173,-3245.680357142859,-7248.580000000005,163.92000000000002,71,139,0.9785714285714285,-25.887785714285712,23.398328690807798,8,280,11.966666666666667,12,268,0.5691340782122908,0.08834526303538176,3.40638093575419,1.1731625349162014,5.237022811918065,1.0161888564203556,25.887785714285712,0.325,0.263650806535781,-168.3669888128544,1,0.7904112646118391,16.74204620820577
73028ada-7c01-47bb-b88a-7e6fdca5b3a7,4480.345,1603.9309152360647,0.3579927249432945,-20.190000000000055,6.372571428571401,13.826086956521738,3622.51,7628.51,3091.5991666666664,1168.445807989542,0.2837005336235103,0.8280431529268395,0.17195684707316056,-1104.665,-35.39228571428574,0.37794220563506925,5783.817612456746,-339.01000000000045,10655.649999999996,0,0,0.01384083044982699,26.65833910034602,24.35393258426966,9,289,11.866666666666667,24,265,0.3339117858111374,0.053598327807345185,0.11199048287576067,0.0412187007920149,0.5407192972862581,0.9472155255636163,26.658339100346023,0.7612456747404844,0.36292813940142626,48.579648021926204,0,0.3877338597517563,62.79102957331651
735f45e8-04bb-4902-830d-610efff6aa31,2564.87,899.6456234762665,0.3507568116420195,1330.25,378.69257142857145,11.206896551724139,1861.97,5157.93,1752.8684615384618,639.2056888024667,0.26277367778265864,0.8076712730788767,0.19232872692112338,153.70499999999993,-65.44314285714292,0.3646626674094228,2235.6291818181803,-1717.0800000000006,7079.919999999996,0,0,0.1303030303030303,16.443272727272724,27.57660167130919,8,330,11.966666666666667,30,300,0.23731558962584318,0.04907992855920042,0.16936211900868978,0.05483885945663736,0.5105964966503708,0.9618665221033152,16.443272727272728,0.7363636363636363,0.36347850051498,49.87719137939589,0,0.46206177728426645,57.57689566621941
737880fb-8765-43b6-a75c-9ee03cb86250,4139.240000000001,1446.669786737803,0.34950130621510295,-255.21500000000015,-88.40799999999997,14.458333333333334,3026.12,7078.25,2676.583846153846,1249.3558223843363,0.2735444347976281,0.7642068240897979,0.23579317591020213,-667.775,-87.08000000000004,0.4667725332720719,5439.080060975608,-1124.0,11464.379999999997,0,0,0.012195121951219513,32.731859756097556,27.257617728531855,6,328,12.033333333333333,25,303,0.29623356417647156,0.05108930844573136,0.10848434187742854,0.03949165898702529,0.49529887348665674,0.7487615086626915,32.731859756097556,0.5426829268292683,0.28075626825123523,49.611237184513556,0,0.27223942063523143,74.60348958142076
73847f8e-fa9e-42b4-81f8-c6a404040d47,249.084,87.51919652282007,0.35136418446315326,0.0,0.0,27.636363636363637,207.57,415.14,837.3376923076924,247.8097754042351,0.11242867733723826,4.370168296638885,-3.370168296638884,173.09500000000003,-11.23285714285712,0.29594962424452004,-3945.604802431611,-8394.55,208.01999999999998,82,159,0.9696048632218845,-25.515349544072947,27.34072022160665,6,329,12.033333333333333,12,317,0.4989160283277929,0.09191678309325367,1.881216778275602,0.6624592506945448,3.1345088403911934,1.187243218706872,25.515349544072947,0.2796352583586626,0.240622522481969,-91.2666498843404,1,0.7685392471624602,21.634379223657298
73a251fd-7da0-4fde-8629-d438aa3edb2f,4004.0049999999997,1414.040488295469,0.353156524104108,-26.970000000000255,3.2739999999999654,13.826086956521738,3269.65,6743.03,2339.536923076923,998.3308512744711,0.20426954972680328,0.7595889615522459,0.2404110384477541,-393.90999999999997,-107.48885714285713,0.4267215624712098,6735.923782051278,-2204.42,12132.069999999992,0,0,0.01282051282051282,30.85278846153846,26.07242339832869,7,312,11.966666666666667,24,288,0.33033225482985157,0.05277266137280049,0.11582927593746761,0.04499345030787924,0.543927642447999,0.8276041221327665,30.85278846153846,0.4551282051282051,0.2755699845926116,50.48731456536273,0,0.27823463715444896,79.43976540597252
73cc45cc-fc22-4ca2-acfe-0f94953454a1,7449.185454545455,2841.6776379081557,0.3814749485360414,-1015.4899999999998,-346.52685714285707,14.458333333333334,4304.41,13381.17,4327.599999999999,1840.073495837417,0.21926489722496745,0.6865765921447909,0.3134234078552091,-1459.7350000000001,-183.76342857142853,0.4251949107674964,13326.209900662252,-4523.74,26382.660000000003,0,0,0.009933774834437087,85.04052980132451,25.166666666666668,7,302,12.0,25,277,0.33124353803661744,0.05410744115525016,0.05885243828977518,0.023351058273119306,0.4675544757547621,0.8971766568124289,85.04052980132448,0.22847682119205298,0.24022552916166,52.588789642777186,0,0.18212921799177004,82.41957282572469
73d94a81-2490-4632-914e-5dfc835a9245,8596.98090909091,2840.2889612976164,0.330382141281033,360.1500000000001,128.426,14.458333333333334,7038.5599999999995,14488.1,4837.569230769232,2245.6637063329467,0.31126312642713116,0.6650156994860459,0.33498430051395417,-1648.0549999999998,-951.9859999999999,0.46421324413291326,14679.44733128835,-2371.19,32427.970000000012,0,0,0.012269938650306749,97.17297546012267,27.09141274238227,6,326,12.033333333333333,25,301,0.3008908307028292,0.04994861303846731,0.048374593237224185,0.01946825095786798,0.4186822879363886,0.7117033937671071,97.1729754601227,0.25766871165644173,0.33174226089390096,54.2036428994689,0,0.2522713464121026,73.88658075586322
742bd345-fdd4-4016-8c14-f9ecbbcf4230,1551.9225,254.02997182240307,0.16368727937277994,-295.275,-7.35542857142858,10.78125,1060.72,1919.3899999999999,1598.29,561.9092160660831,0.2329191246221322,1.115700579979563,-0.11570057997956303,-173.89499999999987,-90.00342857142854,0.35156899940942077,-1261.9298402555905,-3196.7899999999986,1104.67,78,158,0.8881789137380192,-6.884025559105435,26.15598885793872,8,313,11.966666666666667,33,280,0.34623507294984124,0.05865681651843655,0.2562155434093305,0.09444951879577321,0.7555569516733815,0.4655907649643404,6.8840255591054325,0.9233226837060703,0.32272183203491034,43.42997843144567,0,0.5862509457362534,37.67761016180118
7457e1e4-43a8-4a9c-bd6f-9a649a2f88c4,4762.751666666667,1300.8700820662882,0.27313414032706335,-622.0749999999998,-130.23542857142857,10.666666666666666,3163.08,7973.9,3548.278461538461,1488.2505452087369,0.29021375913173064,0.8070898090774556,0.19291019092254433,-972.3600000000001,-165.39685714285707,0.4194289037178502,4017.6181739130434,-4188.1900000000005,11283.2,0,0,0.17101449275362318,31.957681159420293,28.75,6,345,12.0,34,311,0.3270126408018334,0.054200810385872884,0.0840795464526634,0.03588699249838417,0.5011799901387539,0.6512048595268024,31.957681159420293,0.6347826086956522,0.3192646835019886,51.133805352732864,0,0.3813211708487718,64.47710121816398
745d42cf-f8c7-4c6b-aafe-263e2e42b69c,987.3016666666666,259.10550690029845,0.26243803251653763,250.255,-20.306,11.678571428571429,620.47,1610.0800000000002,1097.1292307692308,303.98195855076494,0.1948602927360075,1.2038434723598497,-0.20384347235984962,153.565,4.210571428571435,0.27707033048206536,-1425.4594311377246,-2691.4700000000003,-271.24,79,158,1.0,-7.230718562874252,27.833333333333332,7,334,12.0,29,305,0.2747285952790518,0.056535405423198924,0.38975422911943497,0.13672788289968787,0.8577461127213735,0.9471892283086771,7.2307185628742525,0.7425149700598802,0.2467677883819871,38.43171352046858,1,0.6842027754749442,30.986174452126328
75397281-3692-4040-b4d0-c34196acde4f,75.12,26.39447753687207,0.3513641844631532,0.0,0.0,27.636363636363637,62.6,125.2,625.0415384615385,249.2301492210949,0.09695847906723737,10.81674653887114,-9.81674653887114,335.58000000000004,65.26371428571427,0.3987417377644112,-3472.0567153284665,-7374.339999999997,92.79,72,142,0.9927007299270073,-26.913649635036496,22.9608938547486,9,274,11.933333333333334,12,262,0.517731629392971,0.08900425985090521,6.438351970181043,2.1021166134185303,9.147204472843448,0.8811823573652325,26.913649635036496,0.2737226277372263,0.262733307570943,-351.18562184402845,1,0.7323409002086115,27.212142011383726
754c5df0-93db-4230-b025-f16140e9daec,4272.559090909091,1505.0975428685977,0.35227073771104983,-504.1149999999998,-111.78000000000003,14.458333333333334,2824.63,7403.11,2761.205,895.4356580052375,0.2511705336377898,0.7050162612783695,0.2949837387216306,-1099.0199999999998,-260.28142857142853,0.32429162557841146,7210.412783171518,512.8499999999996,14570.98999999998,0,0,0.0,44.86631067961165,25.96638655462185,8,309,11.9,25,284,0.2861576466307716,0.04994473186710541,0.10321725429617973,0.039254523848279134,0.4785741566423359,1.0862776276838306,44.86631067961165,0.3559870550161812,0.22761560019387672,54.7453949059655,0,0.30728076174977736,70.30989168195639
760800ae-b537-40ae-9222-bfb007ef7b31,1537.885833333333,163.51700514616115,0.1063258413608907,-166.0050000000001,-29.45514285714286,10.411764705882353,1311.37,1851.74,1314.5553846153844,369.5796926603559,0.20403915450792953,0.9260126049668839,0.07398739503311616,-214.72000000000003,-77.34600000000003,0.281144253780139,76.28633136094679,-1368.04,1803.2400000000002,0,45,0.5532544378698225,4.039674556213018,28.088642659279778,6,338,12.033333333333333,35,303,0.24380223282720923,0.05174202896508898,0.25300859459116765,0.08679285360909432,0.6353457099925602,0.37818963016772106,4.03967455621302,0.9142011834319527,0.303166557631068,54.14683548489515,0,0.5234159954849681,50.2275178275994
7650512f-dc30-4c21-a163-7567ff584f97,3575.804,1228.6385227035296,0.3435978377739746,81.53500000000031,11.733142857142932,13.826086956521738,2881.3999999999996,5939.05,2458.2758333333336,939.1104681119384,0.2191380069567729,0.8249699927624667,0.17503000723753323,110.61500000000012,-322.7428571428572,0.3820199732584681,4464.764437299036,236.2600000000001,8369.420000000002,0,0,0.0,20.124533762057883,26.06145251396648,7,311,11.933333333333334,24,287,0.336491597414176,0.05372274319285956,0.13614700358297044,0.05670556887346175,0.5830669130634677,0.8994237522274844,20.124533762057883,0.6559485530546624,0.2892535452524144,49.052865691112736,0,0.25785920905718296,80.1998819460629
76a0e1b8-5d25-4476-a3b3-825a5980f1e8,2411.458,810.6707284273244,0.33617451700478485,-26.50499999999988,-1.7905714285714176,13.826086956521738,1999.04,3992.81,1653.2423076923076,734.2961933619821,0.1726844452509404,0.891251267905143,0.10874873209485701,-625.5199999999999,-121.75828571428573,0.4441552154486995,2341.374520123836,-524.24,4398.959999999994,0,0,0.006191950464396285,8.118978328173375,26.916666666666668,6,323,12.0,24,299,0.2608745414599798,0.05368577847924369,0.20410888350533166,0.07855579487596301,0.5972249983205181,0.7568852178515361,8.118978328173373,0.9442724458204335,0.20171411422310004,45.38160946467674,0,0.40521062293642096,59.61126962660635
76e58c6f-56d7-4e6f-8f5b-cea874bcca82,4634.169,1621.605370375981,0.3499236584544027,-55.67000000000007,-0.7737142857143486,13.826086956521738,3748.9799999999996,7781.13,2945.3246153846153,1022.2109398636482,0.2701768278382271,0.8262370232937124,0.1737629767062876,-1210.5049999999999,-368.5065714285714,0.34706223365812694,5785.431141141139,-1288.52,10929.919999999996,0,0,0.006006006006006006,24.18159159159159,28.06179775280899,10,333,11.866666666666667,24,309,0.33365723174964057,0.05469502730694543,0.0969138156161331,0.041144593561434635,0.5264106682341537,1.0082447023005516,24.18159159159159,0.6816816816816816,0.18370888725338358,49.511564641456886,0,0.3250199537799606,71.16581184996136
77405588-f478-49d6-b6ae-924891946497,4835.592,1680.9037642212993,0.3476107504978293,-79.09999999999991,-9.637142857142836,13.826086956521738,3957.76,8030.38,3142.5833333333335,1440.3202549328037,0.210331468271857,0.7798631480902442,0.2201368519097558,-1578.52,-174.3694285714286,0.4583236471903064,6705.884031746033,-15.380000000000209,12512.46,0,0,0.0031746031746031746,33.79339682539683,26.396648044692736,7,315,11.933333333333334,24,291,0.35213889012968835,0.05509418495191489,0.10280064984804342,0.03486067476329682,0.5448943996929435,0.7584394840388705,33.793396825396826,0.5015873015873016,0.2739092042109729,49.210678617649215,0,0.2585145834317458,73.26613043148762
774c2ee5-2447-4f6a-bea4-ee857696bbf4,919.3883333333333,117.59467457278323,0.12790533696075096,-160.18,-21.027428571428583,7.0,784.91,1105.27,1345.115,284.37267598251157,0.187115351971145,1.4630542407723977,-0.4630542407723976,202.99,16.61971428571428,0.2114114228021482,-2559.3265352112667,-5283.639999999998,-278.34,86,171,1.0,-14.39076056338028,29.665738161559887,6,355,11.966666666666667,52,303,0.30274475964998476,0.04916312113307219,0.44637829861520256,0.14152706600221526,0.9398132454004748,0.6050067459242855,14.39076056338028,0.6563380281690141,0.3070047294593151,33.412441804238604,0,0.5813577747474353,40.102065558299635
777f166f-5621-4a86-a645-ff0ec80a9a4d,3804.332000000001,1360.296125512546,0.3575650404624375,-23.72499999999991,-9.55571428571423,13.826086956521738,3064.84,6431.88,2469.346923076923,876.2087107950232,0.2892630284369801,0.8438146302688618,0.15618536973113822,-66.40999999999985,-351.2837142857142,0.3548341881841478,4806.298983050847,-916.55,8646.259999999997,0,0,0.003389830508474576,20.141728813559318,24.651810584958216,7,295,11.966666666666667,24,271,0.28910725982905794,0.05362807452136144,0.1278037773779996,0.05387594983823704,0.524415061566656,1.0076961363059878,20.14172881355932,0.8338983050847457,0.2898932168611383,48.42377981168945,0,0.28573582352471694,74.1574340738629
7794b5b9-d959-42d5-a75a-4566c38cfac9,933.6091666666666,108.82271925712553,0.11656132259890215,-80.80000000000001,-9.886000000000003,7.0,841.79,1137.21,1239.611666666667,278.06133897637284,0.1718111989373016,1.3277629557693218,-0.3277629557693218,-160.485,23.955428571428552,0.22431326394667103,-2021.0643119266056,-3899.9700000000003,-263.59,86,162,1.0,-11.229449541284401,27.32590529247911,6,327,11.966666666666667,52,275,0.28233441723919095,0.05180522541998748,0.4446953623527332,0.17172603453800708,0.9505610395499187,0.5196363360243103,11.229449541284403,0.7370030581039755,0.19119831882834276,38.906376812326634,0,0.5399174196474966,47.61188247314338
77d86c27-ba0c-4ad0-ae35-0e63ab9d88ed,1453.4799999999998,537.076195728485,0.3695105510419717,69.08999999999992,-83.70942857142862,12.321428571428571,858.21,2685.38,1473.2825,444.5325125879177,0.2192903714438111,1.0136241984753833,-0.013624198475383278,-0.12000000000000455,-69.34885714285717,0.301729310290401,-566.9728476821195,-2137.5600000000004,637.7499999999995,66,137,0.8774834437086093,-0.7868543046357638,25.44943820224719,9,302,11.866666666666667,29,273,0.2747475025456147,0.06017167992220969,0.2678978497582813,0.11390822944473496,0.7167252616708406,1.2246425469449231,0.7868543046357618,1.0,0.31220534192639005,42.3351293239175,0,0.6464188907976464,31.92888255439822
788d5112-dd31-4143-a36a-de6fa7215b8a,1334.9825,139.63603260717744,0.1045976502367465,-121.53999999999996,-6.463428571428585,7.0,1208.23,1553.87,1199.87,418.4806437379551,0.1756337705815566,0.9736900421291415,0.026309957870858568,-206.38999999999987,-44.61914285714282,0.34877165337741184,-115.44985337243376,-802.48,581.5500000000003,33,90,0.6392961876832844,1.2360117302052775,28.416666666666668,6,341,12.0,52,289,0.25666254052019405,0.0505568425054261,0.28207985248246076,0.11960893370012965,0.7089081692082106,0.2999029572038057,1.2360117302052787,1.0,0.29240283081949264,50.939035740183705,0,0.45694506227058973,49.861329859540795
78a93866-9dec-4417-a843-0a33f331e07a,1398.4683333333335,401.82376369460394,0.2873313282230945,-611.02,-69.42771428571427,10.606060606060606,1022.96,2260.54,1464.6323076923074,434.6052234529218,0.25458319284125913,1.1345877215668096,-0.13458772156680954,-20.929999999999836,-38.119714285714295,0.29673333106907296,-1550.0396141479102,-3118.169999999999,349.02999999999963,80,158,0.9710610932475884,-7.262379421221866,25.916666666666668,7,311,12.0,34,277,0.2896454573515549,0.06073370747281848,0.28551355590223115,0.11324949557909189,0.7491422163056964,0.968314975563733,7.262379421221866,0.9710610932475884,0.24962316611887883,40.061884669253324,1,0.7209533185168271,26.324793227754224
78e50c6b-ba06-4f6a-ba34-fcfe65616605,1664.9108333333331,341.79065800463655,0.20529066852206995,567.83,99.76942857142858,11.607142857142858,1090.73,2273.69,1873.8966666666672,611.4655333828323,0.22769887702808225,1.12552373925931,-0.12552373925930999,-273.6650000000001,27.573142857142816,0.32630696465804704,-1883.5939285714273,-4191.939999999997,481.32000000000073,73,150,0.8928571428571429,-7.463779761904765,28.156424581005584,7,336,11.933333333333334,29,307,0.3430754299654688,0.05252133122244286,0.24589104621718982,0.09718388322097331,0.7386716906260747,0.6291335789819995,7.463779761904765,0.9791666666666666,0.25254505317795894,42.294191080804566,1,0.7232267865202284,25.35829545228465
792813e6-c8f0-46e0-a19d-3b97f50c2486,4569.02,1616.223323455023,0.3537352262531184,73.57999999999993,9.864571428571358,14.458333333333334,3743.52,7872.3,3252.3241666666668,1332.2812199754385,0.2936781875730407,0.7765319477699814,0.22346805223001862,251.07500000000016,-269.03285714285727,0.4096397381386814,6067.515296052635,-228.5000000000001,12005.870000000008,0,0,0.013157894736842105,36.9451644736842,25.403899721448468,6,304,11.966666666666667,25,279,0.30559169044008244,0.05017208782786522,0.09224516417087254,0.04021371601071406,0.48822265844953433,0.8635276154125535,36.9451644736842,0.5723684210526315,0.261329782368455,50.133870538833555,0,0.33755921900765323,68.25275426815321
792f75cf-bab7-4e69-b006-935ccb0d1d00,4024.8089999999997,1386.2271023453072,0.3444205929636182,2.2650000000001,9.995714285714309,13.826086956521738,3298.74,6688.78,2691.0075,962.091703653366,0.29731677324075345,0.8023260234212357,0.1976739765787643,-575.1699999999998,-108.08371428571424,0.35752100417905414,5742.217836065572,93.07999999999997,10415.169999999995,0,0,0.0,26.08524590163935,25.487465181058496,6,305,11.966666666666667,24,281,0.28637980087999215,0.05284772519640063,0.12156204182608418,0.04230585848918546,0.5030954263916624,0.9633576459500126,26.085245901639347,0.6950819672131148,0.2634409850833439,50.423921190660934,0,0.2545316447821167,76.12071321872264
796393d2-12e9-4a9c-9cff-00e5be7e0891,3356.541,1198.2113421397003,0.3569780146107854,-0.30500000000006366,1.9948571428571864,13.826086956521738,2774.23,5673.22,2042.1538461538464,601.9115593470863,0.20624981166189546,0.790933285188532,0.20906671481146802,-699.9549999999999,-174.02628571428565,0.29474349372879766,4894.9527702702735,-1836.06,8939.270000000004,0,0,0.010135135135135136,23.707466216216215,24.666666666666668,6,296,12.0,24,272,0.3282057332235776,0.05527118542571059,0.13936877279318202,0.05464881853074341,0.5774945099732137,1.211148073515243,23.707466216216215,0.5608108108108109,0.20115714931444928,51.75845827955921,0,0.17519946938976536,86.85520900359879
79664c9f-5b5f-428d-973c-d640d87d2a4b,2321.6339999999996,814.5676900895209,0.3508596488893258,-8.029999999999973,-5.655714285714333,13.826086956521738,1884.42,3904.11,1841.8441666666668,621.4665974415728,0.16492844807265178,0.9520075085047858,0.04799249149521426,-404.29,-144.1348571428572,0.3374154060852449,1304.3446220930236,-404.46,2710.1100000000006,0,0,0.0377906976744186,3.238982558139538,28.907563025210084,8,344,11.9,24,320,0.3483908316297917,0.05437937245922484,0.21935025072858166,0.06907979466186315,0.6912002494794613,1.0398447805334778,3.238982558139537,1.0,0.29735007440459366,44.645602071423895,0,0.4267536498184548,59.933555730386445
79be70b2-bfe0-475c-be9a-9179704fd43d,7443.778,2603.4953738294043,0.34975457003545835,-59.38500000000022,25.099714285714306,13.826086956521738,6095.79,12523.22,4105.96923076923,1787.4851021498591,0.2598009277299841,0.7170767317348798,0.2829232682651201,-360.5300000000002,-669.2742857142857,0.43533816297376,12378.172507552863,-4029.3,24659.999999999978,0,0,0.012084592145015106,63.62592145015106,27.583333333333332,7,331,12.0,24,307,0.3247786271971035,0.052713286183440726,0.06424318403907263,0.025125279125734274,0.46686037654535106,0.8034089353580054,63.62592145015106,0.3021148036253776,0.29003214831689694,52.11753037006586,0,0.2775710671117407,76.06535670529347
79f2de7d-8a56-4f52-b962-c14c53b7cfed,4185.328181818182,1361.4121810004358,0.32528206196939463,498.77000000000044,143.0885714285715,14.458333333333334,3436.2299999999996,6929.719999999999,2629.3550000000005,1026.8480690885624,0.20621945939847094,0.6853434541138406,0.31465654588615943,-562.5650000000002,-176.84457142857136,0.3905323051046976,7131.806897590364,306.96,14879.55000000001,0,0,0.0,43.633584337349404,27.74373259052925,6,332,11.966666666666667,25,307,0.2776478264656556,0.04953451027300781,0.10563894088027419,0.04158943982018572,0.47441071743912333,0.8329197296039055,43.633584337349404,0.3102409638554217,0.29941310067804966,55.01715387427058,0,0.3205128097802088,73.80934579683057
7a2ca4de-ae5e-448a-a978-7de5056a6044,10848.275,3748.3854283685337,0.34552824558453155,-269.0,-82.1802857142857,13.826086956521738,8785.41,18023.0,5334.834615384616,2778.5529461052665,0.31682735460763334,0.6392984138031162,0.3607015861968838,-1373.8749999999998,-1055.744857142857,0.5208320681755466,23358.80651898734,-2257.7,43961.37000000001,0,0,0.0031645569620253164,123.82879746835445,26.480446927374302,9,316,11.933333333333334,24,292,0.24973924425772762,0.05514959751665588,0.048246195823759996,0.015304829569678128,0.36843986716782157,0.6634158430276823,123.82879746835445,0.28164556962025317,0.30088842780073205,53.64557471682847,0,0.3351100248830027,67.69876006374935
7a75755b-e403-4b3a-a45c-1fdff2aeced7,4494.675,1582.7014004981766,0.3521281072598523,-53.77999999999997,10.112285714285761,13.826086956521738,3562.63,7628.84,3007.0275,1249.0550578018788,0.263618030319532,0.8028240084099518,0.19717599159004817,-673.375,-287.0925714285714,0.4153786614195842,6046.030248447204,180.03,11274.619999999995,0,0,0.0,27.52304347826087,27.134831460674157,9,322,11.866666666666667,24,298,0.3090910911244973,0.055401336025407845,0.1057980832874457,0.037494590821360835,0.5077851012587117,0.8477279647838217,27.523043478260863,0.6335403726708074,0.28156626435907217,49.01562321741467,0,0.22937887993833198,80.66991526158978
7aca1caf-1d48-4174-af75-5da4e598ba90,753.1275,86.81469566894138,0.11527224230816346,-71.44999999999999,-6.232285714285714,7.0,668.23,892.6,945.3676923076923,262.95603108865447,0.17667444006320698,1.359860492855902,-0.359860492855902,-77.12,-8.65228571428572,0.27815212348410695,-1834.1232267441865,-3415.4200000000005,-192.02,85,168,1.0,-9.454215116279071,28.666666666666668,6,344,12.0,52,292,0.2549634690009328,0.051183232586779794,0.5233232974053752,0.19470917385613104,1.0241791728492189,0.4144215793295926,9.454215116279071,0.5726744186046512,0.2084618276323905,36.58437054683687,0,0.5462339533746507,39.26089060978742
7ada7c9c-169f-4ef3-82f9-55244672ced1,1249.201,447.78483140033035,0.35845699082880206,-11.93999999999994,-1.559428571428566,13.826086956521738,1005.38,2118.15,1212.8300000000002,412.00496497817437,0.1624680737169709,1.2621499662584326,-0.2621499662584326,-137.37500000000006,-34.518857142857115,0.3397054533431514,-922.3806109324762,-3274.7800000000016,824.4199999999998,75,155,0.842443729903537,-10.529839228295822,25.844875346260388,6,311,12.033333333333333,24,287,0.3311428665202799,0.05555070801256164,0.4036324018312506,0.15092447092181324,0.9412504472859055,1.055199400837139,10.529839228295819,0.6559485530546624,0.3025295573797837,31.966182557935607,1,0.7212434072639863,27.12309384749635
7af7b807-a2bd-45ff-9472-62921c6959c7,381.03599999999994,133.88240339110206,0.3513641844631533,0.0,0.0,27.636363636363637,317.53,635.06,984.433076923077,235.21917408325848,0.14753122257793044,3.3586406533765847,-2.3586406533765847,170.22000000000008,18.194285714285716,0.23893871467469835,-3881.081111111112,-8987.270000000002,327.73999999999995,69,141,0.9509803921568627,-29.37016339869281,25.571030640668525,8,306,11.966666666666667,12,294,0.4839227789500207,0.09051638165422692,1.1895201503270036,0.40869104231621173,2.172650353247463,1.4705201078088828,29.37016339869281,0.2549019607843137,0.3224768961127959,-49.66532596245196,1,0.777425903832089,19.222194728130624
7b077985-4143-4215-b93b-bda050b7a853,5238.532727272726,1921.513375728053,0.36680373603935224,-584.175,-155.6617142857144,14.458333333333334,3439.89,9084.74,2711.9553846153844,1182.9266407630369,0.20816742503705812,0.6118198260234562,0.3881801739765438,-759.315,-201.20114285714288,0.43618956546027476,11348.3675,-1215.36,22642.97,0,0,0.0031645569620253164,70.78620253164557,26.554621848739494,9,316,11.9,25,291,0.25309515884565875,0.05056533873294847,0.0836677723429149,0.0303186909033862,0.4176469608249083,0.8409273515112509,70.78620253164557,0.22151898734177214,0.31106082412292924,55.7993035686757,0,0.23169598462823324,82.42338797774622
7b25399d-b654-41ac-8d6e-b2bcc827be1e,2254.969090909091,850.3791078155031,0.37711342086408495,-787.05,-123.34314285714281,11.580645161290322,1154.62,4243.46,1611.732307692308,356.68040071268865,0.1989493387907517,0.8447009553849961,0.1552990446150039,-152.71000000000004,-157.3154285714286,0.22130250725282455,2074.984431137724,-1150.02,4383.039999999997,0,0,0.005988023952095809,11.533353293413178,27.75623268698061,6,334,12.033333333333333,32,302,0.2781783745473633,0.04819941091714218,0.19866750844397787,0.06865887296983711,0.5937041668783204,1.7040630291334928,11.53335329341318,0.8173652694610778,0.2531127520699181,50.472509013621114,0,0.26087527332542326,74.35844141427665
7b3a7fe2-581b-490b-b4e3-e166849fcbb1,2081.389,724.8007346919566,0.3482293481381695,15.944999999999936,-8.89628571428575,13.826086956521738,1695.53,3485.94,1513.1315384615382,517.4600971064685,0.1604481993786701,0.9450761006231896,0.05492389937681041,-367.19,-147.51628571428571,0.34197958601311756,1590.973186119874,-529.99,2837.7400000000002,0,0,0.012618296529968454,3.606246056782339,26.49025069637883,7,317,11.966666666666667,24,293,0.3055594124884872,0.056452205714549265,0.23028852367337385,0.0921687392409588,0.6844688811173691,1.018275249110373,3.606246056782339,1.0,0.17807898138908052,44.91048381066498,0,0.5134956410228392,49.797375308628304
7ba920bf-7b99-4a60-9d09-f3405097b9ce,1379.3849999999998,484.49139605363484,0.35123725142265205,-35.940000000000055,-3.5608571428571523,13.826086956521738,1106.98,2301.59,1365.0953846153845,391.22991930609857,0.19164059541626846,1.2865327664140178,-0.2865327664140179,42.48000000000013,-21.723999999999975,0.2865952985522162,-1167.672407407407,-3952.39,610.44,71,146,0.9197530864197531,-12.198734567901234,26.925207756232687,6,324,12.033333333333333,24,300,0.3305560086560316,0.05515573969558897,0.3478202242303635,0.14019218709787332,0.8737241596798573,1.2255513373631228,12.198734567901234,0.6975308641975309,0.24327294119768464,32.2696658297154,1,0.728733715613475,22.28485491280665
7baf4003-5ca8-46ee-a5fa-9d4119fde76e,6496.182999999999,2309.3810156309564,0.355498146470159,43.664999999999964,-17.015142857142926,13.826086956521738,5247.8099999999995,11121.01,3501.993076923077,1764.8319403953863,0.2871514265173392,0.7008101526696523,0.29918984733034765,-1785.3650000000002,-389.5968571428572,0.503950722240149,12521.587017543865,-1440.67,22515.730000000014,0,0,0.0029239766081871343,56.830175438596484,28.65921787709497,8,342,11.933333333333334,24,318,0.26612612360212146,0.055857108705219656,0.07035593055183328,0.030001156063491435,0.4223403189226658,0.7054224367214071,56.830175438596484,0.32748538011695905,0.24187720794598067,51.22363505430616,0,0.3050846471282766,74.8375531904869
7d341a99-f469-41a3-b6ec-8fd2f1914340,760.1208333333334,89.3541524149151,0.11755256335110988,-54.70999999999998,-0.9177142857142858,7.0,669.9399999999999,907.49,1023.8184615384615,387.7430241978605,0.1676634379292002,1.4591583574979856,-0.4591583574979856,38.48500000000013,26.231714285714265,0.3787224383658902,-2107.065030674848,-4370.800000000004,-241.99,81,154,1.0,-12.847208588957054,27.166666666666668,6,326,12.0,52,274,0.31835727872213293,0.049984377483843045,0.4996760383491661,0.22205241491210279,1.090070109467245,0.3103923914789024,12.847208588957058,0.5797546012269938,0.27938847331708444,30.532640032229473,0,0.5315052490561548,45.8644929884
7d5605f7-2c62-46b8-8258-a68111a83813,4574.820833333334,1144.7731442712557,0.25023343776222684,268.2149999999999,-207.60800000000012,9.35135135135135,2899.63,6649.43,3469.0383333333334,1090.276258159399,0.3151990248978704,0.7582894412076248,0.2417105587923753,-1231.125,-192.54142857142864,0.31428775164665684,5407.692483221477,-2362.230000000001,13997.370000000003,0,0,0.11073825503355705,44.5281543624161,25.04201680672269,8,298,11.9,38,260,0.2814602029041211,0.055250433304765124,0.08905795035689013,0.03541249793935464,0.461181084505131,0.7961921406455441,44.5281543624161,0.5738255033557047,0.30064047529022214,55.87566418589507,0,0.3993291640894305,60.82658866892831
7dc8c960-ab22-42bf-8d78-c6706da969ed,714.192,250.94148963010835,0.35136418446315326,0.0,0.0,27.636363636363637,595.16,1190.32,1189.1961538461537,338.4673428988007,0.22072117234977737,2.164620998274974,-1.164620998274974,383.4000000000001,67.10800000000002,0.28461859870982076,-3201.208873239439,-8317.630000000005,630.04,67,131,0.9330985915492958,-29.287429577464792,23.601108033240997,6,284,12.033333333333333,12,272,0.4706969554405538,0.09021803660640278,0.6845232094450792,0.25394291731075114,1.499381118802787,1.2345088692583372,29.287429577464792,0.3274647887323944,0.27707080736502676,-2.818137439089974,1,0.7940868424635066,15.498808978557431
7e610dda-c00c-48f4-a6f7-d42983aefb69,5751.219090909092,1970.6709973582836,0.3426527430459584,1413.1949999999997,358.98371428571437,14.458333333333334,4511.120000000001,9566.62,3354.4107692307693,1544.963024231009,0.30308842502202615,0.689297968604601,0.31070203139539904,-1020.2949999999994,-498.01485714285707,0.4605765752967991,8216.880616883116,-1380.59,20734.499999999993,0,0,0.003246753246753247,63.81840909090909,25.666666666666668,6,308,12.0,25,283,0.26187459702219656,0.049208065135913484,0.07477813794735377,0.0298199227642013,0.41568072286966506,0.7439647637858054,63.81840909090909,0.3538961038961039,0.315251973635631,52.93696745850123,0,0.3180738087865049,72.36130403673606
7ed893c5-5cd5-43d3-a167-cfd28c9800b2,228.97200000000004,80.45256004489714,0.35136418446315326,0.0,0.0,27.636363636363637,190.81,381.62,780.6246153846153,213.9955346346969,0.08806360192823891,4.432035358035044,-3.4320353580350447,8.770000000000039,9.45314285714285,0.2741337262715715,-3625.3468382352935,-7858.4000000000015,278.75,63,134,0.9669117647058824,-28.891176470588235,22.60387811634349,6,272,12.033333333333333,12,260,0.5391226874901736,0.09096308718970006,2.1432969970127353,0.7399725730657022,3.5133553447583115,1.2817254893878804,28.891176470588235,0.30514705882352944,0.20873225779750335,-93.30501438072784,1,0.7991146670724827,19.567449577077088
7f0b8ce8-a402-40ed-8856-a3959d11df38,1886.5949999999998,678.8024822230856,0.35980296895893693,-0.5,0.4531428571428803,13.826086956521738,1529.85,3184.34,1492.059230769231,380.93196477983525,0.17453163593732357,1.0281364044747283,-0.028136404474728264,-267.9899999999999,-94.60371428571422,0.2553061949045051,647.7137614678902,-1084.66,1561.8100000000004,8,8,0.11009174311926606,-1.62330275229358,27.32590529247911,8,327,11.966666666666667,24,303,0.3449579798525916,0.05503035892706172,0.26895544618744355,0.09416117396685562,0.7631049589339525,1.4092997982031648,1.6233027522935792,1.0,0.18289900844315835,42.974330854152655,0,0.5503626278605782,42.37912919508825
7f2617ce-6f53-4274-a336-4c07266c1ce3,640.1808333333333,65.91825122602214,0.10296817366867247,-77.76999999999998,-9.319142857142847,7.0,580.29,747.64,892.9000000000002,254.25435991017605,0.12645916072951574,1.5109923368006697,-0.5109923368006697,-61.23999999999995,7.6037142857142985,0.28475121504107515,-2020.781371951219,-4079.859999999999,-52.03,81,167,1.0,-11.968079268292682,27.333333333333332,6,328,12.0,52,276,0.3122242803791117,0.05114440320898912,0.619709014510223,0.26187262192843946,1.2449503200267633,0.3616074953492978,11.968079268292685,0.5335365853658537,0.23482774365292006,30.776237017091535,0,0.5738084323986202,42.76446905704775
7fb23603-f880-4f59-a9da-7dd08f8296c0,1654.6608333333334,283.5737717535159,0.1713787901670781,-103.02999999999997,-7.828285714285682,10.935483870967742,1234.8899999999999,2124.91,1535.2275,344.88161262895045,0.21203860665601673,0.9278200517427289,0.0721799482572711,-197.42000000000007,-116.84314285714281,0.22464528066944506,-5.2191749174918804,-1924.16,2113.25,14,77,0.5907590759075908,4.7300330033003295,25.533707865168537,9,303,11.866666666666667,32,271,0.2923982910898658,0.053143317890423654,0.2470128571162368,0.08281052562131312,0.6753649917178395,0.7628862251473421,4.730033003300331,0.933993399339934,0.3371666414261078,53.252928611889594,0,0.4842280717893163,52.039961150506386
80bccf68-e777-454f-b8e3-27f78dab1910,5436.877272727273,1877.2114547013127,0.3452738328521543,1181.1399999999999,346.6608571428571,14.458333333333334,4262.54,8983.76,3164.656666666667,1241.5872707095054,0.20205799049291284,0.6349881658338301,0.36501183416616984,-660.0,-207.05228571428572,0.39232921655835395,9363.473800623047,43.019999999999584,22478.919999999984,0,0,0.0,68.00551401869158,26.899441340782122,7,321,11.933333333333334,25,296,0.2919316151567619,0.04781370990867919,0.0762851001535808,0.026180469571018793,0.4422108947900407,0.8800614847933438,68.0055140186916,0.2118380062305296,0.324388006281882,56.39567404991509,0,0.2566505619258902,72.59130935917022
80ec2f44-23e7-40ee-9543-f62406a330c8,1820.0341666666664,337.1307606163932,0.1852332042940915,-672.54,-181.96257142857138,9.485714285714286,984.04,2329.12,1727.549230769231,578.5956350719896,0.27441052553773376,1.0282838096903857,-0.02828380969038566,-68.94499999999994,-126.36085714285707,0.3349228055366947,-638.6925519287835,-2216.5800000000004,533.6800000000001,64,146,0.913946587537092,-1.8330267062314547,28.083333333333332,6,337,12.0,36,301,0.2684125435374153,0.05469677538104824,0.2268968393908356,0.08133867450290537,0.6313448328122045,0.5530623810381198,1.8330267062314527,1.0,0.29694712028689824,46.61319537282793,1,0.6756461779345158,29.37605306457789
80fc599b-2e85-4bc9-a65e-34deddc37d78,125.47199999999998,44.086366952960766,0.3513641844631533,0.0,0.0,27.636363636363637,104.56,209.12,671.9646153846154,215.71670255280745,0.07640741156242202,6.962142948227493,-5.962142948227494,-68.38000000000005,-26.23857142857144,0.32102390157752086,-3461.622105263159,-7480.820000000003,163.02,66,132,0.9754385964912281,-26.248491228070176,23.949579831932773,10,285,11.9,12,273,0.44089517980107124,0.08934264218311658,3.9825060571282846,1.2163112088752872,5.72905508798776,1.0945109779569042,26.248491228070176,0.256140350877193,0.2408700549708433,-195.4471214945448,1,0.7733199212485138,23.494069553716695
81041f4a-600b-42f7-bea0-3a369de61c8c,385.96799999999996,135.61533154887434,0.3513641844631533,0.0,0.0,27.636363636363637,321.64,643.28,953.2538461538461,343.7203714876979,0.12363887252568129,3.2107065870745766,-2.210706587074576,79.65000000000009,44.47057142857146,0.3605759083737541,-3740.805256410255,-8532.619999999995,499.71999999999997,64,148,0.967948717948718,-27.348141025641024,26.07242339832869,7,312,11.966666666666667,12,300,0.44633752020892925,0.0900385524188534,1.2994652406417115,0.4154359946938607,2.2512773079633552,0.9744527471284843,27.348141025641024,0.25961538461538464,0.29961992527617953,-46.180707184352734,1,0.7086659987272113,23.98789787121182
821900b2-41e9-4f2d-aff9-b840cec435de,1595.471818181818,418.6548094508932,0.2624018830542476,16.970000000000027,-85.17542857142858,12.206896551724139,1177.76,2679.51,1500.245384615385,427.92138556856816,0.2144208203888697,1.1112808465321455,-0.11128084653214558,-373.04499999999996,-13.365999999999953,0.28523426231254395,-1790.248485804416,-2979.7400000000007,-469.1499999999992,80,164,1.0,-6.160883280757099,26.416666666666668,7,317,12.0,30,287,0.33579807398096534,0.05306723175076736,0.27579131621936853,0.10389916006607335,0.7685557820171746,0.9199521857115542,6.160883280757098,0.9873817034700315,0.32212422685724756,41.97202440083587,0,0.5254674928374009,43.260320328740576
82e16e59-698a-4c58-ba0f-79e9303a846b,206.352,72.5047021923406,0.35136418446315326,0.0,0.0,27.636363636363637,171.96,343.92,785.8292307692307,251.61383392881834,0.10682003723651057,4.950657129565015,-3.9506571295650152,134.01500000000004,34.476285714285716,0.3201889470089057,-3723.397966666668,-8152.260000000005,167.10000000000002,77,144,0.9766666666666667,-27.1742,24.930747922437675,6,300,12.033333333333333,12,288,0.5141311933007675,0.0934471194851516,2.381920214003257,0.9238388772582772,3.913337404047453,1.0973651268898437,27.174200000000003,0.29333333333333333,0.24666643173600059,-114.97098965667334,1,0.7522902760257393,22.34058179493506
82e6f8e2-1d2e-445a-9b23-458058618792,2027.543636363636,787.2608729801415,0.3882830726109945,-175.40499999999997,-256.0225714285714,11.482758620689655,1406.59,4237.32,1867.6908333333333,435.7799995088917,0.255325537907996,1.0049011387715903,-0.004901138771590223,-309.93000000000006,-13.338571428571406,0.23332555460002974,-272.96895833333326,-2480.0499999999997,2682.89,48,79,0.6488095238095238,-0.32532738095238434,28.156424581005584,7,336,11.933333333333334,30,306,0.2781529643123924,0.053570868108207964,0.22703871859276203,0.08166756191325104,0.6404301129266134,1.6641257888643843,0.3253273809523835,1.0,0.21971293428739322,43.48895117880597,1,0.6670773116978352,30.994647122094115
831b58b1-4c05-4b30-8de1-f41ab874169e,2063.554,715.2802924448569,0.3466254299353721,25.799999999999955,11.955428571428541,13.826086956521738,1664.04,3447.48,1518.0530769230768,453.9619074214747,0.17071056094623227,0.9563447334065402,0.04365526659345974,-345.7199999999997,-108.55142857142853,0.29904218391467874,1397.0545806451614,-938.48,2779.4799999999996,0,0,0.03225806451612903,2.905967741935486,25.761772853185597,6,310,12.033333333333333,24,286,0.27287291730674357,0.054287893604916565,0.23469218639298994,0.08309692889064206,0.6449499261952921,1.1591188420235372,2.9059677419354837,1.0,0.255840856887035,45.36660408738364,0,0.40019069489035247,60.46104615190854
8330a73f-f7c8-4d6d-b1d8-b8c959a57430,3286.8799999999997,573.7849880637108,0.17456827996875787,-159.9150000000002,-167.63685714285717,12.10344827586207,2004.2600000000002,4033.52,2453.935384615385,929.6740827893699,0.2533713507596589,0.8088004429732758,0.19119955702672414,-1085.0549999999998,-331.11799999999994,0.3788502699043485,3432.9925382263027,-2363.409999999999,7916.270000000007,0,0,0.10091743119266056,23.06238532110092,27.25,6,327,12.0,30,297,0.3087213406026384,0.05309924102289507,0.12106110759545022,0.04089465795323631,0.5237763471742201,0.46078436215139185,23.062385321100912,0.672782874617737,0.2577918796683255,54.83392848391926,0,0.25224454753300884,78.52835401881839
838564d5-bc53-4bc4-96ec-ce2d127fbbb1,1601.1599999999999,565.6200881235468,0.35325644415520424,11.480000000000018,-11.026000000000028,13.826086956521738,1283.0300000000002,2712.8,1337.3753846153847,436.1757749771565,0.1509546827655546,1.085830273052037,-0.08583027305203708,-392.45,-88.78342857142853,0.32614311583325284,-42.927354838709626,-1374.2799999999997,1005.3499999999999,68,99,0.5419354838709678,-4.433161290322579,25.761772853185597,6,310,12.033333333333333,24,286,0.33275874990631793,0.0554985135776562,0.3143520947313198,0.10652402008543806,0.8091333783007321,1.0831332228266735,4.433161290322582,0.9451612903225807,0.27279320920195016,39.44623343659733,1,0.6901650933717763,27.671462095872222
83e29040-063f-44bd-89d5-3a3eca69762e,2058.2920000000004,723.3691920881218,0.35144148259242214,-5.80499999999995,1.835142857142864,13.826086956521738,1666.99,3432.24,1653.9816666666666,468.4113363047354,0.23916327166060894,0.9642839791438728,0.03571602085612729,-364.99500000000023,-53.03914285714289,0.2832022541390939,1573.7774603174591,-327.9500000000004,2873.379999999998,0,0,0.006349206349206349,2.3337777777777715,26.323119777158773,6,315,11.966666666666667,24,291,0.29511264679647004,0.05450101346164685,0.22704601679450734,0.07534110806435627,0.6520007851169806,1.2409558096942717,2.333777777777773,1.0,0.22720677073204162,45.221351273690544,0,0.4063989686364643,62.60608994260802
84260384-5e63-420e-8a3d-b7224ce2ed95,1646.4409999999996,560.7008090961803,0.3405532351880088,-19.079999999999927,-6.441142857142865,13.826086956521738,1340.99,2710.66,1367.2769230769231,452.33680774368077,0.21526672892779583,1.079577099938595,-0.07957709993859496,148.61000000000007,-69.32000000000002,0.3308304266013215,104.19951923076941,-1310.19,1147.5100000000002,38,51,0.3557692307692308,-4.199326923076924,26.0,7,312,12.0,24,288,0.3130242747842164,0.05290198677025171,0.2944551307942404,0.08180129139155305,0.7421826837402616,1.0293891002909599,4.199326923076926,1.0,0.21605324451745747,39.983710414789506,0,0.5681215993147013,41.135608844542176
848041f9-4854-4ed3-8ada-54efcc13b7fe,8427.395,2878.3206647984093,0.3415433434410526,-19.80500000000029,5.64999999999987,13.826086956521738,6882.64,14087.79,4356.804615384615,2013.647010963008,0.2857872548088349,0.672075534610636,0.3279244653893641,-1326.0599999999997,-465.01114285714266,0.46218437334841206,17365.802266288956,-2063.75,31364.390000000014,0,0,0.0028328611898017,78.28750708215297,29.33518005540166,6,353,12.033333333333333,24,329,0.29386305020709247,0.05305459160274319,0.05173413611204886,0.020921648979310932,0.4195734269011955,0.7389763980263009,78.28750708215298,0.21813031161473087,0.28135034038707973,53.62699084537474,0,0.2197196968495909,80.87193195174882
84a9d473-d81c-471e-8805-e1b60924c872,2605.7799999999997,943.4394481541109,0.36205644688120675,31.985000000000127,1.1708571428571564,13.826086956521738,2078.31,4447.89,1788.6923076923076,474.43428502013234,0.20162172622887367,0.89236236366846,0.10763763633153998,-99.48000000000002,-116.90685714285716,0.2652408594702499,2450.899401197607,-1293.12,4811.940000000002,0,0,0.011976047904191617,8.397604790419164,27.833333333333332,7,334,12.0,24,310,0.2977503856810627,0.05490256276431626,0.18083491315460243,0.07141546868883789,0.6049033302888193,1.3650100802882368,8.397604790419164,0.907185628742515,0.2327635143852406,48.1389948574204,0,0.3154921876028379,65.61937868310439
84aacb45-5d10-4977-9a15-51e246d95090,2543.691,511.2556176806276,0.20098967118279212,-159.77999999999997,-23.32228571428568,12.615384615384615,1937.44,3721.55,1644.5461538461536,506.2564957861193,0.23831498987328747,0.8404755137318172,0.15952448626818277,19.990000000000123,-34.01057142857141,0.3078396398922102,1478.5335522388064,-1276.4300000000003,5611.760000000002,0,1,0.2865671641791045,12.11286567164179,27.99442896935933,7,335,11.966666666666667,27,308,0.23024966475880912,0.04858451753770406,0.20116476411639622,0.06931856109881271,0.549317507511722,0.6529038016454557,12.11286567164179,0.7731343283582089,0.24057935086135526,54.19449651739934,0,0.4349097344300683,54.39769392865774
84c0dcc8-6276-4b6d-acc6-249fc9698d30,4258.342999999999,1481.434016725761,0.3478897817122203,16.144999999999982,-0.10600000000002703,13.826086956521738,3426.58,7070.89,2678.1015384615384,1014.1779798835946,0.3103386670006193,0.8175790442432656,0.1824209557567345,-103.83500000000004,-358.54228571428564,0.37869287826413,5846.392187500002,-1087.82,10636.960000000001,0,0,0.003472222222222222,26.97260416666667,24.0,6,288,12.0,24,264,0.30654740588064416,0.05404050354797629,0.11047489598653748,0.03977486078505184,0.5108376662002098,0.9186594247742224,26.97260416666667,0.7395833333333334,0.28635583415576815,49.28628721362017,0,0.28218984332152225,72.5068948678751
84c1eea9-fba1-40a2-a98b-bb51bac46781,3155.751,1091.0424006166456,0.34573145999689,49.585000000000036,5.962571428571495,13.826086956521738,2527.3,5293.05,1871.1715384615384,571.2338951172009,0.18318059068711792,0.7708222226658565,0.22917777733414346,-731.3500000000001,-133.11257142857144,0.30528141507906037,4633.466838709676,-671.55,9087.109999999999,0,0,0.0032258064516129032,23.32993548387097,25.977653631284916,8,310,11.933333333333334,24,286,0.2553623527331529,0.055304426743428114,0.16545443541014482,0.05936463301445519,0.535485847901181,1.1325008432215045,23.32993548387097,0.4838709677419355,0.24499871121465247,52.689538991877825,0,0.25590625391235655,81.34011455740168
84ebd3ee-3423-4f6f-a936-b1030bfa331b,2914.238,1010.8843360345436,0.3468777553633381,-3.944999999999709,-5.964857142857129,13.826086956521738,2401.8,4879.18,1993.3853846153845,585.3971439489517,0.21995206453960617,0.8892207843010763,0.11077921569892366,-671.86,-33.02714285714277,0.2936698284571308,2823.3709999999987,-829.75,5367.279999999998,0,0,0.016129032258064516,10.414096774193553,25.833333333333332,7,310,12.0,24,286,0.3416673586714606,0.055815962869196,0.1610139597383604,0.05967220247625623,0.6181694837552733,1.1811828174033019,10.414096774193547,0.9161290322580645,0.27318311600558925,48.15143939791419,0,0.3648349551982209,62.7889725635766
853ebdb6-95fc-48d6-9fee-e0db1dac31f6,1252.6158333333333,154.4302789704104,0.12328622620029983,-141.2399999999999,-8.730571428571427,7.0,1097.06,1483.71,1202.073076923077,370.03740964900237,0.1580589942375192,1.0396210862734583,-0.03962108627345825,-80.16499999999996,-52.690571428571396,0.30783270730609813,-888.1554761904755,-1461.5499999999993,99.13999999999982,90,172,0.9880952380952381,-1.7724999999999975,28.0,6,336,12.0,52,284,0.28671999063293546,0.05110106250985438,0.31414127369458184,0.12842391821381788,0.7803862450511896,0.4004974886496005,1.7724999999999997,1.0,0.2828056658529016,48.55991561693072,0,0.5587388342034161,45.77971518604549
85c7584e-cffe-47f6-8b0d-3414be59fe86,599.3258333333333,128.73223241627866,0.21479506681748575,132.11,36.14857142857145,11.225806451612904,424.87,790.4200000000001,985.043076923077,260.0200510660865,0.19412661375215146,1.7805506464902923,-0.7805506464902923,182.12499999999994,5.117428571428543,0.26396820317573966,-2671.6685928143716,-5699.519999999998,-173.12,78,154,1.0,-16.807335329341317,27.833333333333332,6,334,12.0,32,302,0.28885789727624506,0.0582849340439466,0.6907233266267236,0.25050091005032044,1.2883670679972357,0.8137156833032789,16.807335329341317,0.39221556886227543,0.26454290167708405,17.054758072348942,0,0.6708266250672414,33.620450685817005
85d24bef-942c-471f-8eb2-b15c1249b8eb,1679.2224999999999,177.72565232172258,0.10583806036527178,-137.51999999999987,-4.050000000000013,7.0,1492.58,1946.1999999999998,1416.4574999999998,409.2070416643966,0.18202216915556357,0.8435198432607947,0.15648015673920537,-164.68499999999983,-52.62457142857141,0.2888946838605441,1095.9952439024396,-910.2400000000002,3153.1800000000026,0,0,0.11585365853658537,9.613353658536587,27.409470752089135,6,328,11.966666666666667,52,276,0.2549155933772922,0.05136950781289157,0.22208740453791356,0.07599102163848646,0.6043635273665838,0.36635516774120414,9.613353658536584,0.8445121951219512,0.27259613036983704,57.30617078139918,0,0.25623339367887427,73.47692346922165
85d4f7c5-b4e5-405f-acb4-9afaadf86b80,7411.733,2519.9718055082812,0.3399976504156695,-11.324999999999818,8.692000000000059,13.826086956521738,6151.799999999999,12287.64,3864.847692307692,1715.4306302313412,0.2005432794445875,0.6778849157140442,0.32211508428595576,-1343.935,-542.5491428571427,0.44385465270613583,14682.163479532159,-2074.27,26329.11999999998,0,0,0.0029239766081871343,69.8079239766082,28.5,6,342,12.0,24,318,0.3358356271063731,0.05496960022709938,0.06358539898833378,0.02641028758051592,0.48080091390232216,0.766011234404639,69.8079239766082,0.20760233918128654,0.3356167682595513,53.807580804845436,0,0.2596996511102312,81.02152528371079
85ed9ca7-5c13-4990-99a4-c10d311ff571,846.0324999999999,98.35274115743708,0.11625172928633012,-130.98499999999996,-19.31114285714286,7.0,748.62,1010.5899999999999,1095.6938461538462,309.17004828892203,0.14177247715181532,1.4030213575325614,-0.4030213575325614,165.45000000000016,24.400285714285754,0.2821682802857611,-2163.0431790123444,-4292.829999999995,-255.25,88,160,1.0,-12.628487654320988,27.0,6,324,12.0,52,272,0.30170235776994386,0.049155913041165684,0.5098316751031039,0.17826245839649582,1.0389524043107095,0.41199432185856677,12.628487654320988,0.6265432098765432,0.2566431386645063,34.74822821439243,0,0.5900968355259101,37.32649215909274
8662d8db-3211-453d-98ef-f8529edadeb8,6154.947272727272,2085.689672645913,0.338863938264371,1087.0899999999997,307.0797142857142,14.458333333333334,4953.49,10192.46,3789.806666666667,1518.3021176081306,0.29403522783044345,0.6717091734926612,0.3282908265073388,-650.9199999999998,-217.02114285714288,0.4006278554952136,10520.812121212117,482.97000000000037,23553.85999999999,0,0,0.0,67.35375757575758,27.6536312849162,7,330,11.933333333333334,25,305,0.2707693234799146,0.0495137540503264,0.07076746244927584,0.03164978002913251,0.4227003200086494,0.8458321946822779,67.35375757575757,0.2727272727272727,0.23486840137843443,54.95315780245815,0,0.2017804408167065,81.07712084651028
8675c84e-1496-448b-a625-0fb3e72e1317,5683.309,1943.6483332208588,0.34199237331998994,-82.65000000000009,-18.542857142857194,13.826086956521738,4634.92,9516.470000000001,3498.060833333333,1415.1754717892013,0.3031896481693548,0.7385966520560469,0.2614033479439532,-470.17999999999984,31.418857142857085,0.4045599945843904,10156.264545454547,37.63999999999919,18310.300000000007,0,0,0.0,48.23493506493506,25.810055865921786,7,308,11.933333333333334,24,284,0.30903968093235823,0.05320808704928766,0.08284012007793347,0.028343699066864035,0.4734315871264434,0.8453440228842276,48.23493506493505,0.43506493506493504,0.3592821546604511,52.10516282647062,0,0.3378030116214373,71.20065697720656
86b4326c-abe9-4ff1-bac6-72075034518e,3584.149,1202.8004224535525,0.3355888447867409,-78.2650000000001,24.67400000000003,13.826086956521738,2893.2799999999997,5868.08,2207.4423076923076,872.3954077820624,0.27356303414149685,0.800657282942199,0.19934271705780102,-678.9800000000001,-188.63799999999995,0.3952064363095755,5047.110473186117,-1592.86,9630.969999999992,0,0,0.00946372239747634,22.53861198738171,26.416666666666668,6,317,12.0,24,293,0.266650744709553,0.05523961196925685,0.13093847381902926,0.04504611833938823,0.4978749488372273,0.8491482272415862,22.538611987381703,0.6309148264984227,0.26486866979710244,50.001914612518306,0,0.2770698791082402,76.23361067146396
87469087-f999-4e95-a8fd-de9a2ed81f2a,5235.849,1849.6117460486432,0.35325918414542573,43.845000000000255,38.76571428571429,13.826086956521738,4228.6900000000005,8801.69,3213.4908333333333,1518.2214425765576,0.2069268389075328,0.7364973665206923,0.26350263347930775,-793.1450000000001,-253.41142857142856,0.472452395640325,9108.978116438355,257.7499999999996,16712.12,0,0,0.0,47.24863013698629,24.401114206128135,6,292,11.966666666666667,24,268,0.33071541979151803,0.05418853752275898,0.09558717220454602,0.03491716434144682,0.5154082938602698,0.7477138171066863,47.24863013698629,0.3835616438356164,0.22835058136413955,50.49328190200304,0,0.1785167137704906,85.32235547933486
875d68d5-63ac-4372-bd58-59f7151214a2,6585.637,2299.2733953628335,0.34913454770781227,-87.24499999999989,16.69000000000012,13.826086956521738,5315.01,11108.76,3557.5708333333328,1789.3803198134278,0.2029617587843765,0.6482417722082162,0.35175822779178384,-327.2149999999999,-262.85428571428577,0.5029781285160904,13993.49162576687,1153.7399999999993,25547.260000000006,0,0,0.0,71.0598773006135,27.24233983286908,6,326,11.966666666666667,24,302,0.27024629508125025,0.054668212049950524,0.07694198754046118,0.030987283386557745,0.4328437780582197,0.694134651019211,71.0598773006135,0.21779141104294478,0.34850043978979106,53.53673011011518,0,0.20386624929193214,78.66041593645907
8776118e-443f-490f-b538-d162a9118e1c,2579.1863636363632,926.5514749896275,0.3592417702159738,-736.4650000000001,-50.841714285714325,10.235294117647058,1149.36,4653.74,2101.66,734.9950041512343,0.2286938261501226,0.8889314988341991,0.11106850116580097,-36.585000000000036,-20.16314285714285,0.34972117476244224,771.3483333333338,-2143.6,4284.97,0,12,0.33962264150943394,9.909213836477988,26.573816155988858,6,318,11.966666666666667,35,283,0.30180342285534023,0.0531876684155151,0.16156257875545674,0.06632923349682159,0.5828829035231337,1.0272233886323832,9.909213836477988,0.9685534591194969,0.23072634647532583,46.67106344490398,0,0.5683186004298474,39.293931709298086
877d162a-b6fb-4cc8-9db0-af24d36210e4,5855.702727272727,1896.0690693436827,0.3237987236805599,1080.9650000000001,277.8962857142858,14.458333333333334,4692.32,9567.4,3257.2976923076926,1476.831085794591,0.24953506764810007,0.6573990886584065,0.34260091134159354,-1194.795,-112.4911428571428,0.45339149973372644,10072.033149350653,-1498.73,22972.390000000007,0,0,0.003246753246753247,71.64889610389608,25.666666666666668,7,308,12.0,25,283,0.27921126771059074,0.04865296036979026,0.06718532190764155,0.02859434773219518,0.4236438977202177,0.7141702565458871,71.64889610389608,0.25,0.30433769190931514,54.92224474857241,0,0.23596146239283566,76.08035726239287
877db7ac-6c90-47ac-a57d-98b0c5aae152,2378.0080000000003,867.1266371413117,0.3646441211052745,-16.139999999999873,-2.7168571428571147,13.826086956521738,1935.72,4027.4,1839.046923076923,679.1443823221567,0.23378371991177702,1.0053628919667217,-0.005362891966721677,-297.60000000000014,-132.02000000000007,0.36929149213108453,1057.667375415282,-680.7,2371.25,1,1,0.026578073089700997,-0.42368770764119895,25.153203342618383,7,301,11.966666666666667,24,277,0.34349758285085663,0.056492240564371514,0.20407332523692098,0.07162507443204565,0.6756882230841947,0.9874154397682132,0.42368770764120045,1.0,0.31392682079053486,41.460330845551205,0,0.5558676777234003,46.965429601438274
87885694-92ec-4988-a92b-11118b62a4a3,2030.4399999999998,537.011820608008,0.2644805168377337,-681.4850000000002,-50.16142857142857,11.448275862068966,1223.5,3106.2700000000004,1803.336153846154,697.1253132990565,0.2697167685362642,0.9621629630359265,0.037837036964073464,-160.53500000000008,-90.75914285714282,0.38657535469037657,16.394864048339063,-1569.5499999999997,2590.3700000000013,6,46,0.5075528700906344,2.7852265861027217,27.506925207756233,6,331,12.033333333333333,30,301,0.265779830972597,0.05406094245582239,0.20675485773198587,0.08297257408903161,0.6095682052494368,0.6841629028564601,2.785226586102724,1.0,0.2708433130561007,45.84755887962339,0,0.599325110652127,36.89856546061664
87a9cf3f-9eb7-4b47-9b61-51556f16f387,3024.7641666666664,714.2057954177727,0.23611949760858142,-490.4950000000001,-176.91199999999998,14.565217391304348,1415.82,4101.76,2325.4253846153847,928.753363974306,0.18845220378207064,0.8328619008038368,0.1671380991961632,-1102.5200000000002,-279.24571428571426,0.39939073948309795,1937.0824203821655,-2197.58,6768.99,0,1,0.2197452229299363,19.320509554140127,26.166666666666668,6,314,12.0,24,290,0.35340937048260235,0.058675373314228084,0.12924974591683042,0.048830528661049886,0.5901650183747107,0.5911992298924444,19.320509554140127,0.6305732484076433,0.2389428832375747,51.61412424992713,0,0.3443905811888262,68.1994986744246
87c64949-9589-475b-8b1d-e24305e95038,10180.34181818182,3324.962063163482,0.3266061319498318,1744.8850000000002,522.4657142857145,14.458333333333334,8292.099999999999,16846.62,5295.537692307693,2410.3986672925907,0.32142214366551575,0.6147497637157386,0.38525023628426136,-3001.83,-694.9677142857141,0.4551754339873626,19735.88502840909,-2393.86,45077.01000000001,0,0,0.002840909090909091,122.5618465909091,29.415041782729805,8,352,11.966666666666667,25,327,0.2565221957183792,0.05048553468824408,0.042002786832662155,0.01749235782045539,0.3665028750597408,0.7175390136693968,122.56184659090908,0.21875,0.3009114059602287,56.50831681312825,0,0.30038410328500126,73.2598685294548
88146bca-b434-4856-95a5-a13a22838371,4879.283,1703.60557228257,0.34915080192777703,3.025000000000091,-14.341999999999942,13.826086956521738,3914.05,8200.42,2752.6000000000004,1102.9299578924615,0.261229662584745,0.7333823432664185,0.2666176567335815,-8.995000000000005,-252.07857142857148,0.4006866082585415,8421.470392156863,-1097.87,15797.230000000005,0,0,0.0032679738562091504,42.51316993464052,25.429362880886426,6,306,12.033333333333333,24,282,0.2700077040007721,0.05557148458082878,0.10375499842907246,0.03900286169094926,0.4683370487016226,0.8713812608942717,42.51316993464052,0.434640522875817,0.29728592268009546,52.17645004633912,0,0.26364557741478056,76.42904675953781
88e75f25-0931-41e8-95f2-175ec5c737d0,2259.2608333333337,240.11296604489894,0.10627943551370919,-166.79999999999995,-31.826857142857172,7.0,1995.5700000000002,2683.36,1854.3592307692306,700.3145506063869,0.27275646117858665,0.8891798313091339,0.11082016869086606,-434.9800000000001,-72.99228571428573,0.377658513510287,721.2998300283292,-1201.79,3004.460000000001,0,0,0.17563739376770537,8.511218130311617,29.33518005540166,6,353,12.033333333333333,52,301,0.2565617884610491,0.05050361235404058,0.1900038840136874,0.05009713722740441,0.5471664220561815,0.2814167606758169,8.511218130311617,0.9291784702549575,0.2932864638707876,53.69125341201762,0,0.47363365864666235,58.1125594162123
89100f2e-365a-40e7-8049-a22aa17aff53,8366.085454545455,2856.177330266325,0.34139949272386516,2376.9249999999997,692.8911428571428,14.458333333333334,6560.4400000000005,13400.220000000001,4786.9816666666675,1878.6174886376286,0.3264161933633198,0.6242061292052088,0.3757938707947912,-2319.6949999999997,-257.4351428571429,0.3924430088627792,14622.36744479495,1261.3700000000001,35620.82,0,0,0.0,109.09514195583596,26.49025069637883,6,317,11.966666666666667,25,292,0.2517749693730988,0.04751369544613784,0.054014617893412505,0.01992090576954966,0.3732241884821988,0.8699339394863272,109.09514195583597,0.2555205047318612,0.1739655712071873,56.940909872820114,0,0.2955638954110542,71.96162717899823
8a46a72b-6ef2-4973-9281-3beebeccaaff,1173.48,155.05783120559187,0.13213504380610822,-114.18999999999994,-21.697142857142858,7.0,1023.1,1408.81,1345.6725000000001,369.33896259829106,0.15635243097162696,1.14673662951222,-0.14673662951222002,30.560000000000173,-43.126,0.27446422706735185,-1273.838846153847,-2278.3400000000015,-198.3100000000003,88,179,1.0,-5.676675824175823,30.41782729805014,6,364,11.966666666666667,52,312,0.26330231448341684,0.05003351853745555,0.3459105964027224,0.12338585517719376,0.7826322846007887,0.48142901979602276,5.676675824175823,0.8571428571428571,0.2608732808317031,44.67719896398091,0,0.6337046863318617,36.21105536083005
8a58986e-c659-486f-9b00-13cfa0350bb4,5364.045454545455,1821.0109926925957,0.33948463116573396,1374.69,402.12028571428596,14.458333333333334,4144.08,8676.97,2851.0291666666667,1102.9397435404442,0.23045859170738056,0.5798261149573337,0.4201738850426663,-797.3449999999999,-377.6865714285715,0.3868567029884042,11345.972944983818,1210.6900000000007,25463.799999999992,0,0,0.0,80.23349514563107,25.821727019498606,6,309,11.966666666666667,25,284,0.22847884483386866,0.04828563923090611,0.0786675592539552,0.02781567507562983,0.38324771839435984,0.8775462039128991,80.23349514563107,0.20711974110032363,0.2905459578193255,58.885282406966546,0,0.3272312602017404,69.0930381167618
8aa3340e-70c2-4486-accb-303af962c057,2561.842,898.0339331104242,0.3505422789970748,1.9149999999999636,10.432857142857081,13.826086956521738,2079.0699999999997,4305.97,1847.8192307692307,637.5630496986362,0.23932660745619055,0.937671019524233,0.062328980475766925,-268.16999999999973,48.05685714285713,0.34503540123523035,2142.1187735849044,-666.46,4075.8699999999976,0,0,0.015723270440251572,5.021289308176098,26.426592797783933,6,318,12.033333333333333,24,294,0.31217850281164883,0.05385031551516449,0.18162049025662005,0.073929617829671,0.6215789264131043,1.015960326801626,5.021289308176098,1.0,0.2691630258537611,45.07618282441383,0,0.4457189676116282,56.308466168878645
8adeba6d-c232-4448-b588-601b56b51420,253.99199999999996,89.24369194016522,0.3513641844631533,0.0,0.0,27.636363636363637,211.66,423.32,749.803076923077,211.81314089642845,0.10567902957084117,3.837695675454346,-2.8376956754543454,127.59999999999997,20.421428571428564,0.28249169337319024,-3272.6937857142866,-7207.520000000002,181.64,68,135,0.9785714285714285,-25.741142857142858,23.333333333333332,7,280,12.0,12,268,0.570915619389587,0.08958549875586634,1.7512598822010144,0.6884232574254308,3.1001842577718985,1.2438035974352633,25.741142857142858,0.3142857142857143,0.2951841714337302,-69.69858641953223,1,0.7424502895314394,22.548205188793432
8af3ab43-af15-4b67-936e-db47f1725b82,1311.1633333333332,295.07204742180676,0.22504598772729062,-136.125,-195.46685714285712,13.6,825.94,1726.19,1278.2330769230769,455.1225751447739,0.1620704782984685,1.056125095017402,-0.05612509501740184,-326.39499999999987,-137.38857142857145,0.35605601463571174,-245.83126934984506,-1226.7299999999998,1125.3200000000002,57,94,0.7058823529411765,-2.733962848297213,26.842105263157894,6,323,12.033333333333333,26,297,0.27320013524885023,0.056958960109215986,0.3148355531601708,0.11951346005709942,0.7645081085753365,0.6320522009929809,2.7339628482972125,1.0,0.2017815457997007,43.88249627477098,0,0.5973664140133274,42.57055272586219
8b0a8aaa-534f-43d1-99e8-b45fd8205035,1954.0309999999997,717.2602307461359,0.3670669660543441,-17.909999999999968,2.1994285714285717,13.826086956521738,1594.21,3379.59,1662.5249999999999,429.5251589096541,0.25929986015247897,1.0209817551512745,-0.020981755151274553,291.8750000000001,-84.46285714285716,0.2583571127710285,843.2559235668789,-409.98999999999984,1794.8500000000001,5,5,0.050955414012738856,-1.305700636942673,26.239554317548745,6,314,11.966666666666667,24,290,0.26590570978658984,0.055190526660017176,0.23799059482679652,0.09471395284926391,0.6538007841226675,1.420773603317284,1.3057006369426722,1.0,0.2198588492403623,42.98157855689813,0,0.5178333207108436,48.59840702967249
8b580538-0c0f-4726-8f9e-c398fb9ce50c,2228.7349999999997,528.6961032148293,0.2372180197353339,-299.1,-160.4294285714286,10.838709677419354,1497.01,3086.49,1901.9507692307693,769.7700173153618,0.26599936259775386,0.9244915464003871,0.0755084535996129,-560.78,-164.74428571428578,0.4047265732470509,1.382078313252942,-1848.51,2656.6300000000006,16,38,0.5271084337349398,6.082710843373493,27.666666666666668,6,332,12.0,32,300,0.2796519101642861,0.0598691634492212,0.16864461978057807,0.06927808824288217,0.5774437816369675,0.5861192108839679,6.082710843373492,0.963855421686747,0.3068189907042809,47.809266086983484,0,0.49475881338230143,48.878302231814715
8b8805a7-9c60-4e8a-a63d-5d0b6199a706,603.5058333333334,79.12289502681408,0.13110543536886124,-74.5,-2.1088571428571607,7.0,523.49,732.26,1105.2266666666667,236.25233198784935,0.1588558003184867,1.831343800874612,-0.8313438008746118,4.750000000000114,16.611142857142898,0.21375916733929332,-3019.430916666666,-6139.699999999997,-61.089999999999975,97,180,1.0,-16.724027777777778,30.08356545961003,6,360,11.966666666666667,52,308,0.31618584189327087,0.04948585142093352,0.6737383096269437,0.25430574407593415,1.2937157470170821,0.6133324572731033,16.724027777777778,0.49166666666666664,0.25868977102736096,18.537901557163824,0,0.5446485894286676,45.93084463571029
8bde0a60-2982-4b30-86c9-5d135cf7a1f9,407.08083333333326,47.26791713362792,0.11611432733538489,-49.140000000000015,-6.992857142857143,7.0,367.12,474.2,990.2708333333335,175.22845744696383,0.15245155996886375,2.432614734583836,-1.432614734583836,-43.10000000000002,14.043428571428558,0.176950033817648,-3515.167485714285,-7098.369999999998,-33.37,91,171,1.0,-19.995085714285715,29.24791086350975,6,350,11.966666666666667,52,298,0.2984910859227386,0.05083347492410394,1.0546983911876635,0.3710360554926643,1.7750590075271704,0.6561983901910071,19.995085714285715,0.4114285714285714,0.2337205730755475,-4.327019879767949,0,0.6277430548508751,36.75439910432756
8c023629-d202-4d1b-ad96-a0b8748a52c4,1047.9641666666666,264.13864972975955,0.2520493144053999,-61.00999999999999,-51.507428571428576,10.548387096774194,678.52,1479.38,1214.1541666666667,309.0238702006495,0.2055909978482963,1.158583666585292,-0.15858366658529202,4.794999999999959,31.38485714285712,0.25451781881129826,-1090.2990353697742,-2303.6299999999987,313.8200000000002,84,156,0.9035369774919614,-6.412475884244372,25.988857938718663,6,311,11.966666666666667,32,279,0.27035275538206227,0.05693976495697609,0.3662378723191076,0.1202617455908559,0.813792138249002,0.9903012511366502,6.4124758842443725,0.8810289389067524,0.2677151789483076,41.004817528200356,0,0.6220968411284864,34.7105923875936
8c2ab042-e0fe-47ba-8046-736b7355ae7e,3960.5369999999994,1373.3098111177326,0.34674838566531074,-45.79500000000007,-13.475714285714302,13.826086956521738,3231.61,6652.63,2659.3725,1372.5587142872644,0.19327773751138663,0.8057611884449003,0.1942388115550997,-612.8350000000002,-349.44371428571424,0.5161212708213175,5115.086246246253,-103.60999999999922,9511.98000000001,0,0,0.006006006006006006,23.10180180180181,27.827298050139277,6,333,11.966666666666667,24,309,0.35066759886348753,0.05377806090436727,0.12277552261221143,0.0476629810553468,0.574884163435413,0.6718351001374556,23.101801801801802,0.5585585585585585,0.24772980593479604,47.04467547581832,0,0.3034763392476044,71.84330642609532
8ce31316-cd4b-4a64-b3e1-46d776c33072,1327.4749999999997,139.17873782886653,0.10484471483746705,-65.13,-3.032571428571438,7.0,1187.6999999999998,1531.56,1563.8974999999998,381.133941288719,0.19387459855904884,1.1780993992353903,-0.17809939923539037,142.48000000000025,-0.10142857142853115,0.24370775021298968,-1619.8579130434769,-3351.409999999996,-85.94,78,166,1.0,-8.223391304347825,28.910614525139664,6,345,11.933333333333334,52,293,0.2904687470573834,0.04961989240224235,0.31590864862489565,0.1269006949283414,0.7828979830128628,0.43020673222676525,8.223391304347826,0.8753623188405797,0.25394407242162614,44.85652758120058,0,0.5111985570411007,47.33550113826112
8d1af174-eb90-401f-b453-caa4dae7786c,4944.898999999999,1754.3741561559145,0.3547846287974567,-3.0049999999998818,-5.435142857142793,13.826086956521738,3964.37,8332.4,2850.6200000000003,922.9190392248048,0.28405691861185756,0.6917722687561466,0.30822773124385344,-527.4850000000001,-215.20428571428582,0.3237608096571289,10395.000242214535,1209.0700000000006,17998.140000000003,0,0,0.0,52.73892733564013,24.285714285714285,8,289,11.9,24,265,0.26263428231800084,0.0540898813100126,0.10326944999281078,0.035834098937106706,0.45582771255793086,1.0958232689533451,52.738927335640135,0.4083044982698962,0.29760777187652754,55.21035419268786,0,0.3056452428574738,69.70003639496734
8d360061-44a4-4835-ac96-da2012b935cf,1964.518,680.1128911160428,0.3461983504941379,-14.379999999999995,3.4874285714285893,13.826086956521738,1608.6,3265.74,1646.5892307692304,513.0495503922523,0.23416843956224664,1.0896138391198247,-0.08961383911982461,-141.08000000000027,-68.51971428571433,0.3115832053344434,-72.64050314465467,-1760.4800000000007,1528.23,60,118,0.60062893081761,-5.536100628930822,26.5,7,318,12.0,24,294,0.3024680863193923,0.05589971687711694,0.25150647639777285,0.10389724095172455,0.7137715205460067,1.111094386883079,5.536100628930819,0.9622641509433962,0.325173809170098,39.797831813694,1,0.6584633603470081,31.210526116248197
8d555798-62aa-434c-b1ba-012d92b277f0,2524.0069999999996,850.8129095694305,0.3370881735151411,73.52999999999997,-0.8571428571428571,13.826086956521738,2037.69,4193.12,1823.6516666666669,599.0320210417246,0.24630708898172254,0.8670269139507141,0.13297308604928593,219.24499999999995,-189.9745714285714,0.3284794086453231,2815.137967213115,-207.2999999999994,5370.34,0,0,0.006557377049180328,11.00409836065574,25.487465181058496,6,305,11.966666666666667,24,281,0.27648417773801737,0.05394160951217647,0.17930338545019883,0.07727236889596582,0.5870015415963584,1.026207928543592,11.004098360655743,0.8622950819672132,0.2228637413394919,48.63669006361074,0,0.45014856955163873,51.73970466326618
8d82da01-37e8-4344-8340-510ab336f5c3,1042.347,373.9446773120323,0.3587525817333693,0.24500000000000455,-2.2165714285714295,13.826086956521738,837.49,1756.97,1045.1,365.7404372411305,0.20156039539830561,1.3034335015114928,-0.30343350151149284,-92.11000000000001,-62.533714285714346,0.349957360291963,-1002.2900326797392,-3162.8300000000004,648.13,65,150,0.9281045751633987,-10.336045751633987,25.571030640668525,8,306,11.966666666666667,24,282,0.2652820989555301,0.05556019252705673,0.45055245518047254,0.13365510717640097,0.9050498538394602,1.0251322659253934,10.336045751633987,0.6437908496732027,0.2721719673494623,30.100935281699947,1,0.6857202758930919,26.345000486557993
8d913edf-fcd5-4de4-a2aa-cb51cb52b9e0,2398.8241666666668,329.81849108695957,0.1374917326872129,-335.27499999999986,-59.405714285714254,7.0,2098.9700000000003,2946.5,1850.3776923076923,510.43820510997944,0.2933621451919795,0.8356493407012948,0.16435065929870513,-188.3950000000001,-37.55028571428574,0.27585622504635154,2304.204863221883,-1040.3000000000002,4796.209999999996,0,0,0.0972644376899696,14.379878419452883,27.416666666666668,6,329,12.0,52,277,0.23978831295471498,0.05071998816086632,0.15878508533173719,0.06781794830731305,0.5171113347546316,0.4984180895831169,14.379878419452886,0.8358662613981763,0.26648073096095565,56.93214989040478,0,0.3433883008038954,66.56322054625387
8dc297c0-e68d-47f6-86be-e4174f70e694,1612.3,550.90928504197,0.34169154936548407,36.92999999999995,-63.32114285714287,12.692307692307692,795.36,2828.8599999999997,1679.0108333333335,397.41348731421095,0.23227416142341745,1.041376191362236,-0.04137619136223589,-72.58500000000004,-77.13457142857146,0.23669501079110225,-280.73514018691594,-1889.1599999999999,1534.4399999999998,74,128,0.719626168224299,-2.4938629283489133,26.82451253481894,6,321,11.966666666666667,27,294,0.28602617378899703,0.05548801918584216,0.24986303210734145,0.06573373441667184,0.6571109594988526,1.4435942195125002,2.4938629283489115,1.0,0.2765939072261297,43.360305648723994,1,0.7228265544615594,27.880111420976696
8e2d62e5-5668-4bfa-8db8-2567a5037959,2332.4266666666667,545.8394881670107,0.23402214353306314,-310.9000000000001,94.2002857142857,13.26923076923077,1232.32,3419.13,2060.9358333333334,622.164139369527,0.28689838718090444,0.8836015566048522,0.1163984433951478,-43.22499999999991,-81.38971428571425,0.3018842844627753,755.0852249134942,-2117.6400000000003,3845.0199999999995,0,7,0.36678200692041524,11.272975778546714,24.15041782729805,6,289,11.966666666666667,27,262,0.2425070884686621,0.05250861763428074,0.1818413726476574,0.0671971823337068,0.5440542610843071,0.7752047906353333,11.27297577854671,0.9446366782006921,0.21567224921688083,51.5975877405585,0,0.47009603085754714,51.35432586357038
8e3072fa-e829-45a5-971d-d272d55dadbf,96.94800000000001,34.06405495533379,0.35136418446315326,0.0,0.0,27.636363636363637,80.79,161.58,724.6625,163.02815513250795,0.078786101576021,8.969705409085284,-7.969705409085285,170.08499999999998,33.67599999999998,0.22497114882101385,-3537.7924041811843,-7726.4699999999975,161.58,68,137,0.975609756097561,-26.92149825783972,24.253521126760564,10,287,11.833333333333334,12,275,0.5535338531996535,0.0911932169822998,4.9950488921896286,1.7286999216074599,7.368475883979041,1.5618188656835157,26.92149825783972,0.2682926829268293,0.23982543597881772,-273.8285648737263,1,0.7741877417638622,20.782749674814696
8efe3476-81ff-4bd9-bbad-623fc1a9c668,2813.535833333333,508.638052869145,0.1807825039379494,65.68999999999983,-213.02742857142866,11.580645161290322,1833.22,3597.16,2003.3761538461538,624.1615061496298,0.2365748741835417,0.7713867159443203,0.22861328405567966,-323.8399999999998,-237.79828571428567,0.3115548245651931,3667.6038607594946,-1599.08,7718.540000000003,0,0,0.06329113924050633,24.42575949367089,26.26038781163435,6,316,12.033333333333333,32,284,0.2841762278366812,0.04987289125812331,0.1382444924728463,0.053638911654167065,0.5259325232218178,0.580259041695952,24.42575949367089,0.5886075949367089,0.2275424293375529,57.489959752784834,0,0.17463866396445193,82.29193082917485
8f854503-bc8d-4e9f-b25d-019dc5f3b168,3051.957,1075.8255928464118,0.3525035224436032,25.970000000000027,17.198285714285742,13.826086956521738,2467.6800000000003,5126.1,1853.7338461538466,686.6446933402367,0.24686059819391548,0.7896094211025909,0.21039057889740906,-214.62500000000023,-30.387999999999938,0.37041169354753756,4505.6130169491535,-674.88,8546.520000000002,0,0,0.003389830508474576,21.766203389830505,24.583333333333332,6,295,12.0,24,271,0.26535629433835406,0.05505352794944359,0.1579147412627373,0.0566711785257787,0.5349957420763136,0.9516533321817605,21.76620338983051,0.6237288135593221,0.2780712026537707,50.432283611637516,0,0.23858757824985963,79.98030934741053
8fba227e-deaf-4add-991c-23cee38c1cfa,6016.43,2086.230775223319,0.3467555967946638,-142.13500000000022,-63.11228571428562,13.826086956521738,4821.25,10020.7,3011.0853846153846,1254.717723777048,0.22653497550461615,0.6506202183022157,0.3493797816977843,-746.1049999999999,-246.36914285714275,0.4166994832454135,13036.419937888195,-1425.35,23683.859999999993,0,0,0.003105590062111801,65.28009316770186,26.759002770083104,6,322,12.033333333333333,24,298,0.28429151506790573,0.056299998504096276,0.08247781491681944,0.026880558736659448,0.4499498872254809,0.8321478925147682,65.28009316770186,0.2236024844720497,0.3486933283193819,55.238533699163185,0,0.2704897417788576,76.50898313073351
8fe3bd6d-7d38-43a7-9705-254aa3b422b9,2359.7000000000003,812.4926864217849,0.3443203315768042,41.789999999999964,5.77057142857141,13.826086956521738,1931.23,3978.92,1670.4775,583.7239073884316,0.1921800802465163,0.8495033266940715,0.15049667330592859,-82.49500000000012,1.606285714285741,0.34943536048131846,2937.565194805195,300.66000000000014,5584.390000000002,0,0,0.0,11.530097402597404,25.88235294117647,8,308,11.9,24,284,0.2704208162054499,0.0541734118743908,0.2091359071068356,0.07762300292410051,0.6113531381107769,0.9853620168907098,11.530097402597404,0.7435064935064936,0.3514793424834116,48.70154977530665,0,0.21420904314369216,80.69678664611124
9041be27-4b2b-4761-8a46-c80b0c1dbfdb,1661.6559999999997,602.0208163473715,0.3623017136804318,-2.8050000000000637,2.0005714285714347,13.826086956521738,1333.54,2849.5499999999997,1682.5641666666668,431.8524948186134,0.2326523456014803,1.215099274458733,-0.21509927445873292,-484.70500000000015,-122.79399999999994,0.25666331387180186,-956.5203405572754,-3574.21,1449.6,64,146,0.848297213622291,-11.065665634674923,27.295774647887324,10,323,11.833333333333334,24,299,0.29082553789713395,0.056037471052973666,0.27743829047648855,0.11690024890831799,0.741201548334914,1.4115835575215638,11.065665634674923,0.9256965944272446,0.35274781496693786,35.39371133380169,1,0.6800946217033572,28.927297221653568
90494528-f9b9-4fc5-812f-b2061f7d40a6,3142.321,1113.563822054119,0.35437621492333826,18.585000000000036,-22.771428571428583,13.826086956521738,2546.05,5273.28,2054.876923076923,805.8169402784627,0.21157434096745453,0.8501168403864533,0.14988315961354673,-93.72500000000002,-78.64228571428572,0.3921485181077667,3648.3434420289855,-887.49,6748.91,0,0,0.0036231884057971015,17.064528985507245,23.19327731092437,9,276,11.9,24,252,0.33891763444918577,0.055227966843616555,0.15549143451607905,0.05098428836519248,0.6006213241740739,0.9036785772729908,17.064528985507252,0.822463768115942,0.31269737285407323,47.52106957468639,0,0.23749575732487996,77.20714332690011
908e6090-7c9c-4d6c-901e-d7ede5c58d44,6042.974999999999,1181.2335031998618,0.1954721810366354,744.6150000000002,505.45,11.964285714285714,4185.33,7917.68,4902.223333333334,1750.1176893067056,0.352613304031436,0.8112268101942065,0.18877318980579347,-1804.4900000000002,-211.51428571428568,0.35700488743679676,3908.4171826625416,-5416.009999999999,15368.550000000007,0,0,0.26625386996904027,42.38086687306501,26.991643454038996,6,323,11.966666666666667,29,294,0.3073271029583938,0.05906403716712382,0.06416541521353308,0.02476787785265812,0.4553244331917088,0.5475336274527651,42.38086687306502,0.6068111455108359,0.29498826042877135,54.54666441239674,0,0.33449282011352993,68.7831603949432
90a86e0c-d851-45f3-9987-3528d58a222f,2050.363,733.7733060322893,0.35787482803400633,22.70500000000004,1.3362857142857203,13.826086956521738,1669.52,3498.87,1449.9438461538462,426.9518223901939,0.18485649576880164,0.9193137995564687,0.08068620044353124,125.53499999999997,-58.071714285714314,0.2944609362098649,2013.7124149659871,-892.86,3816.7900000000013,0,0,0.01020408163265306,5.627074829931973,24.5,6,294,12.0,24,270,0.2612786126164001,0.056223215108739275,0.2522923989556971,0.08165822344628731,0.6514524501271237,1.2153558724643387,5.627074829931972,0.9523809523809523,0.2665185442194844,46.60198445252376,0,0.4237840512122835,59.38706879583967
90bfc7c6-6c70-48f3-81fb-c0b95a3163f4,1625.348,555.4486994573746,0.3417413990464655,-45.674999999999955,-4.465428571428603,13.826086956521738,1304.54,2685.79,1252.6838461538462,270.9467896881373,0.19340136777098277,1.0019325092226403,-0.0019325092226403116,145.0100000000001,53.94600000000001,0.21629303396865346,1034.795275862069,-703.28,2235.9399999999996,1,1,0.04827586206896552,-0.10831034482758492,24.099722991689752,6,290,12.033333333333333,24,266,0.25961701740181176,0.05479011264049298,0.3163667103906363,0.12068923086009889,0.7514630712930399,1.579992627483291,0.10831034482758492,1.0,0.22380501188525065,45.34459698032735,0,0.46143777955735293,53.83024509280831
915fc312-f20c-4280-87a2-d78e9501d3aa,4848.819,1739.862545780557,0.35882192050900574,-68.45999999999981,-0.17342857142864107,13.826086956521738,3934.4799999999996,8217.85,2625.8383333333336,1020.9514739232519,0.23516172295451038,0.6498502006364848,0.3501497993635152,-441.67999999999984,-309.78599999999994,0.3888097225799958,10418.022810218983,984.5200000000002,19159.78000000001,0,0,0.0,61.96397810218977,22.89693593314763,6,274,11.966666666666667,24,250,0.25355370039591085,0.055151780258244326,0.09956775041510106,0.03753800667750229,0.4458112377467586,0.9228728081386386,61.96397810218977,0.28832116788321166,0.19610848091054095,55.465139907670526,0,0.24236441914711673,77.77683400918069
917968e4-a010-42da-8287-4e10edc2f00f,3431.65,1258.0562424011273,0.36660389095657403,-5.369999999999891,19.520857142857132,13.826086956521738,2782.19,5831.45,2351.326153846154,886.9554289960917,0.32475486828382283,0.8907446855011437,0.1092553144988563,-760.9199999999998,-169.21714285714276,0.37721497187672787,3616.4547122302165,-830.73,6498.950000000003,0,0,0.007194244604316547,13.486546762589926,23.166666666666668,7,278,12.0,24,254,0.2904946600032054,0.05708216164235864,0.14052860868678335,0.0558422333279909,0.5439476636603383,0.9718699370087,13.48654676258993,0.9496402877697842,0.20884777297525062,45.827796413722474,0,0.31070758511939855,69.06653726242028
9207d464-afcc-4012-94ca-5a288170428b,867.2280000000001,304.71285896361155,0.3513641844631533,0.0,0.0,27.636363636363637,722.69,1445.38,1184.7353846153846,311.72466506559346,0.14566965943709598,1.7759528059518368,-0.7759528059518368,-87.59000000000003,-67.45599999999997,0.2631175443171156,-2907.4790445859885,-6729.280000000005,643.9600000000002,66,144,0.9522292993630573,-21.4308280254777,26.312849162011172,9,314,11.933333333333334,12,302,0.5544701047475402,0.09006973944568208,0.4924264437956338,0.18219084254659668,1.3191571305354528,1.335388658232842,21.430828025477705,0.32802547770700635,0.25281724708406156,13.158611341689616,1,0.8041721320880072,15.715005256056772
922a1ec8-8f2c-48e8-9063-50acb72ef4c0,1357.121,469.95129327882944,0.3462854773294565,7.954999999999927,0.6177142857142631,13.826086956521738,1124.44,2252.85,1201.9884615384615,318.00300003422797,0.19801162816742773,1.1513969646037456,-0.1513969646037457,-91.32500000000005,-56.75628571428569,0.2645641037412342,-510.9166666666667,-2054.6400000000003,880.3699999999999,74,139,0.8819444444444444,-7.1341666666666645,24.06685236768802,7,288,11.966666666666667,24,264,0.3104778424326203,0.0547497238639738,0.35479002977626906,0.12261544843827485,0.842633044511138,1.3088906334328434,7.134166666666666,0.8611111111111112,0.33225648524720264,38.26427502114179,1,0.7046885945833723,27.94608313337658
9255f159-1177-4f0d-a2ac-26e4a606eb32,267.3,93.91964650700086,0.3513641844631532,0.0,0.0,27.636363636363637,222.75,445.5,896.2576923076923,272.0964969501888,0.09571165573088097,4.3589038533482976,-3.358903853348298,-182.49500000000006,-50.385142857142846,0.3035918121378599,-4118.56420338983,-8978.349999999999,345.46,69,135,0.9728813559322034,-30.43508474576271,24.583333333333332,6,295,12.0,12,283,0.4491133557800224,0.08765432098765433,1.927384960718294,0.695016835016835,3.1591694725028057,1.1573572488298862,30.435084745762712,0.29152542372881357,0.25902749466799985,-90.96891591058375,1,0.7724349166961999,21.66895117393548
926be754-6f79-4de9-a090-ca961524838b,4763.506,1701.8579468281785,0.3572700332125494,-36.659999999999854,10.019428571428593,13.826086956521738,3829.76,8139.710000000001,2728.006153846153,1120.9059176958792,0.26981497898718926,0.7444953359983173,0.2555046640016827,12.524999999999864,-258.48600000000016,0.4108883391320579,7859.6984905660365,-1122.16,15199.049999999994,0,0,0.0031446540880503146,38.273522012578624,26.5,6,318,12.0,24,294,0.2826892629084544,0.05518708279154052,0.10048649041273383,0.04060496617407431,0.47896780228680313,0.8695063821164422,38.27352201257862,0.4937106918238994,0.301027969709069,51.28431878104966,0,0.2920435236624512,67.99443277035704
92bfa5c2-bead-4d6e-bb15-ce9396b51e1a,324.4320000000001,113.99378509374975,0.3513641844631532,0.0,0.0,27.636363636363637,270.36,540.72,953.2166666666667,218.6087112268,0.13188764359274735,3.5257311239335207,-2.525731123933521,268.7250000000001,92.68742857142858,0.22933790277845192,-3552.875635738831,-8194.279999999992,540.72,64,134,0.9656357388316151,-28.159037800687287,24.385474860335194,7,291,11.933333333333334,12,279,0.47588400650983875,0.09073704196873303,1.4718708388814912,0.6590564432608373,2.6975483306209003,1.5320807428965755,28.159037800687287,0.32646048109965636,0.2633757627681709,-56.15692854680449,1,0.9032066812742694,8.407799736086588
93534caf-f5e1-4f7e-bc91-a8f181d69161,2670.228,946.450099204625,0.3544454253361979,-19.34999999999991,-15.6968571428571,13.826086956521738,2153.2799999999997,4495.37,2002.76,680.4271201360706,0.25282494772598435,0.9750433296332747,0.024956670366725293,-402.5400000000001,-171.19828571428576,0.3397447123649716,1514.3341612903246,-694.05,3087.560000000002,0,0,0.03870967741935484,2.149677419354839,25.833333333333332,6,310,12.0,24,286,0.31190594960430346,0.05373323925896965,0.18290984889679834,0.06317101011599009,0.6117200478760616,1.0432698801076086,2.149677419354842,1.0,0.2661557819439942,43.57000980728364,0,0.5025663277197949,48.94603289890374
9359a7ae-e688-4f33-820e-3166910fdcc8,133.63199999999998,46.95349869818009,0.35136418446315326,0.0,0.0,27.636363636363637,111.36,222.72,697.3161538461537,264.6107582701575,0.10816636532816479,6.7836371527777795,-5.7836371527777795,50.76999999999998,62.01657142857141,0.37947028304257174,-3225.9547854785487,-7728.790000000004,173.95,74,148,0.9801980198019802,-25.50755775577558,25.18005540166205,6,303,12.033333333333333,12,291,0.43794899425287365,0.0933459051724138,3.751653795498085,1.3588811063218393,5.641829801245211,0.925933334346855,25.50755775577558,0.26732673267326734,0.3422462606631359,-189.47581730585722,1,0.7103805595764434,28.466374902139073
948d5293-e4dd-4d64-b035-b523058844a1,109.428,38.44907997743393,0.35136418446315326,0.0,0.0,27.636363636363637,91.19,182.38,689.4407692307693,246.6334140467568,0.10762680567193256,8.190527104580179,-7.190527104580179,182.7000000000001,52.762857142857165,0.35772966301649584,-3844.487253521127,-7868.449999999998,142.4,72,144,0.9859154929577465,-27.70580985915493,23.73259052924791,7,284,11.966666666666667,12,272,0.43842526592828157,0.09194173337719777,4.3162079175348165,1.6982033848740723,6.544778301714368,0.9822058967666625,27.70580985915493,0.27816901408450706,0.16026590112610778,-245.31660297743167,1,0.797029052596795,20.0865403467442
95137caa-935a-4d44-a2c3-c3a1c1d566ed,252.39600000000002,88.68291470176203,0.35136418446315326,0.0,0.0,27.636363636363637,210.33,420.66,984.4408333333334,242.216998219603,0.13205635347985195,4.680458485871409,-3.680458485871409,308.7250000000001,54.44171428571432,0.24604525738682753,-4049.9683495145614,-9289.329999999994,420.66,74,145,0.970873786407767,-30.06255663430421,25.821727019498606,6,309,11.966666666666667,12,297,0.4782009223601008,0.0902153758379689,1.8657229116150809,0.7587917399641833,3.1929309497773337,1.4280469706869634,30.06255663430421,0.2815533980582524,0.2895095269818991,-102.68017011648753,1,0.8025912038861489,18.598003665370832
954b05c8-d8eb-4638-9607-447a7240a699,1568.7958333333336,178.23850050670532,0.11361484822916003,-159.635,-26.517428571428535,7.0,1352.98,1849.1100000000001,1372.2646153846154,329.81073892500285,0.23334813200414364,0.9476185290735195,0.05238147092648046,-51.89999999999998,-21.512571428571405,0.24034048187751617,176.43720116618067,-1096.79,1151.71,0,4,0.35276967930029157,2.8749562682215766,28.50415512465374,6,343,12.033333333333333,52,291,0.23892847752124108,0.05016852097282683,0.25964659731056994,0.08388812013460431,0.6326317159392422,0.4727245586827988,2.874956268221575,1.0,0.22280015516182128,53.88000375263409,0,0.5017516651171074,47.800909796414196
956451a9-7e0a-4b86-9fbb-fc795afad479,3153.782,1115.4388381838282,0.3536829236084892,13.480000000000246,2.63914285714288,13.826086956521738,2551.06,5294.719999999999,2214.3176923076926,837.9267791216788,0.28331352634063695,0.9127495178804369,0.08725048211956307,-81.24999999999989,-164.38000000000002,0.37841308048639477,2844.653192771082,-776.67,5331.869999999994,0,0,0.006024096385542169,8.288222891566264,27.821229050279328,9,332,11.933333333333334,24,308,0.2955194747132173,0.05471652764839168,0.14155226962421627,0.0590700308391639,0.5508583028249892,0.9346477218860443,8.28822289156626,0.963855421686747,0.3256544037006711,45.31126996679995,0,0.43079270273409415,56.31365308558264
95bf6db8-d53d-4163-a8e8-dd778ab0c47c,826.0625,88.96721287029897,0.10770034091887595,-68.46000000000004,-3.9817142857142764,7.0,742.87,976.41,1221.6125000000002,289.8047243521371,0.2005157118153261,1.4788378603313914,-0.47883786033139153,145.135,68.46199999999999,0.23723130235826587,-2408.6993604651166,-4890.790000000001,-204.33000000000007,87,162,1.0,-13.798255813953489,28.74651810584958,6,344,11.966666666666667,52,292,0.3088386169327382,0.049202289980076176,0.48802400948273694,0.1786275251569948,1.0246924415525462,0.45398874367863684,13.798255813953489,0.5726744186046512,0.23648865740977607,32.87084931201274,0,0.5750204984491561,42.129477127110654
95c22c7e-a6d3-4b04-9439-03638078a179,2825.0975,338.02798219633723,0.11965179332619043,-324.34000000000015,-23.701714285714388,7.0,2521.7200000000003,3394.55,2285.1438461538464,976.2490837771072,0.2696911522486213,0.8762786063135874,0.12372139368641258,-645.3700000000003,38.27199999999997,0.42721559319788294,1031.096906077348,-2009.3600000000001,4225.379999999999,0,0,0.17403314917127072,11.58646408839779,30.166666666666668,6,362,12.0,52,310,0.31656606541898114,0.051383477325413845,0.13972084149308123,0.053737673360535934,0.5614080575980123,0.2800735629300138,11.586464088397788,0.8784530386740331,0.2847954025449332,52.814990083713134,0,0.4274476449833565,59.241304658928954
95ccc92b-f5f2-4088-befe-239ef385400f,2458.4318181818185,491.4721874901607,0.19991288098997947,-158.53500000000008,-99.69142857142857,11.0,1854.05,3598.25,1949.6507692307694,547.8728809900698,0.2871117746531332,0.9372367825017796,0.06276321749822045,-583.3749999999999,-99.89971428571432,0.281010778769488,747.2552923076912,-1394.0600000000004,3189.1799999999985,2,12,0.20307692307692307,5.222430769230769,27.23463687150838,8,325,11.933333333333334,32,293,0.28808164850098456,0.05814904179493579,0.17198620702406373,0.06488060570762959,0.5830975030276137,0.7114064516150365,5.22243076923077,0.963076923076923,0.16875290485948966,50.892926694839666,0,0.5147708775682528,47.47167784948849
96ba4575-0cf8-44be-992c-8f5c764b2e89,98.86800000000001,34.73867418950303,0.35136418446315315,0.0,0.0,27.636363636363637,82.39,164.78,737.2315384615387,271.66461488528324,0.10888761593529221,9.693743172715136,-8.693743172715136,317.1700000000001,95.84457142857143,0.3684929370387428,-3783.30117647059,-8595.330000000002,129.0,64,139,0.972318339100346,-29.74162629757786,24.01662049861496,6,289,12.033333333333333,12,277,0.43427600436946223,0.09027187765505525,5.257504956103087,1.8112533883561919,7.593306226483796,0.9535167411531995,29.74162629757786,0.25951557093425603,0.3161213312590451,-305.66051118327493,1,0.7604116381196081,21.880687073654354
96d2686a-cf96-401c-a639-1d63784363fc,140.30400000000003,49.29780053691826,0.3513641844631532,0.0,0.0,27.636363636363637,116.92,233.84,785.7175000000001,325.3260026810869,0.15875298691959894,6.720129148135476,-5.720129148135477,518.12,165.55,0.41404958230036476,-3349.8588345864623,-8025.5699999999915,233.84,65,132,0.9661654135338346,-30.171315789473685,22.29050279329609,7,266,11.933333333333334,12,254,0.5494355114608278,0.09138014596875356,3.219359391036605,1.327239422967271,5.187414471433458,0.8486041273391804,30.171315789473685,0.32706766917293234,0.33290909264462093,-187.627083105321,1,0.7006463570611596,27.171692879289616
96d8718f-809f-4e6b-ac9e-7de02f157e8d,3674.0350000000008,1301.7094407846087,0.35429968434830056,83.93000000000006,-3.0697142857141704,13.826086956521738,2943.69,6191.6900000000005,2238.687692307692,950.183369611307,0.21919400582896437,0.7921247347943063,0.20787526520569363,-717.2150000000001,-296.6485714285714,0.42443766179454695,5090.1821016949125,-1964.78,9342.419999999993,0,0,0.010169491525423728,25.889525423728806,24.583333333333332,7,295,12.0,24,271,0.3208646624215609,0.052700368940415646,0.13527960403207917,0.049697403535894455,0.5585420389299502,0.8347508155857353,25.889525423728813,0.6067796610169491,0.22662521381001374,49.19726684188779,0,0.2798193551729422,74.92304445980713
974de442-286b-431c-bb16-57436209d215,594.2583333333333,64.43874890627582,0.10843558313237928,-69.03000000000003,-4.863142857142871,7.0,530.58,695.21,909.6569230769231,340.8953564850612,0.10009690889380102,1.658305170310331,-0.6583051703103311,-72.62499999999994,-62.24085714285709,0.37475156604314014,-2604.4644082840227,-4836.969999999996,-164.11,92,168,1.0,-13.888875739644972,28.088642659279778,6,338,12.033333333333333,52,286,0.2761593583037681,0.04944538710717842,0.7050062402714868,0.2543352357981237,1.2849462214805571,0.2893532488130991,13.888875739644972,0.47928994082840237,0.30938714003757967,22.919694372752573,0,0.5664491747430823,42.69834570118987
977894d6-fd41-46fa-afb9-c66d258274d1,2298.156363636364,609.1691250100044,0.26506861528173764,-627.7649999999999,-348.1405714285714,13.185185185185185,889.86,3506.19,1817.0508333333337,545.8816671547105,0.25059517230530615,0.8625336831262372,0.13746631687376273,-201.07999999999993,-51.046857142857135,0.30042179180716944,2001.7118095238113,-1877.37,4635.540000000004,0,0,0.11746031746031746,11.03209523809524,26.323119777158773,6,315,11.966666666666667,28,287,0.2616152394092973,0.051776285496833045,0.18092130767271156,0.07142919304485969,0.5657420256237016,0.8823215309622952,11.032095238095238,0.8888888888888888,0.25975516186714637,51.53815838035499,0,0.4788784780435935,53.56738655582875
97a76779-1b15-4d33-81fb-a23a245b6aff,8234.859,2942.516891776116,0.35732450206811267,235.0599999999995,3.4957142857141923,13.826086956521738,6621.610000000001,13877.369999999999,4724.825384615384,1942.0650020172488,0.3154571605658036,0.745886845178527,0.25411315482147295,-1395.82,-435.88114285714295,0.4110342380780574,13946.620171232886,-2221.97,25150.24000000002,0,0,0.003424657534246575,71.66390410958904,24.606741573033705,10,292,11.866666666666667,24,268,0.32378987909811213,0.05351190591120017,0.057087316249130673,0.020622575322783304,0.45501167658122627,0.8693302624591945,71.66390410958904,0.4417808219178082,0.33122461342893744,51.22410636925439,0,0.25162958278545655,75.39851820778522
989d8324-7d91-4487-85ca-43379fd16eac,6464.663,2269.8852644134045,0.3511219787347623,-166.52499999999964,-14.96142857142838,13.826086956521738,5209.610000000001,10791.92,3424.1975,1515.855842966876,0.24470015723878852,0.635615035153418,0.36438496484658206,14.315000000000055,-244.26485714285715,0.44268937260975044,13820.894749999992,950.73,26055.98999999999,0,0,0.0,73.6133125,26.81564245810056,7,320,11.933333333333334,24,296,0.25619896969107286,0.05461939779382159,0.07338201542756366,0.029793509731288387,0.41399389264374653,0.793156557305231,73.61331249999999,0.20625,0.33512767103338326,55.1879517796254,0,0.1908884819573549,81.91763130077179
98ed7a52-c694-47fb-a210-8fa5927b9e93,2069.3191666666667,243.19293662957227,0.11752316440451095,-244.43000000000006,-42.534857142857156,7.0,1828.61,2529.32,1705.896153846154,578.3998367844754,0.25414253279913784,0.8930735270014334,0.10692647299856663,-526.185,-117.36314285714278,0.33905923023532314,418.1091470588242,-1303.7299999999996,2709.720000000001,0,16,0.3941176470588235,7.809352941176475,28.333333333333332,6,340,12.0,52,288,0.2525275020004566,0.04990167861168508,0.19470494119845377,0.08022244031148731,0.5773565621220828,0.3466154403846913,7.809352941176472,0.9588235294117647,0.23647259617660918,53.97017938310088,0,0.48743665877926096,50.36491912183505
99098ac0-c2ce-4306-8798-24b68450f3c4,2160.9280000000003,763.3029799903981,0.35322925150231654,17.415000000000077,9.76542857142859,13.826086956521738,1750.23,3623.54,1607.673076923077,514.4800732678999,0.24095742772042722,0.9671654955648685,0.03283450443513152,-160.3449999999999,-81.0128571428571,0.32001535676181286,1437.488647798742,-996.9,2578.850000000001,0,0,0.025157232704402517,2.2312264150943437,26.5,6,318,12.0,24,294,0.27679774615350444,0.05555205911534304,0.22442487671963157,0.08067552458943565,0.6374502065779147,1.103788440269211,2.23122641509434,1.0,0.270397492792976,44.31619549709951,0,0.43541319710641563,60.55958203091108
996b4b6f-6700-46a6-8106-b3051fdc742c,4999.033636363636,1687.024454542807,0.33747011467799826,415.7000000000003,149.0302857142856,14.458333333333334,4022.9700000000003,8372.03,3125.1691666666666,921.908061157139,0.34012558786817676,0.6819869003772911,0.31801309962270885,-371.6399999999999,-155.94600000000005,0.2949946105287012,8916.32827586207,812.7799999999996,18576.190000000002,0,0,0.0,60.301172413793104,24.30167597765363,7,290,11.933333333333334,25,265,0.24235738652761435,0.04864212846955695,0.08582367828545771,0.03417533243243194,0.41099852571506096,1.1439873903905253,60.30117241379309,0.4068965517241379,0.2878126864065759,56.69652833399438,0,0.3109593689731423,69.15475017670973
9978cf21-3772-4b4a-ada1-3375354177c7,2323.188,810.886762717897,0.3490405265169659,13.925000000000068,10.988285714285718,13.826086956521738,1893.63,3861.4,1826.206923076923,803.3167495388999,0.20972347476000067,1.0219013700139639,-0.021901370013963785,-707.3000000000001,-116.56571428571432,0.4398826548009219,679.3542898550724,-1329.56,1864.85,10,10,0.11884057971014493,-1.474811594202897,28.75,7,345,12.0,24,321,0.3433798728299216,0.055206896729838494,0.20046806371245032,0.08161285268346773,0.6806676859556782,0.7934855414449825,1.4748115942028945,1.0,0.3508541664121809,39.85507630791404,0,0.5374676566834043,45.111146024137824
99850e34-be02-42ef-afd9-f70660634944,843.7316666666667,108.15231480171703,0.1281833064640026,-84.26500000000004,-4.903428571428575,7.0,729.89,1010.33,1113.0984615384616,312.90756709839394,0.19086154518088108,1.429194510893076,-0.429194510893076,-131.6550000000001,-30.29057142857145,0.2811140055533909,-2462.989327731093,-4553.599999999998,-124.78,87,178,1.0,-12.172268907563025,29.667590027700832,6,357,12.033333333333333,52,305,0.2486454026655394,0.05184310177603858,0.4510172072874669,0.18604947465525176,0.9375551863842968,0.45598335170695453,12.172268907563025,0.6918767507002801,0.24837459952398988,33.36444025928906,0,0.6136839512997566,36.98603004522968
99bef07a-f82f-4328-83e6-7d452172108f,2103.539,733.1779487568712,0.3485449752806442,14.799999999999955,-0.07485714285712025,13.826086956521738,1685.58,3528.29,1748.968333333334,470.01931985114555,0.22498977968916917,0.9977290651611405,0.0022709348388595028,-260.3299999999999,-17.715714285714316,0.2687408976441228,1222.5246229508198,-187.55999999999995,2234.7199999999993,0,0,0.009836065573770493,0.15662295081967728,25.487465181058496,6,305,11.966666666666667,24,281,0.2727004348386219,0.055328187402277774,0.22995247532848218,0.08186537069196245,0.6398464682613443,1.296955462812367,0.15662295081967878,1.0,0.2723267335695996,44.2596701822526,0,0.46224250755973345,55.12595751897814
99e07030-1057-44ff-b755-092bda7b7596,3315.4080000000004,1189.287815597591,0.35871537246625174,41.76999999999998,-8.17542857142853,13.826086956521738,2669.29,5630.6900000000005,2204.4807692307695,675.7036861236038,0.30818001797039246,0.8643958752587916,0.13560412474120837,-655.805,-103.78828571428565,0.30651375850258994,4025.823612903224,-1565.5,7314.269999999994,0,0,0.00967741935483871,14.502677419354836,25.977653631284916,8,310,11.933333333333334,24,286,0.28331354692997057,0.0551129755372491,0.13698434702455928,0.06328693180447173,0.5386978012962507,1.1703075718972031,14.50267741935484,0.8258064516129032,0.2740886132265578,48.53242864560898,0,0.3173137015621902,66.90298998858086
99fc201b-50ba-42ab-b544-e0b7ef923da3,3342.147,1207.9172762794826,0.36141955344258725,-55.565000000000055,6.835142857142845,13.826086956521738,2714.45,5754.73,2171.9784615384615,1050.6447113863478,0.17852032815171706,0.8448377644669728,0.15516223553302722,-703.95,-321.1942857142856,0.4837270396512829,3840.9647058823525,-967.83,7282.819999999998,0,0,0.018575851393188854,16.054953560371512,26.916666666666668,7,323,12.0,24,299,0.34749997531526894,0.05380822567050462,0.14768889579063996,0.05411551317162291,0.6031126099480364,0.7471559863660574,16.05495356037152,0.718266253869969,0.18311025892026134,45.68936202501781,0,0.3602527832406136,67.61635897787926
9a3deb5e-c9c4-4d5b-b95a-bd672c7aef8e,9456.011818181818,3253.0560247490916,0.34401987722711863,2024.835,606.8605714285715,14.458333333333334,7477.95,15696.44,5310.712500000001,2246.1515063532966,0.3568388108626353,0.6126794949975547,0.3873205050024453,-538.5700000000002,-303.226,0.4229472987576142,18753.05339743589,1595.5799999999995,41248.58999999999,0,0,0.0,129.12685897435898,26.07242339832869,6,312,11.966666666666667,25,287,0.23574728265702632,0.04833817601173972,0.045143383050301904,0.018146608607722665,0.3473754503267907,0.8133871010351862,129.12685897435895,0.27884615384615385,0.2952303167104853,56.71327790813198,0,0.34312017166156616,66.81679002661663
9a48f2a3-92d1-4212-94b6-cb55d6de6175,7676.675,2679.93814040652,0.3491014196128558,22.710000000000036,34.71514285714303,13.826086956521738,6182.68,12775.16,4440.28,1782.625562483098,0.2775166581086478,0.6940942530457522,0.30590574695424777,-2255.76,-459.7771428571428,0.4014669260684232,14789.611189024396,735.160000000001,26893.250000000004,0,0,0.0,71.5957012195122,27.409470752089135,6,328,11.966666666666667,24,304,0.29407106592372356,0.055210621786124854,0.065028674523801,0.026231669309955158,0.44054203154360455,0.869564581649641,71.5957012195122,0.3048780487804878,0.30783250155395603,53.73384876841578,0,0.24470921588389563,74.93652912758553
9a5827d8-5f33-4070-8f07-c488cb211df8,2524.664166666667,705.4548360063152,0.27942521834012185,186.31000000000017,140.41171428571428,9.527777777777779,1097.21,3966.05,1856.4792307692308,597.471196480934,0.2423176542197534,0.7966151933739042,0.20338480662609584,-573.4850000000001,-24.775428571428566,0.32183026159326994,1518.6850741839762,-1821.0400000000006,6421.19,0,0,0.1513353115727003,18.28409495548961,28.24022346368715,8,337,11.933333333333334,37,300,0.2547744799060733,0.054226024121360024,0.1640548231332418,0.07016147692250818,0.5432168040831833,0.8682378622718216,18.284094955489607,0.7002967359050445,0.3140792144601257,53.31603048297479,0,0.26056663391440976,71.26454339750168
9a752f1a-0c23-4951-9dc2-968dc822b206,2005.2249999999997,709.0917692254883,0.35362204701491773,44.22499999999991,-2.2982857142857482,13.826086956521738,1621.73,3356.16,1485.7815384615383,556.4378743526564,0.20508087947498238,0.9632415314989587,0.03675846850104122,-194.6199999999999,-97.46599999999998,0.3745085397472521,1288.5261217948714,-580.3899999999999,2595.749999999999,0,0,0.022435897435897436,2.3624679487179505,25.92797783933518,6,312,12.033333333333333,24,288,0.3210672119088881,0.052990063459212804,0.23984989215674055,0.08306748619232257,0.6969746537171639,0.944229595548261,2.3624679487179505,1.0,0.18780015283331852,43.37150653464907,0,0.520755145720529,47.94270841127063
9ab987b4-7ae5-40fc-b78b-147d3a740ed7,1352.6080000000002,476.48366407347993,0.3522703281907839,13.224999999999909,11.60971428571431,13.826086956521738,1091.8600000000001,2261.0,1412.1575,343.1485890748948,0.19295003095145782,1.252830827556838,-0.25283082755683817,-200.01999999999998,-52.03542857142857,0.24299597536032264,-1066.6259574468086,-3419.8099999999995,1118.92,76,155,0.9088145896656535,-10.394559270516716,27.64705882352941,8,329,11.9,24,305,0.29388558991222885,0.05607981026284037,0.3636138482102722,0.14210251602829493,0.8556817644136364,1.449696142779425,10.39455927051672,0.7416413373860182,0.2515176246275646,34.458737544796506,1,0.695813573228347,29.467396496143962
9b0d9f56-9d35-4692-858b-ff437ecad5e1,5384.45,1753.2904737721017,0.32562108920541594,781.2500000000005,278.69400000000013,14.458333333333334,4258.64,8777.34,3083.0361538461543,901.2441516087492,0.342604081341395,0.6766871605861661,0.3233128394138339,-309.58000000000015,-280.44742857142853,0.29232357540939885,8887.38372727273,-1160.76,20377.980000000007,0,0,0.0030303030303030303,58.028727272727274,27.5,7,330,12.0,25,305,0.23517418424604863,0.04832180884516778,0.08281220585541361,0.03174984530369017,0.3980580442503202,1.1139063578754602,58.028727272727274,0.34545454545454546,0.21065473171177163,57.3174093922029,0,0.30055680435618687,71.81019964748985
9b5a13b3-a9f9-4ff4-ac5e-7bc7a52baad2,7557.139,2696.5878702597884,0.35682655436929084,0.1299999999996544,17.734285714285736,13.826086956521738,6034.26,12693.65,4292.028333333333,1841.4269752106202,0.21766767616088276,0.6815322571147626,0.31846774288523744,-128.47000000000003,-770.8168571428572,0.4290342076517716,14541.90952542373,-107.1500000000002,26783.5,0,0,0.003389830508474576,81.58322033898305,24.720670391061454,7,295,11.933333333333334,24,271,0.33412168282203086,0.05442152116032271,0.06682370140340146,0.02308280951296516,0.4784497148987202,0.8316972120295626,81.58322033898304,0.21694915254237288,0.24126762909688776,53.45322893129535,0,0.21687595473736032,80.01575270366037
9b6c5882-1311-4925-9362-299b7aee3a66,1764.3891666666668,424.10605038359176,0.24036990160443159,90.34000000000003,-19.842285714285715,11.32258064516129,907.62,2382.08,1573.2992307692307,646.9602442121352,0.23746668563709086,0.966004287602839,0.033995712397161,-378.25499999999994,-125.13342857142855,0.41121245822755403,-143.04038961038847,-1426.0699999999995,950.0700000000015,32,84,0.5811688311688312,2.3369480519480548,25.738161559888578,8,308,11.966666666666667,32,276,0.29772343308614363,0.054597743222748955,0.22714423830343553,0.09228406242575926,0.6717494770380873,0.5845394437719522,2.3369480519480548,1.0,0.2754217130195293,45.92448228320241,0,0.6030259541246913,42.618856789800574
9b8f8484-5651-45f2-8306-e068ee385af5,44.376,15.59213704973689,0.35136418446315326,0.0,0.0,27.636363636363637,36.98,73.96,693.1438461538462,302.25806423039853,0.10776206958928493,20.305728321615288,-19.305728321615288,379.8900000000001,98.95000000000003,0.4360683080540703,-3825.299934426231,-8567.11,53.49999999999999,79,157,0.9836065573770492,-28.08888524590164,25.346260387811636,6,305,12.033333333333333,12,293,0.5532720389399676,0.09171624301424192,11.06352532900667,4.789773751577429,16.49828736253831,0.8057549195241811,28.08888524590164,0.22950819672131148,0.355816918899063,-731.4914245595875,1,0.7628119479274834,22.415983497091283
9c40ccf9-7b1b-45d3-93d8-559fc61e0edb,1527.566,531.3029103209915,0.34781011774351583,11.214999999999918,0.5822857142857174,13.826086956521738,1247.12,2575.79,1437.3091666666667,418.9879848018715,0.2120194506980927,1.129097531628748,-0.1290975316287479,188.04000000000008,-38.584571428571365,0.29150860129387945,104.75626198083107,-1972.0499999999997,1307.37,62,85,0.36741214057507987,-6.3004792332268345,26.15598885793872,6,313,11.966666666666667,24,289,0.31820818216692437,0.05401992450735354,0.3140748092062798,0.09926183222197928,0.785564748102537,1.1931384398255782,6.300479233226836,0.9361022364217252,0.2344664885947178,38.571623176667025,0,0.6357084493371425,34.91475951086092
9c5004b5-ba39-40a5-97f2-66e14a4b80cd,968.9699999999999,124.14875776480991,0.12812445975087972,-126.30499999999995,-7.762571428571434,7.0,842.22,1167.82,1348.7275,304.084909138729,0.19374249678555033,1.391918738454235,-0.39191873845423514,-22.394999999999868,24.902000000000005,0.22546059833341356,-2393.2559428571417,-4892.2699999999995,-96.03999999999999,82,161,1.0,-13.020257142857144,29.24791086350975,6,350,11.966666666666667,52,298,0.32096968946407023,0.05006088939802059,0.37951983377538356,0.17952138181092642,0.9300717944484008,0.568278717868955,13.020257142857144,0.68,0.2557812209409734,35.97030470263592,0,0.544720100901284,47.3866607850007
9c50d445-64f9-4d93-9327-5bd95f1ca010,1282.899,436.6439524486742,0.3403572319010883,-19.90000000000009,2.071428571428565,13.826086956521738,1051.12,2133.26,1326.4176923076923,469.6021494157554,0.21263518917060006,1.3440987949947736,-0.3440987949947736,-116.41000000000008,1.4325714285714055,0.3540379113902988,-1573.2750156739805,-4414.44,700.33,75,160,0.9216300940438872,-13.838369905956114,26.657381615598887,8,319,11.966666666666667,24,295,0.33115311493734106,0.053420417351638765,0.36811471518802347,0.14508702555696124,0.8977752730339644,0.9613581510649897,13.838369905956112,0.6833855799373041,0.2593410939702832,28.944573015370434,1,0.7497718818079915,21.83259152011793
9c636005-b8b9-414a-9fee-769740ddcac9,5520.525,1929.0495753680823,0.3494322687367746,-90.69000000000005,-8.04742857142862,13.826086956521738,4488.52,9254.51,3304.4992307692305,1450.845992070727,0.26771704498924426,0.7781595047572469,0.2218404952427531,-72.41500000000008,-415.41028571428564,0.43905169611221095,8611.183569131832,-1476.56,15644.219999999998,0,0,0.003215434083601286,39.378649517684885,25.916666666666668,6,311,12.0,24,287,0.3209607781868572,0.053944325947260466,0.07863110845435897,0.038908437150452176,0.4924446497389289,0.7958795554851203,39.37864951768489,0.5144694533762058,0.20181482170346302,49.609617825362676,0,0.27912102498461766,72.11073682468577
9ce4847f-911a-4295-9ac6-0e6fea330d8b,1273.566,454.03295781498304,0.35650524418442625,-15.194999999999936,6.288571428571439,13.826086956521738,1016.8199999999999,2172.7599999999998,1301.7608333333335,368.4795361397806,0.21793429796692046,1.2265661928788927,-0.22656619287889276,141.59999999999997,-65.9542857142857,0.2830623926487627,-713.4653559322032,-2885.4699999999993,1071.21,63,138,0.8508474576271187,-9.781254237288133,24.651810584958216,6,295,11.966666666666667,24,271,0.33815915311809513,0.05463399619650651,0.35906344861593353,0.12242789144810713,0.8742844893786423,1.2594581740386648,9.781254237288133,0.7762711864406779,0.34136134837876647,34.58094710633625,1,0.7071750444441799,24.817527875272397
9d2a4742-2f3d-4a69-acfd-41bf8d8b5cd1,822.6750000000001,96.44855081620176,0.11723773156617347,-84.88999999999999,-11.29399999999999,7.0,719.51,973.56,966.3084615384615,312.4846889541458,0.1461844083868744,1.2724759676259358,-0.27247596762593573,231.34500000000003,9.842857142857127,0.32337985373390843,-1232.1933033033026,-2929.289999999998,-142.3000000000001,82,162,1.0,-8.077807807807808,27.75,6,333,12.0,52,281,0.27360743914668617,0.0495051711388661,0.5083548586420317,0.18918264604288856,1.0206501149704723,0.3625387611890071,8.077807807807808,0.6036036036036037,0.32358038243879766,39.116232273299204,0,0.5279025628847563,47.39882754566168
9d373289-a9ce-4fe4-b058-c869647bd9a7,1152.6466666666665,322.0114211789653,0.2793669825204879,-456.20000000000005,-130.79628571428572,10.8125,592.04,1630.22,1456.019166666667,458.83675889952866,0.2115528470035021,1.2631964406554195,-0.2631964406554195,-185.54499999999996,-66.0134285714286,0.31513098824788494,-1860.8808359133127,-3718.320000000001,-272.6799999999999,78,162,1.0,-11.270804953560372,27.067039106145252,7,323,11.933333333333334,33,290,0.29080897875613804,0.053745148845844644,0.37086892774310726,0.11766326194208113,0.833086317287171,0.8865106667984529,11.270804953560372,0.7956656346749226,0.24642303815826602,34.788513133210884,0,0.5957023651898429,37.28224526773477
9d3d297d-ad89-4511-9ae4-303e6a0b7cac,4479.406,1571.1963639016535,0.3507599811005418,-68.96000000000004,6.718285714285632,13.826086956521738,3639.98,7566.68,2784.007692307692,1204.9543689918569,0.30137129373537325,0.8079665027014743,0.19203349729852573,-808.1999999999998,-457.78571428571416,0.43281287344183234,6008.834160839162,-1208.35,10872.810000000001,0,0,0.006993006993006993,30.076783216783213,23.966480446927374,8,286,11.933333333333334,24,262,0.32370809879702805,0.055380557154229834,0.10642995968661917,0.02896388494367334,0.5144825005815504,0.8104194736889729,30.07678321678322,0.6748251748251748,0.2878222042932021,48.50228299008813,0,0.36425698008238994,64.67305740046247
9e145002-4a7d-43ae-942c-4a2db9ed4e52,1945.2789999999998,670.9273931482204,0.34490034239213013,-14.215000000000032,3.72228571428572,13.826086956521738,1586.31,3230.21,1546.1176923076923,625.537542333976,0.2634171047780719,1.033246644825755,-0.03324664482575496,-53.52999999999986,-149.00628571428572,0.404585980385695,619.3460174418606,-1099.4799999999998,1614.4300000000003,11,12,0.1308139534883721,-1.880058139534883,28.74651810584958,7,344,11.966666666666667,24,320,0.2999261288483554,0.05389663899111644,0.2318017107057651,0.08770875540218138,0.6733332339474184,0.8524772461550297,1.8800581395348843,1.0,0.2344626963914082,40.231404327491994,0,0.6336640365258959,34.09057315247013
9e32d3ea-f27b-481b-a7b6-79db2a3eaba0,3327.4669999999996,1154.462184598429,0.34694925136700955,-6.795000000000073,11.36400000000002,13.826086956521738,2715.5,5555.18,2022.5230769230766,609.9811758896693,0.27067257956550844,0.790174628328395,0.20982537167160495,23.159999999999968,-74.26371428571427,0.3015941735595183,5257.643543543546,-707.58,9699.300000000007,0,0,0.003003003003003003,20.96657657657658,27.827298050139277,7,333,11.966666666666667,24,309,0.2551778875643245,0.054837809060164985,0.14716539638109108,0.04356196470167848,0.500743057707259,1.15038446290986,20.96657657657658,0.6516516516516516,0.21144685997687584,51.952653854663545,0,0.1843139898595774,83.34163483110845
9e732d1f-44a8-43f7-a06c-378516b605e6,1126.4433333333334,137.24745219250275,0.12184141725652961,-153.51999999999998,-0.2234285714285826,7.0,991.5699999999999,1386.99,1172.4930769230768,384.28880648510125,0.1369120762399122,1.1276207117979007,-0.12762071179790063,-147.86499999999995,-36.06571428571433,0.3277535825572411,-1255.8479891304344,-2092.8599999999988,-121.09999999999985,87,176,1.0,-4.687744565217391,30.666666666666668,6,368,12.0,52,316,0.244237763106888,0.04982052655408024,0.3648297147659447,0.15318569065465637,0.8120736950815693,0.3717470189216022,4.687744565217391,0.9157608695652174,0.32396386135788235,44.68485735924326,0,0.5488814375658663,42.47976710339216
9e776efe-a411-4492-96d5-6e678f2479e0,6906.7225,1356.9007693277622,0.19646087841632007,-1512.4049999999997,-306.2105714285715,11.096774193548388,4561.17,9074.06,4626.000769230769,2051.0218792895307,0.33841841457673777,0.7255975367959743,0.2744024632040257,-977.0899999999999,10.169428571428684,0.44336825296952626,9057.898410596032,-4157.91,24126.35000000002,0,0,0.10264900662251655,75.30682119205296,25.307262569832403,8,302,11.933333333333334,32,270,0.29296963936223,0.05914117248328229,0.06166504204176921,0.020939261229427804,0.4347151151167093,0.443109936492957,75.30682119205296,0.44039735099337746,0.3573781373876521,56.2149071162809,0,0.2885769217657153,72.2270676736896
9ea3e0f3-681d-45d0-a58b-193f6b1dcb56,2853.0060000000003,1010.4526761275529,0.35417124118475485,71.79999999999995,15.535999999999992,13.826086956521738,2269.26,4862.83,1750.4061538461538,664.6728154079326,0.22718024124510885,0.7975896300253136,0.20241036997468642,125.26999999999998,-132.64314285714283,0.37972490781493895,4280.565266666667,-681.33,7823.250000000004,0,0,0.0033333333333333335,19.249266666666664,25.069637883008355,8,300,11.966666666666667,24,276,0.2865735298138174,0.05375453118570379,0.16581212938213238,0.07045901761159984,0.5765992079932534,0.9327047920632117,19.249266666666667,0.6233333333333333,0.3320284347193267,49.87677940714603,0,0.2826890480461008,75.37134484956071
9ef50708-3a29-4ccb-8bba-6bc1350a3b88,160.608,56.43189893825812,0.35136418446315326,0.0,0.0,27.636363636363637,133.84,267.68,810.9625,154.67327818369566,0.11504744876201632,6.059193813508668,-5.059193813508668,122.68499999999995,48.879142857142796,0.19072802772470449,-3696.2436928104553,-8125.469999999997,267.68,72,150,0.9575163398692811,-26.553823529411762,25.64245810055866,7,306,11.933333333333334,12,294,0.5276449491930665,0.09058079298665075,2.880927475592748,1.208806535166368,4.707959752938833,1.8422262771484739,26.553823529411765,0.2973856209150327,0.30263010517337946,-156.72323862873537,1,0.8401125845257346,12.954489711472917
9f8ae299-f85e-4086-8cc5-3558c6d02581,521.6283333333333,49.327949265987925,0.09456531808916552,-48.82499999999999,-3.4919999999999893,7.0,466.82,595.93,904.4638461538462,267.1510757211626,0.13897736270446667,1.8784175834006966,-0.8784175834006968,176.265,2.4117142857143334,0.29536954612083094,-2765.807455621302,-5621.580000000001,-141.69,84,167,1.0,-16.267721893491125,28.166666666666668,6,338,12.0,52,286,0.2716301836876192,0.05131527236825707,0.7678471580978794,0.2631231687951511,1.3539157829489068,0.32015933711216243,16.267721893491125,0.514792899408284,0.28560821838352174,16.11894619888054,0,0.6018641321177725,34.58747268888057
9fe0e043-c66d-4593-b5c1-f1f1f6f18ff3,3934.0249999999996,401.9814509854449,0.10218070576202361,-363.405,-42.17571428571433,7.0,3578.4300000000003,4542.96,2463.3492307692304,1104.2229990771905,0.21630681679789307,0.6783455451689638,0.32165445483103616,23.260000000000105,-325.3314285714286,0.44826084149358497,5718.535953757225,-2277.2599999999998,15184.759999999997,0,0,0.09826589595375723,43.88658959537573,28.833333333333332,6,346,12.0,52,294,0.28783752009710156,0.05008293033216616,0.09945285045214507,0.034203731123552426,0.47157703200496526,0.22794921238616803,43.88658959537573,0.3699421965317919,0.21110408156000243,60.83554019050904,0,0.22932393046741348,80.7308399792842
9fed978d-525b-49dd-b515-6e9f26e688b1,3940.816,1310.3641652456768,0.33251087217613734,52.309999999999945,13.369999999999957,13.826086956521738,3232.6,6462.7,2330.5261538461536,934.2641983627049,0.21101705656431496,0.7687961072021633,0.2312038927978367,-234.115,-263.5471428571427,0.40088123311590135,5953.573814102563,-1943.66,11170.119999999994,0,0,0.009615384615384616,29.20294871794872,25.92797783933518,6,312,12.033333333333333,24,288,0.2959275439401383,0.05584630188265578,0.13020349085062588,0.04899924279641577,0.5309765794698359,0.8294498337865643,29.20294871794872,0.5032051282051282,0.27934332425427866,51.255204884311325,0,0.26567518374404536,73.46564399122953
a0071a8e-11e7-41e8-8748-b09a527ef00e,3728.7709999999997,1310.3935368892473,0.3514277323250067,50.48999999999978,12.735428571428514,13.826086956521738,3026.5699999999997,6220.59,2709.3791666666666,1011.7485568465422,0.28471774745444445,0.8719374292494764,0.1280625707505236,-598.4350000000001,-8.922285714285682,0.3734244986061846,3818.853573770494,-310.5799999999999,7621.810000000007,0,0,0.009836065573770493,15.656262295081966,25.487465181058496,6,305,11.966666666666667,24,281,0.3392645995154972,0.05379976405094332,0.12304107707338421,0.045235816305157904,0.5613412569449827,0.9410944746172751,15.656262295081966,0.7934426229508197,0.3320816115623044,47.111180888147054,0,0.4721497917267303,52.11103314065748
a0536176-d202-4879-be85-6875a550c2fb,1637.859,581.3613854174049,0.35495203519802676,15.709999999999923,-2.3122857142857227,13.826086956521738,1323.23,2740.23,1506.6000000000001,396.8646192114109,0.1879070976591885,1.1038312821799676,-0.10383128217996769,-231.49,-61.56399999999999,0.26341737635165996,-93.02035483870985,-1700.6100000000004,1388.0,60,100,0.5870967741935483,-5.48583870967742,26.050420168067227,8,310,11.9,24,286,0.30301509470595456,0.053659686212305206,0.29258318328989247,0.09813176836345497,0.7473897325716072,1.347489068922199,5.485838709677418,0.967741935483871,0.20628235762644367,39.92984012982729,0,0.5898001221736339,38.38976696827988
a05f18f2-3bb6-423a-891a-a9dd6de68f6c,2179.7125,511.47157063311846,0.2346509324661479,638.7950000000001,8.008857142857154,10.242424242424242,1058.6399999999999,2858.06,1696.573846153846,606.1134518187507,0.22000447961638525,0.8432098269840632,0.15679017301593676,118.56000000000006,-28.219428571428548,0.3572573355370398,1733.9605825242706,-1612.5000000000005,4897.709999999997,0,0,0.14563106796116504,13.272135922330097,25.75,6,309,12.0,34,275,0.2672967191774145,0.05245722390758719,0.19135627596147042,0.06118849771854467,0.5722987167650168,0.6568120766881208,13.272135922330097,0.8025889967637541,0.24706897974469816,52.08693223591223,0,0.48712666237609775,54.18312290361669
a09b1167-da8c-4dd1-a180-053aab0d204e,2403.1879999999996,806.859294904219,0.33574539108227036,4.05499999999995,-0.8262857142857358,13.826086956521738,1945.9299999999998,3983.56,1958.3325000000002,539.1169356056423,0.2796158636663249,0.9778673162482504,0.022132683751749586,-84.7650000000001,-84.4251428571428,0.2752938714981456,1302.6040594059418,-651.0799999999995,3075.7700000000023,0,0,0.0627062706270627,1.7554125412541228,25.391061452513966,7,303,11.933333333333334,24,279,0.32807420809358245,0.05470192094834029,0.19733578896033108,0.07821443848754238,0.6583263564897962,1.2195890495315003,1.7554125412541242,1.0,0.2990767230113715,45.30706818763897,0,0.5834151813867335,40.47183402781654
a0d5acc5-8dac-40eb-9c68-97be87c45ca8,6573.642,2314.9051171378733,0.352149556841987,13.565000000000055,-26.07542857142863,13.826086956521738,5357.83,11021.25,3354.445,1181.488521219198,0.22784817359255158,0.6123445724607455,0.3876554275392545,-597.6500000000002,-107.51914285714274,0.3522157976115864,15687.141545741331,1275.8999999999994,28300.100000000002,0,0,0.0,80.38826498422712,26.49025069637883,6,317,11.966666666666667,24,293,0.25584904076005355,0.05613722195397924,0.0763307463351366,0.02406824101464607,0.41238525006381543,0.9998119312931204,80.38826498422713,0.20189274447949526,0.24679716018596223,57.89741444407884,0,0.2554509056363448,75.18331808172077
a1109779-2852-4c06-9f4b-61da3de4053f,5777.347,1938.4229717481967,0.3355212992655966,18.720000000000255,-15.291142857142976,13.826086956521738,4792.799999999999,9554.34,3693.5,1136.7377821084017,0.32893980416046215,0.7671687367921642,0.23283126320783573,-565.3850000000002,-322.64485714285723,0.30776709952846937,9309.136897590362,464.43000000000006,16883.18,0,0,0.0,40.51647590361446,27.74373259052925,6,332,11.966666666666667,24,308,0.269087524083286,0.054024970284803735,0.0830813866641557,0.03105196900930479,0.43724585004155025,1.0901792289677794,40.516475903614456,0.5512048192771084,0.2748725238030775,53.09226955977614,0,0.318966213915262,67.82030330251769
a126e003-6c53-4607-8724-d2a6eac787e0,2299.629,798.1298299072512,0.3470689532560475,-19.699999999999932,-17.634857142857136,13.826086956521738,1865.3400000000001,3851.2,1643.503846153846,608.6528122903684,0.20455733645986182,0.9290868222656784,0.07091317773432156,-257.405,-108.61085714285711,0.3703385384310158,2187.4454078549834,-497.19,3724.9199999999973,0,0,0.0030211480362537764,4.926706948640484,27.583333333333332,7,331,12.0,24,307,0.25944532792028624,0.05597642054435737,0.21146019640559413,0.0897805689526441,0.6166625138228817,0.9371667197436359,4.926706948640484,1.0,0.24964159593364088,45.01768774307112,0,0.3937865396977399,64.36805781304004
a1a1f1bd-b021-4322-95ce-52d893b8463f,349.8,122.90719172521104,0.3513641844631533,0.0,0.0,27.636363636363637,291.5,583.0,992.0346153846153,343.8273526693153,0.14708388742638479,3.6868067467124073,-2.6868067467124073,28.674999999999955,-10.526857142857128,0.34658805986927405,-4189.134933774833,-9398.45,421.49,72,142,0.9668874172185431,-31.120695364238408,25.307262569832403,9,302,11.933333333333334,12,290,0.5540651801029159,0.09130931961120639,1.4463807890222984,0.43851057747284167,2.530265866209262,1.013780407194872,31.12069536423841,0.2781456953642384,0.1888729068852281,-64.94495659977638,1,0.7519782165388,22.4268384057933
a1acd53f-02ae-4bf7-824c-a54d29c98bf6,2819.1539999999995,959.6691825160957,0.3404103438535447,-24.939999999999827,-2.475999999999957,13.826086956521738,2252.3199999999997,4637.99,1846.2900000000004,717.6065104335848,0.23463727883401933,0.8513820103477852,0.14861798965221482,61.22000000000014,-174.95400000000004,0.388674861713807,3139.7002194357356,-629.04,6193.489999999994,0,0,0.006269592476489028,13.134075235109714,26.509695290858726,6,319,12.033333333333333,24,295,0.2677569228215273,0.0553155308294616,0.18275376229890242,0.06990749707181657,0.575733713021708,0.8758228982254043,13.134075235109716,0.7836990595611285,0.28373032488853944,47.958912036206115,0,0.33080958934483673,70.19429151076875
a1b6ebef-b428-4ea2-9211-ee695503400a,5413.639,1885.8926118210206,0.3483595067607982,66.86000000000013,9.682571428571334,13.826086956521738,4394.02,9032.92,3049.118461538462,871.5851215634473,0.3234160491279447,0.7321976954872682,0.26780230451273174,-588.8449999999996,-205.1577142857143,0.28584823205710436,9484.858419354836,-1184.62,17602.819999999996,0,0,0.0032258064516129032,46.76725806451613,25.761772853185597,6,310,12.033333333333333,24,286,0.26258566557541047,0.054150452218923346,0.09088637051713275,0.034438757368195405,0.4420612456796619,1.2186869383582748,46.76725806451613,0.5032258064516129,0.2292496141381595,54.54434233654324,0,0.23534008787380428,78.26232865517188
a1c2269e-523e-4140-849a-09f6f4191ff4,904.1749999999998,211.11405863784972,0.23348805113816437,-3.865000000000009,24.344857142857133,13.6,615.13,1407.58,1258.4538461538464,479.62411161482254,0.22356126871191145,1.5078109879171622,-0.5078109879171622,-225.91999999999996,-75.75142857142856,0.381121733689857,-2693.656687697159,-5509.8,-280.6700000000001,82,151,1.0,-17.381072555205044,26.49025069637883,8,317,11.966666666666667,26,291,0.3508723421903946,0.06383904295812944,0.4492069197518918,0.15144745209721566,1.0153657569976315,0.6126337873141825,17.381072555205048,0.5646687697160884,0.29731477576268805,25.060484275371444,1,0.7138692589316686,23.54128733479676
a1e11b84-4b69-4897-b146-a5f33609bfdf,9776.244545454545,3397.6278173789533,0.3475391600099321,2396.9849999999997,696.5137142857142,14.458333333333334,7678.3,16039.59,5138.7307692307695,2130.2799813696697,0.3005278166563129,0.6212043312039601,0.3787956687960398,-1338.7400000000002,-256.4857142857144,0.41455372484683745,17568.24661016949,-2479.94,43082.04,0,0,0.003389830508474576,138.0853898305085,24.651810584958216,8,295,11.966666666666667,25,270,0.27673091424119073,0.04706696724685785,0.044920390977424035,0.013487889800405791,0.3822061622658784,0.8383452835656832,138.0853898305085,0.2677966101694915,0.24817532015538107,56.43457745460688,0,0.26332659744985104,76.3129320338623
a1fe8237-954a-4882-83d5-7debbd10e0df,2018.1839999999997,684.2689331477144,0.3390518075397062,29.43999999999994,11.033999999999963,13.826086956521738,1641.75,3378.05,1635.4323076923079,601.1825976932723,0.2311903415798787,1.0534530052760305,-0.05345300527603045,-469.27999999999986,-174.17828571428572,0.36759858226206665,272.0238629283493,-1078.7799999999997,1413.9900000000002,30,43,0.24610591900311526,-3.360685358255449,26.75,7,321,12.0,24,297,0.3333650450107621,0.05438800426522062,0.24045230761912692,0.08623148335335132,0.714436840248461,0.922342533133033,3.360685358255448,0.9626168224299065,0.2709008486111881,40.33835391752626,0,0.5284427668664338,48.334437866781435
a23c6431-9f60-48f5-a029-7256751465d6,356.53200000000004,125.27257541501697,0.35136418446315326,0.0,0.0,27.636363636363637,297.11,594.22,915.3846153846155,322.9410508801719,0.19155714285714281,3.3377088171608706,-2.3377088171608706,148.3150000000001,83.45714285714288,0.3527927446590113,-3723.4344850498333,-8334.679999999998,456.0,80,150,0.9568106312292359,-27.68996677740864,25.083333333333332,6,301,12.0,12,289,0.46521490357106793,0.08982924393883297,1.3468889188067268,0.512007337349803,2.4139404036664303,0.9959507098218848,27.68996677740864,0.2956810631229236,0.2990436974789916,-51.10513311350966,1,0.8319057438017847,15.354004749373754
a2900406-c678-4bf5-8b96-357111e97b32,312.71999999999997,109.8786077653173,0.3513641844631533,0.0,0.0,27.636363636363637,260.6,521.2,825.8676923076922,238.8389730604369,0.11401993986744013,3.4331926323867994,-2.4331926323867994,58.98000000000002,-15.504285714285697,0.2891976224339976,-3198.1955709342537,-7609.079999999994,393.1600000000001,63,138,0.9446366782006921,-26.32899653979239,24.083333333333332,6,289,12.0,12,277,0.49132770529547193,0.09036198516244563,1.5026637247377848,0.5671335379892557,2.651486953184958,1.2149622168603538,26.32899653979239,0.3217993079584775,0.24051347394069456,-53.65258327804653,1,0.8028445088466304,19.914576947399183
a34146f2-0fe2-4e9b-8e38-1777526c2554,3516.4980000000005,1262.0413191756707,0.3588915219561252,-69.3900000000001,-11.995714285714296,13.826086956521738,2867.6000000000004,5912.17,2576.3741666666665,1143.717816910021,0.22694490868788794,0.8791840632356397,0.12081593676436031,-1051.335,-253.04742857142855,0.4439253551396116,3308.4728963414645,-276.26999999999964,6542.700000000003,0,0,0.009146341463414634,12.952713414634145,27.48603351955307,7,328,11.933333333333334,24,304,0.3326081800700584,0.05544521851000628,0.1345759332153751,0.04509543301318529,0.567724764808625,0.8084501545158559,12.95271341463414,0.9146341463414634,0.3242994272635736,45.187384709098424,0,0.39609332030604394,59.45312547692041
a368fd4f-91fd-4f5d-b00a-82210a160713,3811.522000000001,1340.777567630896,0.35176959955390413,-43.555000000000064,-4.013714285714312,13.826086956521738,3109.34,6391.45,2293.6876923076925,950.5818168991194,0.2176357588753616,0.7823105835411681,0.21768941645883189,-1382.2500000000002,-287.1702857142857,0.41443384820308016,5377.496415662649,-1049.43,10205.719999999996,0,0,0.012048192771084338,24.991807228915658,27.666666666666668,6,332,12.0,24,308,0.33039714843571677,0.05697435302747826,0.12058096476945428,0.04618863540601366,0.554141101638663,0.8487955341464547,24.991807228915658,0.536144578313253,0.25544890089657435,49.86581170767456,0,0.31530760996916485,72.7394148601347
a3a3927f-ae84-46ea-bb5b-4211d93b3509,1944.0080000000003,672.5867792469443,0.34597942973842916,-8.480000000000018,-6.260000000000004,13.826086956521738,1587.9,3272.0299999999997,1905.2441666666664,474.9919329163456,0.2550766677761774,1.1760718062888629,-0.17607180628886293,-88.21999999999991,-151.18942857142852,0.24930764320216822,-605.5877083333332,-3422.849999999999,1580.1399999999999,90,162,0.8065476190476191,-10.187053571428569,28.235294117647058,8,336,11.9,24,312,0.3410973617392521,0.055525491664643344,0.2531224151340941,0.104239797367089,0.7539850659050786,1.3877610220632826,10.187053571428573,0.9077380952380952,0.22856038136844226,37.59159199224925,1,0.6905226349419209,31.850154137610982
a3bc8f48-b8ca-4a9a-b160-745a18da7d88,760.8359999999999,267.3305206502077,0.3513641844631533,0.0,0.0,27.636363636363637,634.03,1268.06,1239.7515384615385,297.5992578352683,0.22009931270347594,2.118297504324191,-1.1182975043241912,-100.29999999999995,-6.995428571428576,0.24004750032782549,-3603.497198795183,-8508.410000000007,722.3599999999999,80,162,0.9518072289156626,-25.627740963855427,27.590027700831026,6,332,12.033333333333333,12,320,0.43034241281958274,0.08973813016208489,0.6264017475513778,0.2644236077157232,1.4109058982487688,1.463727737149131,25.627740963855427,0.3072289156626506,0.33690559584829954,-0.07377571341875278,1,0.7743409600676554,20.746358252151595
a456427e-913b-428a-bbb4-90c92277d7f0,1232.693,438.25459079930545,0.35552614543873085,1.5199999999999818,4.951714285714304,13.826086956521738,1005.95,2075.29,1180.4684615384617,352.2973478669724,0.23434829327861367,1.2449239186074716,-0.2449239186074716,-85.32500000000016,-11.759428571428534,0.29843859395263816,-620.8323875432529,-3019.1600000000008,919.3299999999999,73,142,0.8373702422145328,-10.446920415224913,24.15041782729805,7,289,11.966666666666667,24,265,0.26860215803934967,0.05400371382006711,0.3986637386599908,0.15221957129634062,0.8734891818157482,1.1912874294507378,10.446920415224913,0.7647058823529411,0.2812110446374288,33.56848701348645,1,0.7127615314814009,21.92137095461923
a4746e26-4f0b-4980-973c-ba9dae51b79d,3821.9559999999997,1343.6185465806711,0.3515525941640017,-57.38499999999999,6.407714285714298,13.826086956521738,3077.88,6424.8099999999995,2220.0,906.8249508128163,0.2068218988218989,0.7551107338755338,0.24488926612446615,-1022.4649999999998,-75.18199999999997,0.4084797075733407,6267.56030769231,-920.93,11488.68,0,0,0.003076923076923077,28.798646153846157,27.158774373259053,8,325,11.966666666666667,24,301,0.2891493256332621,0.05639651529216977,0.12463277965523413,0.04083929799296487,0.511017918573631,0.8606366182850883,28.798646153846157,0.4523076923076923,0.24989397089397095,51.07939866859178,0,0.19857701446038267,81.28782356908208
a4f343a0-fcfc-42da-a844-4c5bee2d900c,953.2166666666667,124.9897577137156,0.13112418412782922,-112.87,-13.71371428571427,7.0,832.85,1142.83,1163.5983333333334,259.99877925704095,0.13044163292315936,1.2207070795377057,-0.22070707953770585,-147.36499999999984,-64.62028571428571,0.2234437535779451,-1469.7523369565213,-2756.5099999999984,-7.7,84,168,1.0,-6.860271739130434,30.75208913649025,6,368,11.966666666666667,52,316,0.23563373140069596,0.05102897207700243,0.40948280383963076,0.17689489972549088,0.87304040704282,0.5868330710891341,6.860271739130436,0.7092391304347826,0.3131206501670823,42.76911622309799,0,0.6016808103664649,39.786830441114205
a532ba12-6904-48ce-ad09-5954ac1a653d,3933.0510000000004,1387.911905221093,0.3528842888691484,-50.50999999999999,-15.97771428571424,13.826086956521738,3174.96,6574.18,2363.39,1031.5118490028767,0.2573021738330891,0.7811764963129131,0.2188235036870869,-1121.6999999999998,-159.24428571428567,0.43645435116628095,6109.795747508299,-955.37,10555.279999999982,0,0,0.0033222591362126247,28.592823920265793,25.153203342618383,7,301,11.966666666666667,24,277,0.29148973659380467,0.05449967468003846,0.12268083988740545,0.04490000256798093,0.5135702537292294,0.8085250792578446,28.592823920265783,0.5946843853820598,0.25344558842627296,49.43732445808341,0,0.2489284159110981,77.89112387005889
a570fbba-4a0a-4a06-9fd5-099904037c1f,225.02400000000003,79.0653742446366,0.3513641844631532,0.0,0.0,27.636363636363637,187.52,375.04,858.4061538461538,299.72545530697647,0.12896979016567378,4.959151023890784,-3.9591510238907843,154.45,58.59342857142853,0.3491650822446157,-4032.9004560260582,-8909.039999999997,278.86,69,147,0.9706840390879479,-29.019674267100974,25.51246537396122,6,307,12.033333333333333,12,295,0.5129052901023892,0.09205240329920361,2.067988303469852,0.6609161689419795,3.333862165813424,1.0062981733580016,29.01967426710098,0.2671009771986971,0.2900446982242582,-115.89026813441829,1,0.8665917377572149,11.428195157948952
a57ff371-3733-42e9-b1c8-a8d4e015f5da,965.8191666666667,296.35768371891834,0.3068459334284472,102.05999999999995,23.50114285714287,13.64,386.4,1591.1599999999999,1350.2733333333333,274.8204920020383,0.2147231918475765,1.398060195878628,-0.39806019587862806,278.4050000000001,45.52257142857144,0.20352952636901045,-2484.665157232705,-4933.680000000001,-36.75,81,160,1.0,-14.507704402515726,26.573816155988858,6,318,11.966666666666667,26,292,0.2537224445915083,0.05204562965979656,0.4136505884900813,0.19985107633157687,0.9192697390729629,1.5076236794857876,14.507704402515722,0.6792452830188679,0.291938422344118,30.80162363462125,0,0.6428145997233837,32.632860308989954
a5a2d05b-f407-4a06-aecb-5db492fe1f91,5849.687,2044.9613208624103,0.34958474203190876,-107.69999999999982,45.47685714285731,13.826086956521738,4670.389999999999,9734.79,3416.8915384615384,1358.9730061143362,0.34799263117917123,0.7593498592317846,0.24065014076821545,22.09999999999968,-174.23828571428578,0.3977220203852933,9681.704596273301,-1301.03,17197.170000000013,0,0,0.003105590062111801,43.718260869565206,26.759002770083104,6,322,12.033333333333333,24,298,0.2668922285927436,0.05340456677425647,0.08390995962689969,0.03214308731390243,0.43634984230780216,0.8789675303702029,43.71826086956522,0.5496894409937888,0.22755117730712962,51.18402296206549,0,0.3693868507258644,68.123972901335
a5bff6a3-5b20-4be1-9f76-9b667da4ad74,1887.0858333333333,361.0501584509059,0.19132683425064442,176.19500000000005,35.09457142857143,10.806451612903226,1446.72,2523.46,1904.2275,393.50574176531745,0.2601186045259823,1.009083670898206,-0.009083670898205953,-14.544999999999959,-15.215714285714316,0.206648492244397,-430.3426331360956,-1810.470000000001,1302.0499999999984,37,107,0.7396449704142012,-0.6085798816568033,28.324022346368714,6,338,11.933333333333334,32,306,0.28708286100747055,0.05473872191823107,0.21119512758428668,0.08540814474522665,0.638424855255215,0.9258564249497059,0.608579881656801,1.0,0.2226055797779765,49.76387829166449,0,0.5307905834843977,44.692906674769674
a60bf973-fa8e-4b5c-8c82-e6b481c93c4e,5720.419,2053.0507210568912,0.35889866127933834,-35.49499999999989,-1.9108571428571979,13.826086956521738,4565.110000000001,9632.89,3062.2523076923076,1187.4164449001162,0.3137886442558117,0.6959154565426063,0.30408454345739366,-1394.1599999999999,-154.60314285714287,0.3877591803645158,10956.276621621624,-1283.41,20028.970000000012,0,0,0.0033783783783783786,58.76658783783785,24.666666666666668,6,296,12.0,24,272,0.26922713178877283,0.05436822023002161,0.07868252308091418,0.030427841037518406,0.43270571613722697,0.9255710230817826,58.76658783783785,0.3344594594594595,0.21359592537217453,53.64123829262528,0,0.33465810005741414,69.38858285540697
a651d848-2c70-44d7-be8d-6e1796d06f39,3714.3199999999997,1358.6103251402799,0.36577632652552283,4.5900000000001455,9.36000000000005,13.826086956521738,2979.25,6304.5599999999995,2427.9715384615383,1076.4285995971907,0.22639316200322968,0.8497821943182063,0.15021780568179371,-161.13,-341.1808571428573,0.4433448179047682,4525.768229166667,-2128.14,8289.729999999998,0,0,0.017361111111111112,19.373506944444447,24.06685236768802,8,288,11.966666666666667,24,264,0.34377328824657,0.05490560856361326,0.13607712851881368,0.05374577311594047,0.5885017984449374,0.8250380104907252,19.373506944444443,0.7847222222222222,0.2467640762485177,46.168526073410696,0,0.35542773906286007,69.29815056156018
a6853384-85c5-4a00-a1b8-9ca14d3827ca,1718.3016666666665,527.9891646931151,0.3072738477390651,-128.96000000000004,-51.51657142857141,11.833333333333334,655.32,2583.73,1507.539230769231,622.191701547328,0.1990477604613938,0.950454470062979,0.049545529937021,-600.74,-31.502857142857142,0.41272007311534503,37.74849358974307,-1191.5200000000002,1296.4499999999994,8,44,0.4391025641025641,3.274391025641024,26.07242339832869,7,312,11.966666666666667,31,281,0.336727834945552,0.055703742358006604,0.21276386276759707,0.07396305072547407,0.6791584907966297,0.7445090940686804,3.274391025641025,1.0,0.18588111752162592,44.50920430300198,0,0.5789256342448137,42.8507432552715
a6884384-971c-4748-9b05-6cf021182f31,873.6141666666667,99.78015957442125,0.11421536346547483,-93.81,-14.389999999999999,7.0,753.6800000000001,1034.56,1057.0715384615385,323.51156050560115,0.17477312138833484,1.310831345263975,-0.310831345263975,-25.6099999999999,7.280285714285736,0.3060450960362056,-1896.5239465875384,-3448.9800000000027,-251.21,80,159,1.0,-9.669317507418398,28.083333333333332,6,337,12.0,52,285,0.28755257135825596,0.05072891636944989,0.4538635953896505,0.16394918809504955,0.9560942712124059,0.3731978226240324,9.669317507418397,0.6498516320474778,0.2721633715205943,38.01938336475265,0,0.6054951990347001,36.18179296737492
a69c9d34-55c5-45fc-b034-7c743e10ff8f,2940.3250000000003,1044.407478240919,0.35520137339951163,30.154999999999973,6.6165714285714134,13.826086956521738,2413.09,4924.47,1901.2107692307688,702.0935126042865,0.16651817829447957,0.8405785074779147,0.1594214925220852,-496.0150000000001,-190.4631428571428,0.36928757398547346,3353.885051546391,-817.65,6353.530000000001,0,0,0.006872852233676976,16.108281786941586,24.385474860335194,8,291,11.933333333333334,24,267,0.33369780551469647,0.055389115148835585,0.1727679763291473,0.06312771547362962,0.624982612466309,0.9618557417626082,16.108281786941582,0.6872852233676976,0.27108352814845926,48.335067019188585,0,0.25042716793480646,78.31974916870698
a6a21f18-4afa-451c-adc5-cb1feccb9683,9460.617999999999,3440.0497657892483,0.3636178699731084,-8.290000000000418,24.43257142857144,13.826086956521738,7691.73,16229.3,5386.48,2379.0255059888395,0.2893178847781855,0.6832297847772736,0.31677021522272647,-2508.024999999999,-786.4268571428572,0.44166607988683515,19176.846686930083,548.3799999999999,33229.52999999999,0,0,0.0,91.08942249240121,27.493036211699163,6,329,11.966666666666667,24,305,0.30460377958395535,0.05404298112448892,0.05185062963117208,0.018764418984045232,0.42926180932366165,0.8232868371197434,91.08942249240123,0.2796352583586626,0.26886590748194245,52.9289509119791,0,0.23059733455866643,77.07103860953991
a8580ef3-713c-465a-b4dd-32b8da66f4c4,1857.6779999999999,627.992823575415,0.33805257077675194,9.414999999999964,-3.2371428571428496,13.826086956521738,1529.04,3060.48,1610.0833333333333,426.67560597406236,0.2372646343356969,1.0400618406419198,-0.040061840641919706,-123.75499999999988,18.28971428571429,0.26500218786236474,578.9239024390245,-744.2199999999996,1664.6700000000003,9,9,0.16376306620209058,-2.5931010452961676,24.185393258426966,9,287,11.866666666666667,24,263,0.3123899836247187,0.0536718419446212,0.25423781731817896,0.09796961583223789,0.7182692587197567,1.2756595464499625,2.593101045296166,1.0,0.2497655400859169,42.95590549377336,0,0.6518186898471581,31.9667462795051
a8829968-8f97-46e1-b6b8-6b7f0a2ccb5f,15830.010999999999,5612.350163381647,0.354538614242381,174.46500000000015,155.82828571428576,13.826086956521738,12762.169999999998,26550.41,8830.440833333334,3586.748777865189,0.36393096267655184,0.6693949233516011,0.33060507664839894,-2269.025,-392.02257142857167,0.40618003625887555,33319.55391176471,3598.6700000000037,58421.819999999985,0,0,0.0,153.9259411764706,28.41225626740947,6,340,11.966666666666667,24,316,0.2739265310681086,0.0529125974707156,0.03231280129874831,0.010786663382609146,0.3699385932201817,0.8728607577759402,153.92594117647062,0.32941176470588235,0.26879660311409515,54.46444391348702,0,0.11793770873230255,89.69125693734719
a8ee0353-8a23-4155-a35d-09252c987444,5963.147272727272,2135.337670932122,0.3580890380987548,-579.1249999999998,-168.46828571428563,14.458333333333334,3984.65,10227.04,3088.1238461538455,1156.0713753450987,0.2305024135889329,0.6120259557872277,0.38797404421277226,-1077.2149999999995,-253.0194285714286,0.37436043142665626,12973.22240740741,-1478.3,25891.740000000005,0,0,0.0030864197530864196,78.54632716049382,27.0,7,324,12.0,25,299,0.27044291132412995,0.05200929588432711,0.07199264207948762,0.03140150823344964,0.4258463575213943,0.956535488363734,78.54632716049382,0.19444444444444445,0.2671731728575054,57.289081997015124,0,0.29043808745634825,74.64966436637603
a8f35571-ed1c-4549-a43f-3f7d51952b1a,1762.964,611.3264127416347,0.34676057635983193,15.9849999999999,6.322285714285701,13.826086956521738,1444.63,2966.2400000000002,1337.7953846153846,457.90100337691956,0.24435207407824813,0.9864829911444593,0.013517008855540762,354.51,90.88028571428576,0.34228029834963575,1282.9039655172414,-368.27,2634.4500000000003,0,0,0.034482758620689655,0.8217241379310352,24.099722991689752,6,290,12.033333333333333,24,266,0.25067102901704175,0.054037405188080985,0.2589241754227539,0.10523924481725094,0.6688718544451276,1.0130895001313212,0.8217241379310359,1.0,0.3645877775950559,43.292257096433964,0,0.5012157495488514,49.90423755439018
a93df3f9-96b5-4dd3-8d7d-5296ce376daa,1847.9124999999997,350.8989149993589,0.18988935623269984,43.549999999999955,-117.27428571428572,13.84,1336.8,2439.75,1648.1976923076923,542.083104655148,0.2398115984032909,0.9662511076687884,0.033748892331211616,184.9050000000001,-157.2448571428572,0.3288944689008518,-429.6544654088049,-2697.41,1130.84,34,52,0.6163522012578616,2.3533962264150916,26.5,7,318,12.0,26,292,0.3056042967402406,0.052592226814491126,0.21108097199768205,0.0800944308780854,0.6493719264304991,0.5773564902666202,2.3533962264150974,1.0,0.36541126274527375,49.07538562825044,0,0.5515053291204054,45.33514621046026
a97e3434-0e1c-4fa3-9f47-2010c357aeec,1363.4358333333332,257.6752500358942,0.18898964200312143,265.9799999999999,119.02285714285715,13.192307692307692,1034.66,1856.77,1539.8016666666665,503.4988273315464,0.22320623543508308,1.1293539666638754,-0.12935396666387536,395.51000000000005,-74.80257142857141,0.326989402746596,-1478.721088435375,-3278.090000000001,282.98999999999967,78,141,0.9829931972789115,-7.198605442176867,24.568245125348188,6,294,11.966666666666667,27,267,0.34652895900858316,0.05533752657960312,0.287347589392729,0.10419937865307191,0.7934134536339872,0.5779687060671536,7.198605442176869,0.9387755102040817,0.30198369703457484,42.61636401841942,0,0.5800083588177982,37.83026627616392
a9b1bf7e-1106-4b79-9024-6d2ab3c182d0,4264.795454545455,1582.1763174966538,0.3709852756971866,-509.6949999999997,-136.64857142857144,14.458333333333334,2666.26,7417.09,2375.933846153846,883.3556173623626,0.23324593989602144,0.6583954255506232,0.3416045744493768,-228.8699999999999,-329.98599999999993,0.37179301889753197,8267.061216216214,-2057.14,16651.34999999999,0,0,0.010135135135135136,54.14057432432433,24.598337950138504,6,296,12.033333333333333,25,271,0.26310203516101693,0.05108589882281469,0.10104246713313546,0.03389782095485769,0.44912822207182485,0.9978274384959122,54.14057432432434,0.30405405405405406,0.3137681248571412,55.09876432910884,0,0.27233696415421077,76.38873550126802
a9c762f0-3309-4b58-82c3-19ad0c33dbe5,1230.667,413.56545409805847,0.3360498445948892,-19.40000000000009,0.5268571428571509,13.826086956521738,1008.73,2040.76,1393.9799999999998,272.5993887140482,0.22588798500217605,1.3592434021550917,-0.3592434021550916,-64.30999999999983,17.217142857142886,0.1955547344395531,-1444.3561728395061,-4421.09,995.06,75,153,0.904320987654321,-13.645339506172837,27.075208913649025,6,324,11.966666666666667,24,300,0.2598005796856502,0.05293552195679255,0.39639155027314465,0.13352434086556317,0.8426519927811504,1.7184439208694473,13.645339506172842,0.7191358024691358,0.2584715466984223,31.637673887158602,1,0.6970772283124467,29.21391743746136
a9fa01bd-79af-4856-ac8c-d33eeef0a120,5187.955454545455,1833.415354672059,0.35339843811991534,-327.8349999999998,-80.45171428571432,14.458333333333334,3830.23,9043.36,2898.404615384616,1199.9502972735675,0.2594063683840924,0.6602576492298332,0.33974235077016673,-89.15999999999997,-217.9748571428571,0.4140037215315899,9585.18003236246,-1362.22,19872.129999999994,0,0,0.003236245954692557,62.74514563106796,26.039325842696627,11,309,11.866666666666667,25,284,0.28644389776249213,0.05082243819644487,0.0813629331295513,0.02979506202390817,0.4484243311123965,0.8536117424561601,62.74514563106796,0.22330097087378642,0.21856559815665172,54.70766645657741,0,0.26369852020912243,76.71577435316773
aa441772-3d74-48b2-889e-03f39f0f552d,2651.8309090909092,1089.9860892456798,0.4110315199619363,809.4799999999999,214.7225714285715,15.636363636363637,1123.18,5441.14,1750.5200000000002,404.6339032384707,0.2535677310829837,0.7801388680342295,0.2198611319657705,122.79000000000008,-98.37742857142857,0.2311506885031137,2415.2268858131492,-1819.7800000000004,7091.300000000001,0,0,0.17301038062283736,22.191626297577855,24.217877094972067,8,289,11.933333333333334,23,266,0.24444586141856023,0.05345020627257874,0.1584318758840376,0.06445461009100402,0.5207825536661806,1.7781972557542243,22.191626297577855,0.671280276816609,0.2681976696155341,51.84048590971045,0,0.4571813324971805,57.000938292959205
aa499f1d-aff6-4c26-a125-e697697fade6,1535.6190000000001,535.0955693342182,0.3484559446934547,-12.975000000000136,-2.4357142857142855,13.826086956521738,1244.5,2580.21,1270.4815384615383,441.9507376364881,0.19245519264046457,1.0755441291101506,-0.0755441291101506,281.29499999999996,-56.343714285714306,0.34786081045432476,316.95664359861604,-1160.0699999999997,1261.48,19,23,0.1972318339100346,-4.014083044982698,24.083333333333332,6,289,12.0,24,265,0.3485005069616879,0.0544685888882594,0.29710494595339076,0.11212611982529523,0.8122001616286333,1.001710840144231,4.0140830449827005,0.9896193771626297,0.24293635484062368,39.567340285703835,0,0.5445122980075694,45.16083686015763
aa758807-3295-406e-a6b3-3434653e86aa,1665.441,584.9734082170839,0.3512423485533765,-18.345000000000027,7.931428571428543,13.826086956521738,1342.65,2782.17,1262.8430769230768,358.8772403479268,0.2282822154649826,0.9857425150455644,0.014257484954435535,-103.08999999999992,-8.893142857142843,0.28418197550113106,1092.9994409937894,-388.02,2099.26,0,0,0.027950310559006212,0.7374223602484467,26.908077994428968,8,322,11.966666666666667,24,298,0.279580003134305,0.05509711842088672,0.26915873933690837,0.10074268617141045,0.7045785470635104,1.2359768698700546,0.737422360248446,1.0,0.259747846129856,44.34938943155351,0,0.4870524112060044,51.35834930394256
aa7b646c-3c12-47ec-8102-0a79e359e7bf,2616.286,925.3330248702654,0.3536819081974468,13.929999999999836,3.88371428571432,13.826086956521738,2143.4300000000003,4376.8099999999995,1851.2053846153847,539.6687968809417,0.30057879128235365,0.9198409501101944,0.08015904988980557,33.625,-169.12257142857146,0.29152291872415115,2341.7487412587416,-599.98,4658.2300000000005,0,0,0.01048951048951049,7.332832167832167,23.833333333333332,6,286,12.0,24,262,0.2751900977186744,0.055472146393781105,0.1821245842388791,0.06801664649812751,0.580803474849462,1.2132216216321319,7.332832167832169,1.0,0.310348724967973,46.765446375185796,0,0.4844480401324794,54.906500086944945
aae2bb59-089e-4b77-b7be-6c33d8fd1ab5,2346.785,835.2939438604832,0.35593117557018783,53.29500000000007,12.817714285714269,13.826086956521738,1891.4099999999999,3955.81,1812.1476923076918,539.1184160298775,0.21578433070491795,1.0038380166909195,-0.0038380166909195374,-178.49,1.594571428571492,0.29750247086281,917.3027761194019,-671.3400000000007,2390.2699999999977,2,2,0.07462686567164178,-0.26886567164179015,27.916666666666668,6,335,12.0,24,311,0.3348700456155975,0.05370922346955515,0.21692187396800303,0.07883295657676354,0.6843340996299193,1.196397376256823,0.26886567164179154,1.0,0.2516584656030753,43.21849464800138,0,0.49308592600168877,46.52701072660197
aaecb301-b8d8-498d-b86b-b0b8d2eb629b,5354.7508333333335,657.4630277950419,0.12278125504969033,-621.8899999999999,-51.63571428571426,7.0,4626.63,6412.389999999999,3068.2115384615386,1233.804187846449,0.2536519019473885,0.6207377218454453,0.37926227815455466,-917.3850000000002,-420.07171428571445,0.40212487710840905,10754.342254901954,-2971.48,24370.259999999995,0,0,0.0718954248366013,79.64137254901962,25.429362880886426,6,306,12.033333333333333,52,254,0.26804235055443754,0.050759131182730094,0.07425897968174991,0.031843218350807174,0.42490367976972476,0.3053311596451907,79.64137254901961,0.2908496732026144,0.3065145693745417,63.44455593252331,0,0.2722529944758302,73.34476918134996
ab79bbde-89e5-43c7-8526-a24b5873b9d1,291.98400000000004,102.59272003628935,0.35136418446315326,0.0,0.0,27.636363636363637,243.32,486.64,936.3508333333333,180.8658546828326,0.14664642259267135,3.8482279850950727,-2.8482279850950727,113.24000000000001,56.63399999999998,0.1931603499929239,-3838.4079661016935,-8316.369999999995,486.64,78,149,0.9728813559322034,-28.19108474576271,24.789915966386555,8,295,11.9,12,283,0.567113266480355,0.09166255685243024,1.564537782892213,0.5323921858731985,2.755705792098196,1.8190285142681968,28.19108474576271,0.28135593220338984,0.2613327803592137,-68.33325193755599,1,0.7615863413193836,22.40851883784249
ab8cd114-6198-40f1-9c2b-575778231bc8,2417.1690000000003,877.0068372905907,0.3628239636080848,-40.20500000000004,6.41914285714284,13.826086956521738,1958.8200000000002,4114.31,1715.647692307692,718.071301220079,0.19004619022553493,0.9227083418660424,0.07729165813395754,54.58000000000004,-204.2774285714286,0.4185423991415231,1944.9706109324754,-623.6,4100.449999999999,0,0,0.01607717041800643,6.007299035369775,25.916666666666668,6,311,12.0,24,287,0.30958530413057594,0.05632787777768124,0.19060893135730264,0.06453251717194784,0.6210546304375077,0.8668750510158039,6.007299035369776,0.9807073954983923,0.3162353576267676,43.836099434285295,0,0.42727326032212387,59.76089581682606
ac547b48-e465-4b84-b184-1d6972414392,1234.4180000000001,428.7146780733727,0.34730105853395904,17.860000000000127,3.348857142857157,13.826086956521738,1002.8199999999999,2067.33,1277.6576923076923,445.2768655970096,0.20290314909193805,1.345536925093445,-0.345536925093445,-17.774999999999977,28.433428571428653,0.3485102999636429,-1375.4161918604643,-4265.369999999997,713.61,77,169,0.9098837209302325,-12.39933139534884,28.666666666666668,6,344,12.0,24,320,0.32806067312693116,0.053859389607086104,0.3921321626871935,0.12773792993945324,0.9017901553606639,0.996530256265568,12.39933139534884,0.6191860465116279,0.3375467727903525,28.789285240970568,1,0.734395971743304,28.360446586465336
ac67a0e5-0b5c-4332-9fd2-9477bae4505b,1609.0330000000001,570.4432942516431,0.3545255406518344,3.875,-11.164857142857096,13.826086956521738,1287.1100000000001,2694.4700000000003,1323.723076923077,466.95069090830515,0.18948013760721505,1.0694870770207945,-0.06948707702079457,-34.5150000000001,-110.63257142857144,0.3527555718026061,88.80562500000023,-1118.0699999999997,1242.0500000000002,57,84,0.4625,-3.4939687499999996,26.89075630252101,9,320,11.9,24,296,0.3250747498652918,0.054716714946181966,0.3025307746951119,0.10458455482267921,0.7869067943292648,1.0050175503683292,3.4939687499999996,0.9625,0.3735123544315567,39.529639263561066,1,0.7372381341739722,25.992117733586596
ac68df44-f3bb-4174-ba94-fb4ff3852300,1432.7620000000002,492.2766049195423,0.34358574900754085,5.345000000000027,6.129999999999986,13.826086956521738,1171.0900000000001,2391.34,1336.1084615384616,472.76291062656605,0.1479618478693289,1.2123025317533547,-0.21230253175335465,-240.93000000000006,-33.98514285714285,0.3538357283376556,-879.8149695121946,-3041.7899999999986,905.2000000000002,84,162,0.8902439024390244,-9.27375,27.333333333333332,6,328,12.0,24,304,0.3472872675294291,0.05564776285244862,0.3313739476619284,0.14005536160227589,0.874364339646082,0.9710318136094683,9.273749999999998,0.7042682926829268,0.3205388093205238,34.12361169288648,1,0.778242738871589,20.240976130969088
ac6d92aa-59b4-4410-b4a3-c9ab9332c664,2238.383,772.5232063691607,0.3451255689348788,-14.270000000000095,-4.306857142857123,13.826086956521738,1811.43,3761.8,1820.791666666667,497.44612585107393,0.21250280326780932,0.9761287500843242,0.02387124991567581,-14.250000000000227,-136.0268571428572,0.2732032087788227,1258.233120805369,-514.7300000000005,2685.96,0,0,0.03691275167785235,1.793053691275166,24.9025069637883,6,298,11.966666666666667,24,274,0.331771640510136,0.05605564373925284,0.22060567829544808,0.08004349568416129,0.6884764582289983,1.263255912979713,1.7930536912751676,1.0,0.23822238495160075,45.13701875300421,0,0.49647787884545985,51.680716722157065
acaf5ab7-90d9-4e74-8108-18d6c5ff41b0,5752.573000000001,2024.3454221827417,0.3519026046575578,-41.20499999999993,-30.81171428571428,13.826086956521738,4603.16,9699.869999999999,3210.1923076923076,1654.5180737763378,0.28408386748936676,0.7254579820195242,0.27454201798047584,-1821.635,-277.0571428571429,0.5153953144214315,10036.145404530746,-1411.03,18128.449999999997,0,0,0.003236245954692557,51.110776699029124,25.75,6,309,12.0,24,285,0.29434411349495265,0.05429014112467587,0.08565071664453454,0.03467544001614582,0.46896041128030885,0.6827819244973035,51.110776699029124,0.42071197411003236,0.2856727969807703,50.11669629106367,0,0.24094359193921475,78.6821709949684
acc105ac-726c-47bb-9249-c706ea9acdc7,2133.8450000000003,679.5305689090213,0.31845357507645644,-511.1,31.117428571428615,12.615384615384615,1015.49,3601.1000000000004,1861.426153846154,607.2494401059373,0.25850733143404514,0.9450288094964724,0.05497119050352761,-348.3800000000002,-220.11057142857143,0.32622805844390546,-43.892954545455794,-2163.1000000000017,2645.539999999998,14,56,0.5064935064935064,4.57012987012987,25.59556786703601,6,308,12.033333333333333,27,281,0.2887182527315714,0.05441194963395498,0.19290841962123148,0.07066117735824298,0.606699799345001,0.9761685631685607,4.570129870129871,1.0,0.27533313993323566,46.120679198969306,0,0.5881985733561914,42.13079603366394
ad728c89-8e34-4615-add7-9164cb6242b1,537.7875,65.82315082165931,0.12239620820799908,-72.63000000000002,-3.3048571428571383,7.0,474.53,646.02,979.196153846154,334.16731132618935,0.1282236999736833,1.972518575335673,-0.9725185753356731,-223.46500000000003,-20.88057142857142,0.3412669770133635,-3155.2260766961663,-6399.350000000003,-170.0,76,164,1.0,-18.51356932153392,28.25,6,339,12.0,52,287,0.31610998768100784,0.049937630259783525,0.7515964329157273,0.2210197646220239,1.3386638154785426,0.35865236443081405,18.513569321533925,0.5103244837758112,0.2840037550424014,10.60203120006583,1,0.6528801792099947,31.110162092561684
ada2991e-e8a9-4897-83d2-2d1ce9413e24,5375.600909090909,1782.9109414968236,0.33166728178828647,1336.495,402.1871428571427,14.458333333333334,4200.96,8625.32,3245.191538461539,1150.8897016065887,0.3031201903692303,0.7134507245786137,0.28654927542138636,-1092.68,-273.8868571428571,0.35464461433675365,7525.079233576644,-1426.96,17449.190000000002,0,0,0.0036496350364963502,61.83985401459855,22.89693593314763,7,274,11.966666666666667,25,249,0.28958318571065456,0.04848371285679521,0.07696475709015872,0.027890328032671524,0.44292198369027996,0.9352102594552614,61.83985401459854,0.4343065693430657,0.24282293163210236,54.41906027647179,0,0.16484611742174224,84.27309907858208
ada9469e-5d7a-455c-ae3a-8b3562ea3b5d,7030.5960000000005,2524.9212454833782,0.3591333146554543,-36.095000000000255,-20.135714285714208,13.826086956521738,5757.9400000000005,11954.87,4157.6016666666665,1830.9721213151588,0.3079175053245842,0.7096300228316349,0.29036997716836516,-1205.8500000000004,-449.75085714285717,0.4403914246992137,12850.138359621447,-108.53999999999932,23284.88999999999,0,0,0.006309148264984227,64.39981072555204,26.564245810055866,7,317,11.933333333333334,24,293,0.2932018850179985,0.05515094310638813,0.06569869752151881,0.02492576731759299,0.43897729296349847,0.8154866205688303,64.39981072555204,0.3911671924290221,0.35413926538577334,52.032971153086706,0,0.24226900358475023,77.61187183079785
addf5906-78b3-4441-a40e-919bb6c7f335,3040.4560000000006,1093.905704550849,0.3597834352974846,19.549999999999955,6.582285714285717,13.826086956521738,2435.96,5122.64,1815.6007692307694,615.819649836183,0.19376845384087743,0.7762917799172229,0.22370822008277716,248.8549999999998,-111.85342857142865,0.3391823027796427,5248.260368098159,-650.63,9316.580000000002,0,0,0.003067484662576687,20.864263803680984,27.09141274238227,6,326,12.033333333333333,24,302,0.25678911321196557,0.0547470511002297,0.15949844365450447,0.0610372259950481,0.5320718339617478,1.0607376397560042,20.864263803680984,0.5030674846625767,0.2755053317804109,51.37117968879369,0,0.23164558741469848,79.9256829020565
ae116440-0fed-40e2-85d5-a5ab3060a6fb,2158.351666666667,250.00632987744103,0.11583206469015676,-315.21500000000003,-47.237714285714276,7.0,1895.18,2525.61,1577.2723076923078,707.0816390176578,0.21538254454867067,0.791674356434038,0.20832564356596198,238.95999999999992,-63.03257142857144,0.4482939537892365,2392.4075449101797,-1226.1599999999999,5672.590000000001,0,0,0.10479041916167664,16.15473053892216,27.833333333333332,6,334,12.0,52,282,0.2532812462596843,0.050087219336360844,0.18024557320362528,0.07171483485468463,0.555328873654355,0.2583841778615973,16.154730538922156,0.6377245508982036,0.30027154961779196,55.89218472614904,0,0.2973611076092237,72.082135314927
ae36ad60-0ee0-4627-8318-e68356e98879,4900.433333333333,829.2726103841446,0.16922434282358934,211.09500000000003,-205.30028571428574,11.466666666666667,3899.78,6527.03,3312.980769230769,1527.3071215675732,0.2077099985488318,0.7323969648942609,0.2676030351057391,-1299.2599999999998,-327.4545714285714,0.46100693845023255,5265.579430379743,-4607.000000000001,15799.119999999999,0,0,0.1518987341772152,49.79889240506329,26.26038781163435,6,316,12.033333333333333,31,285,0.3376885037377646,0.0555896417323638,0.08122274900859106,0.03238455102609973,0.5068854455048192,0.3670754791510752,49.79889240506329,0.3639240506329114,0.2542123929763459,56.407252350517226,0,0.21000563332938413,83.2569146482699
aee9a90b-4288-4ce2-94e8-d025f0ef4704,9771.792500000001,1467.192179090419,0.15014565435056246,1222.9850000000001,291.8854285714288,12.714285714285714,7888.46,12993.42,6122.323076923077,2485.890443259667,0.2731274704674696,0.6787410464013298,0.3212589535986702,-2032.1150000000002,-194.89199999999997,0.40603712218810445,16616.06898089172,-6121.48,37671.310000000005,0,0,0.12738853503184713,119.97232484076433,26.239554317548745,7,314,11.966666666666667,29,285,0.31053667993871137,0.06218809565048242,0.04593519220415975,0.01389876354142122,0.4325587313347748,0.3697830719059343,119.97232484076433,0.2484076433121019,0.25454679093657256,60.22524606966784,0,0.24428678910277912,77.99211210839249
af1be62f-abf8-425b-b409-773151940cae,1692.551,601.118694462435,0.355155439607099,-5.730000000000018,-0.37114285714287687,13.826086956521738,1379.93,2850.86,1325.2384615384617,364.7785695881396,0.20867884444599233,1.0178777478492524,-0.01787774784925241,-47.25999999999988,-28.75285714285718,0.2752550429035015,932.448133802817,-370.31,1808.5399999999995,5,5,0.035211267605633804,-1.0654577464788706,23.73259052924791,7,284,11.966666666666667,24,260,0.2625457076330344,0.05643375000221559,0.28382719339033213,0.1044878411344769,0.7072944921600591,1.2902776852361206,1.0654577464788713,1.0,0.2927386072753234,43.125126039746895,0,0.53437673096589,49.736918502039096
af6e84e8-eef8-42e6-b515-6364e6fbb811,2175.4475,226.8011682720031,0.10425494904933495,-189.62000000000012,-27.6905714285714,7.0,1943.07,2535.44,1881.140769230769,796.1991009630436,0.2677303420224144,0.9367739281228346,0.0632260718771654,-475.23999999999967,-87.89428571428564,0.42325333328915266,-40.58059299191212,-1634.3699999999994,1657.6900000000019,0,53,0.5202156334231806,4.448894878706202,30.831024930747922,6,371,12.033333333333333,52,319,0.308354947660194,0.05098912599208517,0.18402075894729708,0.06434193424571268,0.6077067668452889,0.2463180815119805,4.448894878706202,1.0,0.2437702490673622,50.93632773782352,0,0.46262352389507083,49.395985536836214
afbeef5e-ed57-489e-92ac-b0ce9d5c48b7,4976.864,1763.6351037256354,0.3543667465547854,-15.055000000000064,-18.904285714285756,13.826086956521738,4004.33,8333.72,3295.2833333333333,1536.3802994839602,0.24614499511928664,0.7945445163862224,0.20545548361377763,1.3299999999999272,-354.6937142857141,0.46623617579185206,7523.676558823528,-127.94000000000068,13213.179999999998,0,0,0.0058823529411764705,30.074235294117642,28.491620111731844,7,340,11.933333333333334,24,316,0.34604441672507025,0.054411774161399626,0.08840707722774822,0.03864863496370405,0.5275119030779221,0.7600584531068005,30.074235294117646,0.5529411764705883,0.2659515873698265,48.26249343207051,0,0.19625204987816502,82.27450500952826
afd58a57-390c-4a88-8992-6e3e89a7ba81,117.20400000000002,41.181287875819415,0.3513641844631532,0.0,0.0,27.636363636363637,97.67,195.34,715.6899999999999,235.072590277982,0.07761740418337547,7.938270024913827,-6.938270024913827,-160.945,-31.854857142857107,0.3284558821249172,-3780.6021806853582,-8131.930000000004,150.23000000000002,70,152,0.9781931464174455,-25.33311526479751,26.75,7,321,12.0,12,309,0.46186136991911547,0.0916095013822054,3.904218286065322,1.538846797037644,5.996535954404287,1.0697454470598387,25.33311526479751,0.2398753894080997,0.24536300095550606,-234.64084417294603,1,0.7631302816871843,23.118701337241497
affe285a-ab7a-42de-9678-4cea3465b44e,1958.97,200.05963070135772,0.10212490783491208,71.93499999999995,-12.18628571428574,10.088235294117647,1702.06,2386.87,1497.063846153846,615.0988246417326,0.1869783057400049,0.8278938251564172,0.1721061748435828,-260.8399999999999,-197.4279999999999,0.41087013504601183,1424.211779141103,-1903.0300000000004,4054.4299999999985,0,0,0.13496932515337423,12.410460122699385,27.166666666666668,6,326,12.0,35,291,0.23810471829583907,0.05021899263388412,0.20449096549036822,0.08515954812988456,0.577974224549976,0.24855763202033532,12.410460122699382,0.803680981595092,0.21953588126090914,55.603097057775706,0,0.3085628160744145,69.11573263131771
b08b2a5a-cf04-4c98-965e-1d33cbd094f3,10107.64090909091,3382.363642731085,0.3346343299244985,1299.8400000000001,384.1785714285714,14.458333333333334,8198.04,16867.37,5187.152500000001,2481.186447173738,0.2633606138756604,0.5598449597761549,0.44015504022384505,-2834.42,-737.2082857142857,0.47833304441574404,24616.867337461303,1989.3499999999974,49848.95,0,0,0.0,151.5115170278638,26.991643454038996,6,323,11.966666666666667,25,298,0.2569954953071057,0.05028347141518949,0.04262787693018918,0.017477596831559923,0.36738444048404434,0.6995843875541462,151.5115170278638,0.19504643962848298,0.2701215487045478,58.00051082290397,0,0.3101171337622993,73.55103876547261
b0a614d4-2c6c-438f-a120-23d340f72917,7034.13,2489.7179278384124,0.353948239204907,135.22000000000025,22.2437142857142,13.826086956521738,5652.1,11757.119999999999,3660.796923076923,1528.2773533316558,0.33341037974917603,0.676563555123377,0.323436444876623,-187.5400000000002,-357.803142857143,0.41747121882060834,14407.939895833337,-1484.31,26266.849999999995,0,0,0.003472222222222222,78.99631944444444,24.0,6,288,12.0,24,264,0.2532185216935143,0.05547068365242041,0.06771782722241415,0.02760597259362564,0.4040130051619745,0.8478386610814533,78.99631944444444,0.3298611111111111,0.34115438504772816,53.96958624250554,0,0.27474192620032467,77.34391660274385
b0c081c7-426c-4f3e-8046-d7a47eb810e9,1573.4279999999999,561.42571579071,0.3568169091885425,-13.759999999999991,-5.82942857142859,13.826086956521738,1280.49,2638.0299999999997,1400.4784615384613,441.9272238699895,0.23547282192569355,1.157105377557791,-0.15710537755779116,8.315000000000055,-25.031999999999933,0.3155544594270455,-363.9974213836474,-2471.9399999999996,981.3,74,142,0.7767295597484277,-7.773396226415093,26.573816155988858,8,318,11.966666666666667,24,294,0.2720963399659851,0.05324298283747334,0.3023150725676676,0.09939444321570483,0.7270488385868309,1.1307617386755284,7.773396226415093,0.9622641509433962,0.2689514902049958,36.700188433491164,1,0.6744121629039103,29.422854722968175
b0d48fbb-0895-4d75-93ff-8219ea5068ef,6314.143,2286.4863042039465,0.36212140019697786,-39.409999999999854,-50.20228571428561,13.826086956521738,5032.9,10769.849999999999,3906.3007692307697,1513.605290327598,0.30794213923816566,0.8042565713193383,0.19574342868066175,-1959.01,-608.1471428571427,0.3874779183031668,8180.151269349848,-1815.76,15122.480000000005,0,0,0.02476780185758514,38.264767801857595,26.842105263157894,6,323,12.033333333333333,24,299,0.3450843606171098,0.05496660433569528,0.07260874516145739,0.02605088291475185,0.4987105930290143,0.9345600951475389,38.26476780185759,0.5944272445820433,0.23228724559592187,49.21653677525379,0,0.3208972988582391,69.96176568282104
b1c5840c-c296-486a-9ee3-fa57a2fdbfc6,4087.4479999999994,1449.2780089318037,0.3545679379729856,7.480000000000018,7.132857142857041,13.826086956521738,3345.05,6861.29,2295.976923076923,1085.10185470754,0.23720722199700478,0.7302282499985322,0.2697717500014678,-51.51999999999987,-161.33257142857147,0.47261008758457174,6958.763861386139,-911.25,13201.099999999999,0,0,0.0033003300330033004,36.392013201320125,25.391061452513966,8,303,11.933333333333334,24,279,0.2675263391729999,0.05336973094214289,0.1275999107511582,0.05321193076951684,0.5017079116358178,0.7502335377247678,36.392013201320125,0.42574257425742573,0.2672571085879314,50.70163010917771,0,0.2380631907062705,77.3559391353308
b1e565eb-bb78-4a92-8151-313ebbaa953a,892.5958333333333,214.3506193327496,0.24014297549684163,217.90000000000003,-20.14257142857141,11.655172413793103,559.11,1198.48,1254.0416666666667,311.1440168981482,0.15807489118516793,1.4049378451426782,-0.4049378451426782,-73.11000000000013,-34.640285714285746,0.24811298154485684,-2644.475579268292,-4868.179999999999,-38.43,81,167,1.0,-13.223628048780489,27.409470752089135,6,328,11.966666666666667,30,298,0.30829182674129285,0.0509618481675637,0.45483911624802187,0.17271348081205098,0.9868062719689292,0.9678775129040385,13.223628048780487,0.6310975609756098,0.2928032694288467,31.635937298490486,1,0.669404964630487,28.658524589046053
b24777e6-4065-4be3-914a-b553ba999bbd,8841.604545454547,2870.52805623761,0.32466143916302426,1673.4400000000005,518.1737142857144,14.458333333333334,7048.79,14436.15,4741.132499999999,1938.6082534602215,0.3019921927935994,0.584978045428817,0.4150219545711829,-1106.9499999999996,-659.4582857142857,0.4088913890215517,18688.782893081745,1377.1199999999985,41739.39999999998,0,0,0.0,126.93100628930817,26.64804469273743,7,318,11.933333333333334,25,293,0.2427313429843308,0.04945359054017858,0.04751317762664428,0.01913196545464547,0.3588300766057992,0.7940040995725447,126.93100628930817,0.21069182389937108,0.20081664735869192,58.68320722752556,0,0.2476912262391452,78.42014044858506
b2780611-fa20-4707-838b-835f3df5787f,6842.3049999999985,2358.3837075903866,0.344676787660063,27.16000000000031,-9.51457142857154,13.826086956521738,5601.97,11382.09,3809.1223076923075,1664.0840995181795,0.31045855707927067,0.723712111634895,0.276287888365105,-104.0150000000001,-512.1137142857143,0.43686811950292476,12173.139171779145,-1667.35,22107.150000000005,0,0,0.003067484662576687,57.989141104294475,27.24233983286908,8,326,11.966666666666667,24,302,0.2924190020760548,0.05554254012354024,0.06786368044102098,0.02750023566619729,0.4433254583068133,0.7889721686541044,57.989141104294475,0.39263803680981596,0.23637284502648395,51.97384951474382,0,0.3073313664088088,70.61932452195946
b2c39b8d-05c7-432a-8ce4-766eb81bcdd5,675.8758333333334,191.3863150070289,0.28316786245061615,-46.05000000000001,-19.23057142857143,14.16,387.87,1136.65,1033.726153846154,276.51282455305346,0.2023478915707478,1.656916766023345,-0.656916766023345,221.67500000000018,87.45742857142861,0.2674913694736662,-2628.6167062314544,-5338.620000000002,-113.08999999999997,92,169,1.0,-15.80988130563798,28.005540166204987,6,337,12.033333333333333,26,311,0.28326208832736777,0.05448485976837462,0.574395444922699,0.2408455201954008,1.1529879132138423,1.0586056028940152,15.809881305637983,0.4362017804154303,0.2629040275508169,19.878466096074387,0,0.6352579149521523,33.324583959703865
b2c6b425-293e-4735-ad91-a9cd5821705d,6757.201818181818,2357.0925889867717,0.34882672627069794,-331.4100000000003,-66.57142857142863,14.458333333333334,5238.95,11698.14,3273.2507692307695,1185.5878298792093,0.22631089394546852,0.5724836073888573,0.42751639261114266,-1079.0400000000002,-106.37942857142849,0.36220501069578254,15748.811209439526,-3030.54,32514.49,0,0,0.008849557522123894,93.73734513274337,28.328690807799443,7,339,11.966666666666667,25,314,0.2446311154617256,0.05144154613757552,0.06269028519336003,0.024441666413289417,0.38320461320595056,0.9630643308898864,93.73734513274336,0.17994100294985252,0.28272552386171734,59.39175370240911,0,0.18770532544538995,84.76803231846837
b2c82b75-4482-40a3-9890-e411f7049c75,1446.27,512.5498376418303,0.3543942954232822,19.964999999999918,2.2248571428571657,13.826086956521738,1181.74,2478.71,1341.6741666666667,365.09639472979865,0.2016591211601923,1.1132146832887357,-0.11321468328873568,89.03999999999996,-14.74428571428572,0.27212001527678314,-74.36527439024364,-1637.3899999999996,1258.77,74,126,0.6036585365853658,-4.992042682926827,27.56302521008403,8,328,11.9,24,304,0.2696177062374245,0.05603241441777814,0.3404862162666722,0.14431261106155835,0.8104489479834331,1.3023455663958232,4.9920426829268285,0.9146341463414634,0.2982033019691195,39.39718350021645,1,0.6530968943296769,29.703535424901407
b2d573aa-03dc-4bc3-acbd-21f0012278fd,7424.375,2717.2557869956063,0.365991182691554,124.44999999999982,29.469428571428477,13.826086956521738,6028.88,12605.8,4541.525833333334,1636.070763920005,0.3068840116326543,0.7340457614277297,0.26595423857227035,-780.2849999999999,-124.09514285714299,0.36024693549286313,12996.245136778116,522.7199999999989,23466.75000000001,0,0,0.0,60.01653495440729,27.493036211699163,6,329,11.966666666666667,24,305,0.31410967253135785,0.054379392204731036,0.06557777590706289,0.02512884922973314,0.45919568987288495,1.0159453048249585,60.01653495440728,0.4012158054711246,0.30462926281567265,52.45349535228693,0,0.28514049458029855,72.73563743353814
b3013451-ffff-495d-b4f1-e0db3b97166e,1900.4829999999997,650.1415257900903,0.34209278682844857,19.69500000000005,-0.8957142857142246,13.826086956521738,1573.9099999999999,3179.87,1530.8446153846153,546.9616767442882,0.22859175779283225,1.0471538024807376,-0.047153802480737673,-70.21000000000004,-31.332571428571406,0.35729405273889764,551.9725913621262,-969.96,1551.1700000000005,13,13,0.17275747508305647,-2.977242524916944,25.013850415512465,6,301,12.033333333333333,24,277,0.3062253121969519,0.05461664219043264,0.24893829621206817,0.08699946276814892,0.6967797133676016,0.9574544670029596,2.9772425249169463,1.0,0.3089827737126513,40.705183241139075,0,0.6243921107362994,35.43940727642305
b3094fcc-39d0-4200-b655-e8ac19c75aac,9281.172999999999,3193.3304145499883,0.34406539071623693,4.5900000000001455,20.115428571428804,13.826086956521738,7551.74,15338.68,4679.493076923078,2438.2134421176247,0.20924242122872938,0.6554495859521204,0.34455041404787956,-2818.6000000000004,-423.0628571428571,0.5210422159061792,18851.389121212127,-2575.84,35241.930000000015,0,0,0.0030303030303030303,96.904,27.5,6,330,12.0,24,306,0.3330406619939096,0.056690032606869833,0.051409988802061976,0.01898262213192233,0.46012330553476366,0.6603407175325514,96.90399999999998,0.20909090909090908,0.3366748633686653,53.039210522304494,0,0.17089823385009373,82.14141298142943
b30e7deb-396f-4dbb-a67c-20104592947f,2768.784,977.395846502327,0.3530054516720434,-28.730000000000018,-15.39057142857147,13.826086956521738,2246.18,4625.35,1847.020769230769,696.4275222694456,0.22785092167136514,0.867213549341516,0.132786450658484,115.19500000000005,-135.1254285714286,0.3770545160461231,3163.202291666666,-1383.44,5934.029999999999,0,0,0.008928571428571428,10.942172619047616,28.235294117647058,9,336,11.9,24,312,0.29979370005027484,0.05400204566336702,0.1791544591416304,0.06247363463527671,0.5954238394905489,0.9362186014206553,10.942172619047623,0.8154761904761905,0.26175749970742906,47.1802041552556,0,0.36052758993335166,64.86228991507096
b30fa6cb-82e4-4948-9aff-6f74636a2bfe,3345.7050000000004,1178.0665730221797,0.35211310412070984,-45.554999999999836,-8.466285714285602,13.826086956521738,2692.36,5591.85,2285.1208333333334,855.8311856526415,0.2140397389634757,0.8196015488514378,0.18039845114856226,-591.0500000000002,-18.829428571428537,0.37452338325769413,4412.245117845117,-189.51999999999995,8268.589999999997,0,0,0.003367003367003367,20.321885521885516,25.098591549295772,10,297,11.833333333333334,24,273,0.31906459176765434,0.05506044316519238,0.1350645080782675,0.05418738352604309,0.5633769265371574,0.9401632043851192,20.321885521885516,0.7542087542087542,0.29745290639262334,49.16207725716731,0,0.3329408081581119,67.18964024085886
b3103ae9-29a7-4760-ad0d-9562a10eee4a,2112.455833333333,555.383823911787,0.2629090820021659,438.69000000000005,30.881142857142862,14.565217391304348,1320.48,3144.6499999999996,1708.8141666666668,489.6646058729351,0.18710831146550458,0.808923026793065,0.19107697320693492,-465.5200000000001,-80.41828571428572,0.286552286038282,1287.3593377483442,-1876.9900000000002,5075.629999999999,0,0,0.24503311258278146,16.038741721854308,25.23676880222841,6,302,11.966666666666667,24,278,0.24724777283312038,0.051051560446825905,0.20100656936811695,0.07884622439837992,0.5781521270464431,0.9174907854933062,16.0387417218543,0.6688741721854304,0.2143923393269309,54.02476074744678,0,0.41464858180149555,60.461298906063526
b320fca9-b61b-4f44-9452-e9ccbe942902,1614.9181818181817,639.5413199288718,0.3960208802707477,-82.29499999999996,-15.488857142857134,13.037037037037036,1027.82,3442.29,1592.542307692308,569.367080232572,0.17914799993237712,1.1654432253815281,-0.16544322538152817,157.68999999999994,-102.31342857142857,0.35752085045553356,-1849.2548780487798,-3923.819999999999,-16.95999999999958,88,171,1.0,-8.96021341463415,27.333333333333332,7,328,12.0,28,300,0.3430762042546484,0.056904093086618514,0.27486447385457186,0.11926807437472203,0.7941128455705607,1.107686110519595,8.960213414634149,0.9390243902439024,0.2818874513658615,34.351227567505774,1,0.7563777424536826,21.756682733824046
b33474a0-9994-44c4-9cda-c9f868f1f8ca,2124.966,748.1172954260285,0.35206083082083595,-26.16999999999996,-4.067428571428575,13.826086956521738,1719.95,3555.33,1672.8469230769228,468.0260840199795,0.2671268372065861,1.0234050803636388,-0.02340508036363869,-307.87000000000023,-162.71971428571425,0.2797781898412579,782.7278947368421,-1011.42,1833.8799999999999,7,7,0.0756578947368421,-1.6360197368421059,25.333333333333332,6,304,12.0,24,280,0.2855819810764031,0.05445122416076303,0.24813526428187557,0.09597800623633507,0.6841464757553768,1.258356954202149,1.6360197368421072,1.0,0.3096770544548423,42.90640806400422,0,0.5858002897488729,37.91961809123087
b40c40c9-07dd-40bf-ac2a-a10de8f21f3f,10459.302000000001,3700.380073538392,0.35378843383032554,152.41499999999996,-27.784857142857124,13.826086956521738,8459.52,17493.73,5857.3523076923075,2597.678401913761,0.2812643885567619,0.7280177969810987,0.27198220301890125,-471.155,-1207.923714285714,0.44349020947609685,17386.226613418545,-3049.85,32940.81000000003,0,0,0.003194888178913738,90.88638977635784,26.676136363636367,14,313,11.733333333333333,24,289,0.3499105389633074,0.05509583717919225,0.0443813554671239,0.018189359098723795,0.4675770907083474,0.797736739776651,90.88638977635783,0.3514376996805112,0.31778443344971563,51.39583091632435,0,0.3202400946636975,68.51484780017398
b43de938-5063-46ef-94e7-975e320d6ca7,2368.153,869.1852688204308,0.36703087546304264,25.995000000000005,20.289142857142835,13.826086956521738,1893.96,4080.29,1844.3161538461538,708.7987324285418,0.24448461405957847,1.0124392300666385,-0.012439230066638505,-537.2299999999999,-221.5885714285713,0.3843152004879459,767.8921221864947,-619.44,2027.1099999999997,3,3,0.05466237942122187,-0.9472025723472703,26.06145251396648,9,311,11.933333333333334,24,287,0.31388512482090486,0.05407885385783774,0.2012636007893071,0.07699080253682934,0.646218382004879,0.9550256534142855,0.9472025723472673,1.0,0.25491416247256127,40.80520052368426,0,0.578821651399763,43.51481197690706
b46b6e7b-f217-49a8-b9c3-afa67359be12,2220.1333333333337,692.7112183473301,0.3120133407966474,165.40499999999997,-180.558,12.464285714285714,1285.35,3521.85,1967.940769230769,618.9489228584958,0.2468976747658524,0.9602737823554142,0.03972621764458587,-33.49500000000012,-165.7705714285715,0.3145160324619075,162.49768750000004,-2249.62,1543.9699999999998,22,38,0.3625,3.307406249999997,26.81564245810056,8,320,11.933333333333334,29,291,0.3350519488319019,0.0535553420215002,0.17310296678878145,0.0774656927511861,0.6391759503933698,0.9920427214928599,3.3074062499999988,0.9625,0.25848690724353407,45.93832783264587,1,0.6937020287563496,30.874318785845986
b4a415ca-47b4-4f0a-9889-f3ee00fb965f,4837.1163636363635,1612.6920561364018,0.3333994749971324,870.1500000000001,261.12657142857154,14.458333333333334,3878.8599999999997,7978.59,3197.2700000000004,1292.1137834712406,0.2592297491297263,0.7210764941095634,0.27892350589043663,-704.07,-304.49171428571424,0.404130331023417,6290.932059701493,29.85000000000059,15111.210000000003,0,0,0.0,44.3016119402985,28.07262569832402,7,335,11.933333333333334,25,310,0.2838302610044903,0.04955694865535966,0.09531787157938577,0.038056670879043644,0.46676175211827936,0.8249800853918432,44.301611940298514,0.3880597014925373,0.3279130841832772,53.07234936523515,0,0.2802329763699108,77.87213006358814
b4df4680-4497-4f33-8dc0-5ef24cbd81b0,493.1816666666667,64.34538308412209,0.13046994126732628,-55.715,-5.579428571428572,7.0,431.22,601.9200000000001,934.3346153846152,331.1318651387334,0.17520325035916143,2.0523792787647555,-1.0523792787647552,110.88500000000005,53.180285714285766,0.3544039358987297,-3072.2703773584904,-6324.239999999999,-155.89,81,163,1.0,-19.585440251572326,26.426592797783933,6,318,12.033333333333333,52,266,0.316090419689837,0.05318020066980051,0.8273776735415279,0.31321284584112,1.5098611397422854,0.3681390866511365,19.585440251572326,0.48427672955974843,0.2855878514944819,6.90265189341541,0,0.6160436451011014,38.68359436058201
b5076844-7aa5-498d-8aa2-e61bf46eb842,5652.049166666667,1717.2594068322314,0.30382952380525674,45.98000000000002,-293.10085714285725,9.942857142857143,2717.95,8352.64,3477.2138461538457,1625.768119046801,0.29912520590092245,0.6664806967502495,0.33351930324975054,-2027.6399999999999,-294.3785714285713,0.4675490754890059,9432.493535353535,-3210.12,22888.399999999994,0,0,0.12457912457912458,76.16434343434342,24.818941504178273,8,297,11.966666666666667,36,261,0.283978421395544,0.051353203904365666,0.06783085603613676,0.022892287295802304,0.42605476863184877,0.6498345087892299,76.16434343434344,0.3063973063973064,0.2573402047350908,54.8749049060522,0,0.3022704368416918,68.4933577934932
b542b1cc-a6f4-4e83-a6e9-b8a7252d1577,1430.7833333333335,180.81466746283877,0.12637459722262076,-150.28499999999997,-18.030000000000005,7.0,1257.89,1692.1200000000001,1402.9776923076922,491.4755103962259,0.23102401430802946,1.0622799864875883,-0.06227998648758824,-452.51,-52.101142857142854,0.3503088560074116,-927.0941141141137,-1674.5999999999988,331.57000000000005,80,165,0.9519519519519519,-3.21114114114114,27.75,6,333,12.0,52,281,0.28788425920533034,0.05048866005801018,0.2556192994513495,0.11999487460249048,0.7139870933171804,0.3607519337733986,3.211141141141139,1.0,0.22807479257030788,46.71138550366961,0,0.6005080732090453,36.28820926997922
b54b914f-cb52-4d8f-b8a9-3dc7127fc85b,2109.979,745.2375699578402,0.3531966763450443,-8.80499999999995,-15.203714285714282,13.826086956521738,1714.1,3544.75,1781.91,619.9343181044557,0.20606774004672887,1.0134186169625385,-0.013418616962538538,-749.965,-189.03314285714282,0.34790439365874576,762.1784984984984,-508.90000000000015,1860.3899999999999,4,4,0.06006006006006006,-0.8502402402402393,27.827298050139277,6,333,11.966666666666667,24,309,0.33117486003415186,0.05481002417559605,0.22033821189689565,0.07793158130957702,0.6842546774162206,1.0152118880438448,0.8502402402402409,1.0,0.2558289513312494,41.90926715797222,0,0.5673241263427375,39.67089035776981
b5752213-27e7-4809-84d6-10601d7195d7,1674.1650000000002,604.7173193457144,0.3612053288330089,32.235000000000014,10.86685714285714,13.826086956521738,1357.31,2856.94,1555.0608333333332,393.5932964243059,0.2401208312858072,1.1146290837521986,-0.11462908375219852,20.434999999999945,-96.01142857142857,0.25310475833966145,-4.585964912280689,-1919.0800000000004,1378.75,57,84,0.5087719298245614,-6.733614035087724,23.88268156424581,7,285,11.933333333333334,24,261,0.3018698873766922,0.05353594179785147,0.2784791224281955,0.11960230921086032,0.7534872608135995,1.427098135975297,6.733614035087722,0.9508771929824561,0.31115181453244334,39.51658161812857,0,0.6147919985296623,35.362196988229826
b5a382ee-0a0c-449d-960c-5a4d15dd17c0,2429.686,838.8244098498802,0.3452398416296921,-39.65000000000009,-7.806571428571435,13.826086956521738,1978.8000000000002,4022.3199999999997,1761.6191666666664,548.4355762689217,0.2171487121459755,0.8700478168783949,0.12995218312160503,-129.97500000000014,-70.3168571428572,0.3113247100431309,2731.3644876325097,-89.46000000000035,5486.450000000003,0,0,0.007067137809187279,11.156996466431096,23.71508379888268,7,283,11.933333333333334,24,259,0.26991142065270984,0.055854954096949155,0.20328923161264462,0.07763801577652421,0.6066936221388278,1.1089381295235532,11.156996466431094,0.9187279151943463,0.27492368526492905,48.61439787511082,0,0.368895333500586,62.49495612683243
b683c878-71b1-47a7-8289-9475c47288fd,2435.3975,454.8583174836873,0.18676964129415724,-150.82999999999993,-121.34828571428571,11.258064516129032,1873.0,3192.2,1967.9292307692308,866.0340436770904,0.22592080390633182,0.8753902939184809,0.12460970608151915,-415.9100000000001,-201.90171428571435,0.4400737740648184,1093.0844372990355,-1845.6799999999996,4146.6900000000005,0,0,0.2861736334405145,11.709614147909967,26.06145251396648,8,311,11.933333333333334,32,279,0.3285336377326494,0.05514055371522172,0.15513757678845722,0.06137259591777798,0.6001843641541063,0.4244052981595035,11.709614147909967,0.9035369774919614,0.24624791072849705,50.57982352313968,0,0.4166625344136405,58.120993448401876
b6867242-61fe-429c-8fb0-acf5ba9c3727,2539.745,891.7550651165997,0.3511199215340909,15.38000000000011,1.1871428571428624,13.826086956521738,2074.58,4242.23,1902.736666666667,492.8181250048879,0.23912356062583542,0.8990209647031494,0.10097903529685055,-254.7349999999999,9.305142857142917,0.2590049025902452,2353.081812499999,-306.2199999999999,4729.3899999999985,0,0,0.003125,8.014406249999997,26.89075630252101,8,320,11.9,24,296,0.26174438772396447,0.055378394287615484,0.1871935962074933,0.0825177330795021,0.5868341112985753,1.3556497117337383,8.014406249999999,0.9125,0.31539265373908804,48.32546571404639,0,0.40909244673210327,62.92170648703163
b68a9aa0-bd0a-4963-9ad6-bc1c21830b17,1761.0310000000002,638.1676507426903,0.36238297380494167,6.829999999999927,0.26171428571428806,13.826086956521738,1418.14,2979.58,1602.5641666666668,424.49948487940327,0.23681787052728515,1.0920176873660943,-0.09201768736609424,153.56499999999994,-85.11485714285716,0.2648876679692409,196.78550955413948,-1620.460000000001,1508.35,45,53,0.3184713375796178,-5.160700636942675,26.312849162011172,7,314,11.933333333333334,24,290,0.3224815463214447,0.05536983732824692,0.267932251050663,0.07796398814103785,0.7237476228413925,1.3680628342691366,5.160700636942675,0.9936305732484076,0.2108865115645395,40.15004993182316,0,0.6426654352162557,39.5316065883527
b6b37f98-2ded-46f4-b5be-9a6296dacc22,4234.907,1498.895074365336,0.35393813237583166,1.8150000000000546,3.8874285714286216,13.826086956521738,3429.7799999999997,7155.87,2335.8191666666667,945.3037818169482,0.21039977766543713,0.6618759278539056,0.3381240721460944,-118.85000000000002,-208.3160000000001,0.40469904319089267,8916.041867469881,815.5300000000001,16317.84000000001,0,0,0.0,43.130240963855414,27.74373259052925,6,332,11.966666666666667,24,308,0.248426706891084,0.0526342136911153,0.11977429492548479,0.04023370525019793,0.4610689207578821,0.8745712112022029,43.13024096385543,0.3132530120481928,0.22620329841458192,54.81283805075097,0,0.28675707735223915,77.127975379679
b6d6f085-5a10-4e2f-8d39-505af9369fd8,2332.6641666666665,475.86786172898366,0.2040018741356112,-247.9849999999999,66.49142857142854,11.366666666666667,1032.59,2785.59,2049.2723076923075,610.981620565816,0.26141887514292134,0.9517207970714457,0.04827920292855429,-482.7299999999999,-98.62200000000001,0.2981456482246835,-13.187066246056053,-2014.05,2089.92,35,84,0.5141955835962145,4.263186119873818,26.416666666666668,7,317,12.0,31,286,0.3389429182726332,0.05403728283504162,0.17540137403691128,0.0660360810618188,0.634417656206405,0.68423562560898,4.263186119873819,1.0,0.24445112599068938,49.84819892858017,0,0.5248775213528714,47.784978643603466
b76261b4-f575-4d4a-b183-bcc110e55400,2264.2483333333334,415.9163470706652,0.18368848546677308,-226.7449999999999,-44.84342857142854,12.607142857142858,1564.95,2736.96,2047.9058333333335,621.7410312319947,0.19388953023963099,0.9044528390216326,0.09554716097836738,-37.53999999999985,28.255428571428546,0.3035984473075111,586.2595918367343,-1256.97,2891.659999999999,0,23,0.30903790087463556,7.568833819241979,28.743016759776534,7,343,11.933333333333334,29,314,0.30857922680742467,0.050592580760797,0.1627217715371326,0.07157415742825618,0.5934677365336104,0.6050376314366235,7.568833819241976,0.9475218658892128,0.2550060285161223,52.239262928981276,0,0.44188106428082774,54.555491609341146
b7d905aa-ac10-4ac5-a0b4-2f8277077eef,9290.053,3181.5456896261744,0.34246798049765426,20.595000000000255,90.74942857142854,13.826086956521738,7505.25,15691.210000000001,5178.045000000001,1773.6034664772167,0.35015676766038145,0.6688502207683853,0.3311497792316147,-274.19499999999994,-577.6777142857143,0.3425237645631153,19011.315647482006,2584.4300000000007,35515.94999999998,0,0,0.0,110.66183453237409,23.29608938547486,7,278,11.933333333333334,24,254,0.25752705608891574,0.05488956844487325,0.05412703242920143,0.017626917736637243,0.38417057469962773,0.9998371381164394,110.66183453237407,0.3381294964028777,0.25517416965926965,56.12147646307265,0,0.256808589839791,75.17168982883793
b80069aa-b95e-46f5-94c3-696dd48ee1f0,1156.4640000000002,409.58718470078026,0.35417201460726855,-16.444999999999993,-3.2054285714285764,13.826086956521738,938.77,1951.6399999999999,1257.7761538461539,418.1403434760962,0.18803455916394568,1.4138866406563455,-0.41388664065634545,-346.275,-85.42142857142859,0.3324441652017847,-1767.7393630573247,-4786.449999999999,786.1800000000001,72,156,0.9044585987261147,-15.243471337579617,26.386554621848738,9,314,11.9,24,290,0.288849458348898,0.05442798046458862,0.4179559415597892,0.15849088255233193,0.9197242629256076,1.0653578906770573,15.243471337579617,0.6847133757961783,0.29640103503803117,26.17049063149243,1,0.7400619850690083,24.049470270927806
b819087f-cb85-4f8f-a0d9-b009e0cc687c,7151.077,2602.2669926476287,0.36389861172626564,49.085000000000036,47.90428571428573,13.826086956521738,5727.29,12185.84,3543.656923076923,1338.2923780722995,0.21235038814748955,0.6442042226646418,0.35579577733535817,-166.23000000000013,-416.4602857142857,0.377658562079501,14660.390529801316,-3597.62,27982.75999999998,0,0,0.009933774834437087,84.24910596026491,25.166666666666668,6,302,12.0,24,278,0.3018527139338592,0.05674627751875696,0.07201796316834512,0.02111024675024475,0.45172720137120603,0.9635651042108805,84.24910596026491,0.20198675496688742,0.2962569739994799,55.76170150003633,0,0.3676022187293355,66.56549335646729
b97d43a5-9237-4d48-bb92-be6e25bb4281,1158.932,402.35247313767064,0.3471752209255337,0.1099999999999568,1.2708571428571498,13.826086956521738,952.33,1930.3999999999999,1328.0883333333334,364.8204738531326,0.19002187354505787,1.3751505696624133,-0.37515056966241334,-400.88499999999993,-124.81828571428566,0.2746959405459722,-1535.0116040955645,-4347.740000000003,967.55,63,138,0.8839590443686007,-14.838703071672354,24.48467966573816,6,293,11.966666666666667,24,269,0.2960104648072536,0.05351651347965196,0.45067009971249383,0.1804152443801707,0.9806123223795701,1.263852753832129,14.838703071672358,0.7030716723549488,0.2919534719703635,29.084801774818015,1,0.7344839012181282,22.407664682751374
b9ac89b4-1879-46a5-adf6-32531818e85e,1777.9219999999998,607.9167392515378,0.34192542712871427,10.684999999999945,-8.814571428571455,13.826086956521738,1445.09,2949.9,1442.4025,423.2416585683966,0.19920006147151487,0.9735427088477445,0.02645729115225544,-247.695,17.22628571428569,0.2934282619230046,983.9536012861738,-653.7300000000002,2221.1500000000005,0,0,0.05144694533762058,1.5125080385852083,25.988857938718663,6,311,11.966666666666667,24,287,0.2781584343970095,0.0541576064641756,0.2569882143311124,0.08685982849641323,0.6761640836887106,1.1652777577997422,1.5125080385852068,1.0,0.2675865439778426,44.9319635937687,0,0.4193217189405551,59.76692133413772
bae331c8-1980-415c-b944-e3670adc1a0e,1994.9845454545457,785.898185624113,0.3939369793188301,-16.800000000000068,156.8208571428572,15.043478260869565,1404.99,4214.09,1818.4883333333335,465.16921020661124,0.18181722364638034,0.9943964022505528,0.005603597749447189,-274.14499999999987,12.0031428571429,0.2557999420067462,-503.31394904458574,-2042.24,1958.92,30,100,0.732484076433121,0.3916242038216565,26.239554317548745,6,314,11.966666666666667,24,290,0.34172786938882643,0.05674639539244549,0.2357215799803416,0.0965635186055212,0.7307593633671347,1.54001981481466,0.39162420382165725,1.0,0.28483639799723764,43.29003569027806,1,0.6394291301285107,31.676442444867266
bb756e02-5d5c-40ad-8fe8-9eb0ed6de358,2484.2916666666665,320.2655433410143,0.12891624105100957,60.99000000000001,101.5065714285714,13.958333333333334,2012.39,3050.1,2097.424615384615,629.1526237675479,0.27639647450426386,0.9146309310165539,0.0853690689834461,-311.6450000000001,-155.80942857142853,0.29996435588326353,38.42941935483912,-2620.2099999999996,3866.9100000000008,10,46,0.532258064516129,8.209612903225803,26.050420168067227,9,310,11.9,25,285,0.3175070023313151,0.055130067255924724,0.15818828304513358,0.05891987991211445,0.589745232544488,0.4297718662986066,8.209612903225809,0.9612903225806452,0.3145417897113383,53.54798841014228,0,0.4228416694934887,57.66828070843418
bb8115b7-75e6-410a-91a1-f9d6090629c4,5283.354,1860.6253161546406,0.3521674519925488,31.22499999999991,-7.285714285714364,13.826086956521738,4324.04,8812.69,3066.8925,1071.4980752124993,0.25461630407108604,0.6965785370429466,0.30342146295705347,-638.8549999999999,-301.03771428571423,0.349375817774017,10439.788902077149,1162.8299999999997,18958.74,0,0,0.0,47.56922848664688,28.161559888579387,6,337,11.966666666666667,24,313,0.27113685738263993,0.05480041655357563,0.09894510191821332,0.03209135711898162,0.4569737329734105,1.0079903475756227,47.56922848664688,0.33827893175074186,0.3465538271502289,54.58431860302534,0,0.23213095994787133,79.2747544935485
bb9591c2-e45b-484e-9407-157ffc1a9650,928.1869999999999,328.96968776435585,0.35442177897811095,-12.245000000000005,-10.236285714285726,13.826086956521738,746.05,1562.54,1033.2607692307693,327.60468551954347,0.15127389839038324,1.4471642029030787,-0.4471642029030786,291.44,58.8322857142857,0.31705905737951806,-1318.6360066006607,-4150.5199999999995,581.5,77,151,0.8976897689768977,-13.69808580858086,25.391061452513966,8,303,11.933333333333334,24,279,0.30561514005259705,0.053499995151839015,0.5606197889002971,0.2075012901495065,1.1272362142542396,1.1178415210951376,13.69808580858086,0.5181518151815182,0.24223909520197082,25.139597366943168,1,0.6239679571699762,30.327289555861494
bbd1f183-35ad-4d33-a327-4586216de80e,3442.0560000000005,1167.8503567114715,0.33928859864902583,25.300000000000182,-2.328285714285656,13.826086956521738,2855.65,5797.33,2142.578461538462,647.0824474882902,0.22475328073435605,0.8092117037026707,0.1907882962973293,-572.145,-173.5425714285715,0.3020110857567651,4336.650000000003,-945.56,8747.620000000006,0,0,0.013745704467353952,22.56714776632303,24.25,6,291,12.0,24,267,0.3296494885614876,0.05485791050465188,0.13919936224163698,0.04540048157264147,0.5691072428804179,1.1234309422743622,22.56714776632303,0.6426116838487973,0.3026744914107804,51.4126521772871,0,0.1616095175488123,85.98370965001989
bbf55df7-b3bd-4f21-867c-f50b4965dc4d,1996.1883333333333,557.2764095431758,0.27917025675258217,270.405,-121.85428571428575,9.555555555555555,1108.28,3242.4700000000003,1789.3116666666665,518.3938325396546,0.19693792864481408,0.896364154016864,0.10363584598313606,-179.95000000000005,-119.51571428571434,0.2897169018661671,543.5918803418805,-2012.72,2998.020000000001,0,12,0.4131054131054131,7.072706552706549,29.41340782122905,7,351,11.933333333333334,37,314,0.2951925878737227,0.05464831725129475,0.20510589765661724,0.0722026061335228,0.6271494089151575,0.9635967213315815,7.072706552706549,0.9430199430199431,0.2652831116621196,49.975988099424626,0,0.47221257176052756,54.39559077578073
bc829331-d9ab-4092-9c14-8a8cdc39aed8,2680.193333333333,315.0470305824003,0.11754638244345568,-331.2800000000002,-18.981999999999996,7.0,2410.77,3171.2599999999998,2202.5775,700.9923778229755,0.29537401824302056,0.8217979921846434,0.17820200781535658,-441.615,-104.79685714285718,0.3182600284543793,2250.5379754601217,-1461.9400000000003,5731.389999999999,0,0,0.11042944785276074,17.580950920245396,27.24233983286908,6,326,11.966666666666667,52,274,0.25754112265533086,0.051925669541252,0.1518118095958252,0.058808257613256754,0.5200868594056648,0.36934070236314726,17.5809509202454,0.8619631901840491,0.27609811686535435,57.236488270223006,0,0.39289380535265445,63.78368967810663
bc930e59-fc5c-4c13-808f-ab6d9eab4064,1063.2630000000001,386.31574107342703,0.36333037176449007,-0.5400000000000205,-1.5062857142857313,13.826086956521738,867.5799999999999,1800.0,1117.2069230769232,372.59726292572736,0.17317017920376987,1.3659546132988736,-0.3659546132988735,285.55500000000006,43.29742857142856,0.3335078356832496,-1001.4034615384616,-3891.0599999999995,803.1500000000001,82,159,0.8846153846153846,-12.471346153846156,26.145251396648042,9,312,11.933333333333334,24,288,0.2812587290256503,0.05382769832111152,0.4704424023030991,0.17933192446271526,0.9848607541125761,1.089420795826712,12.471346153846156,0.5769230769230769,0.2329683434444002,27.791747601445365,1,0.675987390544312,28.111144775785213
bcd11bcc-b08c-48ba-ad0a-365a36e136e7,1559.4050000000002,539.7275455933503,0.34611120625709824,21.9849999999999,-4.300571428571441,13.826086956521738,1264.63,2583.39,1266.6623076923076,323.5301953490031,0.18589436441380466,1.0559546750202802,-0.05595467502028026,-255.10500000000002,-95.4617142857143,0.2554194542493592,580.4490034364267,-872.559999999999,1559.4200000000005,14,14,0.0859106529209622,-2.9984879725085927,24.385474860335194,9,291,11.933333333333334,24,267,0.2561053735238761,0.054722153641933946,0.32091727293422817,0.11054600953568829,0.7422908096357265,1.3550698684024245,2.998487972508593,1.0,0.34788520527297356,42.27008772648866,0,0.5549784267213607,45.05898487761423
bcfc296e-1067-4594-8be4-390ab1d94a04,4019.2799999999993,1975.152070265155,0.49141937617313436,996.93,-510.4385714285715,11.655172413793103,1075.49,9388.2,3063.6800000000003,1317.5475983673743,0.22892811912471275,0.7622459744033758,0.2377540255966242,-15.610000000000014,-167.25628571428575,0.4300539215477381,3727.3864495114003,-4458.96,11700.129999999996,0,0,0.16286644951140064,37.352442996742674,25.65459610027855,6,307,11.966666666666667,30,277,0.3379933719472144,0.05452427632146387,0.09497575851064534,0.0381871877550208,0.5256805945343445,1.1426924661087747,37.35244299674267,0.44625407166123776,0.2903621352969848,46.16650130771618,0,0.39287796468199054,60.04859492946407
bd5fba84-8c2a-47b8-a5b2-055bde9f6450,3957.4336363636367,954.1599869966537,0.24110574545816058,-1065.465,-45.780285714285675,13.73076923076923,2518.24,5648.23,2653.8046153846158,1114.0116082550142,0.2288148857982125,0.7925122272767681,0.20748777272323188,-410.115,-142.3114285714286,0.41977906052196706,3219.509647887325,-1303.07,9396.780000000002,0,0,0.1443661971830986,31.80390845070423,23.601108033240997,6,284,12.033333333333333,27,257,0.3352834033626476,0.05662737811947458,0.11774549943638864,0.03702376448281335,0.5466800454013242,0.5743634405164512,31.80390845070423,0.602112676056338,0.26594909021764396,52.67075733474511,0,0.2345575223234179,78.76255672339454
bda94cbf-5ef9-4350-92c0-0e5e1454858a,1501.142,538.6188001587434,0.3588060291156622,33.094999999999914,-7.565428571428564,13.826086956521738,1205.8200000000002,2546.15,1224.66,338.893882383065,0.20561499643857198,1.0605645568507176,-0.06056455685071752,53.079999999999984,-13.92228571428571,0.27672487252222244,508.37593650793656,-909.1600000000002,1362.88,13,13,0.08253968253968254,-2.886222222222223,26.25,6,315,12.0,24,291,0.2611931449523096,0.054072832550151814,0.308301279958858,0.11664719260403081,0.7402144500653502,1.2966164763048114,2.8862222222222225,1.0,0.25182625256115043,41.278739402056985,0,0.5948577578190988,40.4169718142173
bda9b752-ccca-4641-b6fe-061a7335b996,3465.257,1201.9881516059593,0.34686840012326914,-54.809999999999945,-18.644285714285758,13.826086956521738,2780.54,5773.65,2558.69,1010.5493103708046,0.2494394918232898,0.886060687562279,0.1139393124377211,-1114.8450000000003,-206.52085714285712,0.3949479266229221,3211.174144144145,-588.2599999999993,6578.039999999999,0,0,0.02702702702702703,11.856726726726732,28.06179775280899,9,333,11.866666666666667,24,309,0.34126992601125977,0.055666001107565755,0.13768848890572907,0.05220363164983145,0.586828047674386,0.8782636310797574,11.856726726726729,0.8618618618618619,0.20036685439293805,46.25256196135232,0,0.4161409913787356,58.644807724137124
bdc12a29-482f-4e58-9931-e329466f4f20,1429.1316666666664,253.52090241359997,0.17739506325887866,84.46500000000003,-4.309714285714283,10.6875,1078.62,1875.0900000000001,1373.3999999999999,445.0021343207243,0.14743589743589747,1.041086720491114,-0.04108672049111401,-457.3199999999999,-99.2705714285714,0.32401495144948617,-1210.7133544303802,-2320.82,-69.3400000000006,92,167,1.0,-2.229810126582281,26.26038781163435,6,316,12.033333333333333,33,283,0.3419419017841837,0.05462699378060572,0.3007560535010187,0.11212286248409585,0.809447811549904,0.547490362606105,2.2298101265822794,1.0,0.18945570229973904,46.55438025359936,0,0.5584346777032199,44.55628189041348
bddd626c-b2a2-4bad-90cc-6d777839a7b1,1616.1666666666667,478.3288574027731,0.295965055627167,-655.05,-91.06942857142856,10.606060606060606,910.6600000000001,2718.46,1580.2516666666668,452.58731719733237,0.23922560857922423,0.9777776631948025,0.02222233680519746,-13.254999999999882,-12.048857142857157,0.2864020502202702,-381.8682593856647,-1756.0499999999993,1092.400000000001,21,100,0.6860068259385665,1.4709215017064883,24.48467966573816,6,293,11.966666666666667,34,259,0.2980200061874806,0.05079354439517376,0.24555171702588427,0.0915386201918119,0.6859038878003505,1.0333901429809667,1.4709215017064878,1.0,0.2519503749930127,46.281900798987486,0,0.6579987647489355,32.12526906504986
bdfd03d1-4835-4f56-910f-56ae6ce2066a,4056.0350000000003,788.5292310890055,0.19440888234174641,-209.23500000000013,-109.05971428571434,13.208333333333334,2560.9799999999996,5374.469999999999,3076.4953846153844,1302.2140227743887,0.2969922819271879,0.8217064201862164,0.17829357981378358,-311.0200000000001,-419.4979999999999,0.423278393098317,2347.519163763066,-5119.029999999999,9378.240000000002,0,10,0.13937282229965156,30.236864111498257,24.050279329608937,9,287,11.933333333333334,25,262,0.32594886385349237,0.05314981256325451,0.10047558761203983,0.04409560897115862,0.5236698729999454,0.45929318744269115,30.236864111498267,0.7282229965156795,0.21723819610925912,52.8339088603326,0,0.452424057515113,57.854097828658084
be093b7b-d5d6-48ee-9f43-f4c04f27a93d,2930.7650000000003,1041.6125770943393,0.35540637925399654,-45.94999999999982,-13.118000000000016,13.826086956521738,2350.34,5017.32,1705.562307692308,627.37013555468,0.2029332983347247,0.7565366039242314,0.2434633960757686,-186.61500000000012,7.006285714285676,0.36783771119070763,4781.981114754096,-1342.04,9022.929999999993,0,0,0.009836065573770493,23.394557377049182,25.558659217877093,9,305,11.933333333333334,24,281,0.2747487430756134,0.054429816106033736,0.15841631792381852,0.049858313443759565,0.5374531905492252,0.9662043027168957,23.394557377049182,0.46885245901639344,0.3082709920617202,51.71959024159669,0,0.3063309197942027,70.16312671388783
becd7cca-d794-4d46-8f6e-e78005e7c17f,509.3983333333333,55.711876787194264,0.10936799973928903,-51.34,-7.908571428571426,7.0,441.55,590.8,1035.8100000000002,258.68861622351375,0.1852575922868737,2.033398879069752,-1.0333988790697521,399.15500000000014,128.04428571428573,0.24974523920749336,-2888.4594246575352,-6439.510000000003,-129.54,94,175,1.0,-17.30668493150685,30.501392757660167,6,365,11.966666666666667,52,313,0.2543000075252176,0.05144140636502541,0.8218486515137139,0.28701670925503614,1.414606774658993,0.4379182565655392,17.306684931506847,0.4054794520547945,0.2660816172850232,10.388100060881374,0,0.5779937694070865,41.992550469541776
bf2e4ccc-40ed-4f1a-b0db-fb9368740c7d,431.5741666666666,82.43835034941766,0.19101780578328795,-3.9700000000000273,-1.0594285714285758,10.545454545454545,286.38,563.06,893.1307692307691,247.27581993466114,0.13401603693145114,2.2419282896528023,-1.2419282896528023,77.91500000000002,1.1154285714286094,0.2768640701379413,-3383.7706865671635,-6431.8099999999995,31.149999999999977,78,155,0.991044776119403,-19.199432835820893,27.839335180055404,6,335,12.033333333333333,34,301,0.2836824107096309,0.05580732550797566,0.9493173247549186,0.3252376474495501,1.6140447084220753,0.6899335319607114,19.199432835820893,0.3582089552238806,0.2613856184381648,-0.9449471623695554,0,0.6228154639314695,33.24873446962478
bf36bd23-8374-4877-bf6a-544a5ddc27f9,214.73999999999995,75.45194497161752,0.3513641844631533,0.0,0.0,27.636363636363637,178.95,357.9,815.9423076923077,235.42520936077366,0.08922670814772916,4.939578094439788,-3.9395780944397876,119.84000000000003,15.206857142857091,0.28853168556318154,-3940.390126582279,-8459.850000000004,166.83999999999997,79,152,0.9778481012658228,-26.771677215189875,26.26038781163435,6,316,12.033333333333333,12,304,0.5338362671137189,0.09200894104498462,2.3299897550526216,0.7543447890472199,3.710179752258545,1.217766373829376,26.771677215189875,0.27848101265822783,0.2742680713662825,-113.89468302274975,1,0.718768666921393,23.245568229168555
bf822bb0-a5c3-43bd-976a-5c739362f7af,5318.078333333333,968.8304288239256,0.18217678794826433,-464.30499999999984,-4.798571428571475,10.966666666666667,3408.54,6524.0599999999995,3076.398461538461,1351.968548579232,0.2441321245272319,0.6266859551711503,0.37331404482884967,-778.0600000000001,-404.45999999999975,0.4394647070207975,10463.825672131152,-3539.7900000000004,25097.34000000001,0,0,0.04590163934426229,78.11068852459017,25.346260387811636,6,305,12.033333333333333,31,274,0.2652480673626783,0.052750727314722384,0.07027334748422598,0.023767670464926706,0.41203981262655337,0.4145424764215318,78.11068852459017,0.25573770491803277,0.3402547634371661,60.6779640142901,0,0.22480735225386303,80.47303827912762
bf8a42dc-8a2d-40a0-93c9-089be738439c,1243.7266666666667,265.91061551285276,0.21380149082557215,-55.34999999999991,-43.07285714285711,13.958333333333334,680.7,1842.4899999999998,1251.6758333333335,294.42568083576884,0.14723261014732913,1.006391409688088,-0.006391409688087911,-313.07500000000005,-105.88914285714284,0.23522518610244703,-443.9288659793814,-1300.8600000000001,690.6000000000001,47,120,0.8109965635738832,-0.3278006872852233,24.317548746518106,6,291,11.966666666666667,25,266,0.2674221023912006,0.051292084541619536,0.31718048981823443,0.11918146538092506,0.7550761421319796,0.9089226131272173,0.32780068728522255,1.0,0.28932411280609793,48.62579516566038,0,0.5939234924137251,42.41654342042142
bfae40b8-4bf3-4681-9d5f-c9d02efda97b,1299.2900000000002,461.84814216603945,0.35546193857109604,-18.774999999999977,3.1517142857142844,13.826086956521738,1058.76,2179.62,1325.3558333333333,307.5590953550326,0.16144469378349338,1.224073917293291,-0.22407391729329101,-156.07999999999998,-90.96428571428567,0.23205775205403273,-900.3541100323619,-2911.3699999999994,1093.3,67,149,0.889967637540453,-9.421909385113269,25.893854748603353,7,309,11.933333333333334,24,285,0.3067675422730876,0.055414110783581806,0.3655504159964288,0.14348605777001283,0.871218126823111,1.5317822198343525,9.421909385113269,0.7831715210355987,0.21155324953613083,35.73203011005482,1,0.7841891564242464,20.834945588805414
bfaee691-f439-4a4d-b610-2ab6397ef59d,967.4566666666668,104.07735788461592,0.10757831484402323,-106.60000000000002,-0.4257142857142883,7.0,850.71,1126.08,1301.101666666667,269.5713517228732,0.1477209697935467,1.3448681594696748,-0.3448681594696747,-227.74000000000007,-44.74828571428573,0.20718700054661868,-2252.3193312101907,-4358.159999999999,-94.91999999999999,69,145,1.0,-12.750764331210188,26.312849162011172,6,314,11.933333333333334,52,262,0.3109596639987321,0.050208967154428956,0.44296040821811145,0.15370369732322203,0.9578327366944944,0.5192329372026276,12.750764331210188,0.7579617834394905,0.2793286714719961,38.834184164959936,0,0.5719003268284603,41.33881449296179
c006bc8d-e64f-4bc7-8e7a-80e057334903,1225.4591666666668,148.91218757487022,0.12151542183157486,-156.55999999999995,-36.91542857142857,7.0,1073.01,1457.75,1197.1938461538462,285.66977099261726,0.20210016757134636,1.0583461573247035,-0.058346157324703475,-57.169999999999845,-29.063428571428513,0.23861613715303637,-540.2706363636362,-1191.88,192.48000000000027,83,169,0.9545454545454546,-2.6000303030303025,27.423822714681442,6,330,12.033333333333333,52,278,0.2647089424304223,0.05146030297487133,0.32314554204512463,0.10504633977332306,0.7443611272237414,0.5092506453310028,2.6000303030303025,1.0,0.23813828748252322,49.24836830900389,0,0.597476073297652,38.355412219259094
c014652e-c394-4d3a-96aa-965caf2f2ed2,1925.703,660.6021123868738,0.34304465038839005,-8.059999999999945,-4.710571428571445,13.826086956521738,1578.91,3221.18,1529.405,459.89116146204543,0.2278140845622971,0.9530472767607466,0.04695272323925332,94.14499999999998,18.361142857142784,0.3006993971263632,1352.8263286713288,-457.91000000000025,3001.6300000000006,0,0,0.03146853146853147,3.161433566433569,24.03361344537815,8,286,11.9,24,262,0.2705526241585541,0.05555633449187129,0.25520186653912885,0.0910825812703205,0.6723934064598747,1.1408225412711157,3.161433566433566,1.0,0.30556000536156214,45.57278147539117,0,0.5081905441794379,49.30124820766928
c02efb02-fc2f-4732-8855-9152ea49a2ef,3233.9033333333336,695.6185973823892,0.21510185236903262,552.79,-37.8797142857143,16.7,2561.4,4513.5,2483.2753846153846,1023.2044562681123,0.20680751042822473,0.8318786069672254,0.16812139303277468,62.180000000000064,-381.35028571428575,0.4120382550429817,2196.593003300331,-3190.8799999999997,7390.439999999999,0,0,0.15841584158415842,21.532211221122115,25.533707865168537,10,303,11.866666666666667,21,282,0.3636410488460281,0.06128919540988135,0.11884270917188824,0.0389526691686311,0.5827256225964288,0.5220434018841147,21.532211221122115,0.6270627062706271,0.2642864975475937,52.03103504938037,0,0.3922232837390721,59.810266806873926
c07a78fe-600c-471c-971e-b8a4a5af590c,5373.825,614.463123392357,0.11434371669943794,-387.84000000000015,-30.83000000000006,7.0,4783.33,6335.33,3841.355,1516.7455232323762,0.33604591782500365,0.7148269621731261,0.28517303782687387,169.81500000000005,-386.3017142857143,0.39484648600100125,7299.7403324099705,-3637.2099999999996,18556.449999999993,0,0,0.10249307479224377,50.94083102493076,30.251396648044693,6,361,11.933333333333334,52,309,0.26919559159444156,0.049823604850052494,0.07546874588088248,0.026054842996686096,0.4205427853220626,0.28959031105356725,50.940831024930766,0.5069252077562327,0.23957431687516517,60.07968029207179,0,0.32534275605681956,67.84459345606426
c08bfe2f-ebfc-4b4c-b175-4e72ef13cfdd,1533.7108333333335,220.20252721109156,0.14357499629347223,-11.385000000000105,43.92171428571429,12.92,1242.84,1914.07,1445.2315384615383,453.39377022712745,0.26469115143115207,1.0208361745722385,-0.02083617457223844,190.30499999999995,-66.76485714285721,0.3137170468268144,-561.0161716171623,-1761.9900000000005,760.6999999999994,66,132,0.8151815181518152,-1.2656105610561093,25.18005540166205,6,303,12.033333333333333,26,277,0.2756386606992952,0.05208608967466161,0.24600845552698164,0.10204552900834739,0.6757787349092859,0.4576576177345311,1.2656105610561077,1.0,0.2863512420953576,48.58496219177001,1,0.6803237846607809,31.53101690330696
c094f77c-cb3d-4604-bc6f-3fa636c08977,4207.261666666666,505.9309187452614,0.12025183096018387,-635.2849999999999,-93.85428571428567,7.0,3666.8,4956.08,2755.1646153846154,982.086164554952,0.22041625880793383,0.7094309560810932,0.29056904391890676,-771.495,-436.228,0.3564528083262476,5622.659391304343,-2741.3800000000006,14838.309999999992,0,0,0.11014492753623188,42.52173913043478,28.670360110803326,6,345,12.033333333333333,52,293,0.31580636177846483,0.04964016579271475,0.09244690826218321,0.03836798836297719,0.49626142419634006,0.337356946421143,42.521739130434774,0.4144927536231884,0.18098178693217828,60.886150661425795,0,0.3128815028766028,72.0134322092707
c1200cae-7253-46d7-88a2-76e901f8b83f,2009.891,726.0239881933807,0.36122555312371696,10.769999999999982,-0.27628571428569687,13.826086956521738,1636.94,3388.95,1516.009230769231,584.9618675529421,0.1946903103898292,0.9805566570525466,0.019443342947453413,119.125,-43.65800000000004,0.3858564022437577,1433.4067235494865,-598.7900000000009,2872.2099999999964,0,0,0.013651877133105802,1.3337542662116024,24.349030470914126,6,293,12.033333333333333,24,269,0.32805361086745505,0.055734863233876865,0.2475507378260811,0.0990018861719367,0.7303410980993497,0.9361657627635249,1.3337542662116024,1.0,0.28360036370795394,42.223839079311475,0,0.43498866331676495,54.70456885798344
c1611f85-de7d-495f-8cc1-a5115ec53282,3662.2839999999997,1278.9427739712726,0.3492199878467297,-38.03500000000008,-22.72457142857142,13.826086956521738,2920.52,6122.56,2583.5125000000003,927.0012382665556,0.2666047354780233,0.8465250100756796,0.15347498992432043,-33.80000000000007,-197.1085714285714,0.3588143034982627,4681.298963210701,280.57000000000045,8255.589999999998,0,0,0.0,18.79829431438127,24.98607242339833,6,299,11.966666666666667,24,275,0.3144070749291973,0.05465086814676306,0.1263028754733385,0.05230588343230618,0.547666701981605,0.9732610557661912,18.79829431438127,0.903010033444816,0.30039723051465783,48.486113891605676,0,0.35354267786020444,63.910009889458536
c16b428b-ba79-43bb-ac1a-e716bcb4dadc,267.7320000000001,94.07143583468897,0.3513641844631532,0.0,0.0,27.636363636363637,223.11,446.22,796.5946153846152,283.11664358868603,0.0963997709480645,3.8679463045134677,-2.8679463045134677,-29.585000000000036,0.17799999999998103,0.3554086835648399,-3433.767572463769,-7678.409999999999,350.92,71,139,0.967391304347826,-27.82032608695652,22.93628808864266,6,276,12.033333333333333,12,264,0.42714356147191956,0.0902021424409484,1.902051305036379,0.6315942808480121,3.050991289797259,0.9886201455149622,27.82032608695652,0.31521739130434784,0.287163724817082,-72.36695138573012,1,0.7818879971991983,16.66036477641716
c1d3a089-7123-4c59-a075-80d85d8de250,2526.4100000000003,388.58961465559247,0.15381098659979672,-13.620000000000118,48.833428571428605,11.607142857142858,1807.6299999999999,3214.15,1673.9407692307689,618.62846164535,0.21018067452988637,0.7177915830499934,0.28220841695000665,21.83000000000004,-79.75714285714285,0.3695641285621057,2913.7806000000023,-2572.93,9098.190000000006,0,0,0.11666666666666667,28.518966666666667,25.139664804469273,8,300,11.933333333333334,29,271,0.24932216069442414,0.05477601286674241,0.15768125521985743,0.059203573450073425,0.5209830022310975,0.4161956605427104,28.518966666666664,0.45666666666666667,0.31359992059272385,59.282724508764254,0,0.22358996459113623,82.75848767792667
c1f6709f-346c-4052-a79e-8a8d4deedfa6,3155.6670000000004,1133.8599986481772,0.3593091408720176,-42.90499999999997,-8.528571428571468,13.826086956521738,2557.38,5361.72,1827.3269230769233,635.3087982021632,0.18776228412666673,0.7527806324304814,0.24721936756951854,-103.52500000000009,-230.41657142857144,0.34767112013673274,5300.929299363057,-793.35,10029.29,0,0,0.0031847133757961785,24.845286624203823,26.166666666666668,7,314,12.0,24,290,0.30168582426472756,0.05429755420961717,0.14105480711367835,0.0559590096166674,0.5529971952046906,1.0334742233715237,24.845286624203826,0.46496815286624205,0.2371033771482093,52.15607807388556,0,0.3103885569225776,71.35232449241926
c29b63d9-0ca5-4c00-b73d-5161a27e38d4,8237.078,2967.096101071813,0.3602122137330511,17.1550000000002,-24.2742857142857,13.826086956521738,6561.58,14167.0,4522.507692307693,1917.3889462284983,0.2887766487619191,0.7137555332121415,0.28624446678785853,-996.29,-621.1362857142858,0.4239658783753478,14503.947777777776,-4399.26,27761.34999999998,0,0,0.009259259259259259,72.77216049382716,27.075208913649025,8,324,11.966666666666667,24,300,0.3204481006492837,0.0562779665313355,0.05763912882699423,0.02037263699578904,0.45473783300340254,0.8496254819217929,72.77216049382716,0.3333333333333333,0.271670244214408,52.16409469201585,0,0.2365449534658777,76.6212025917953
c2e479a7-cffc-4eab-a545-5650d520c746,954.4966666666668,195.0582651103992,0.20435719884867679,62.12999999999994,-5.0585714285714465,10.2,660.6899999999999,1283.12,1187.8469230769233,409.9683433995161,0.1871608683066518,1.3481808911503095,-0.3481808911503095,-132.26499999999987,-40.783999999999956,0.3451356697861035,-2240.872912912913,-4758.810000000001,-315.51,71,153,1.0,-11.976126126126127,27.673130193905816,6,333,12.033333333333333,36,297,0.3305511805524029,0.056707025343200074,0.4428800170421408,0.1267526689459366,0.9568908918836804,0.5921068632961826,11.976126126126125,0.6546546546546547,0.31838212771523916,33.039334992805244,0,0.5487032801946208,42.64955744827389
c312bb60-4721-43a8-86ad-0918dfbba435,782.5250000000001,97.89371458140432,0.12509979180397343,-114.45499999999998,-18.105142857142845,7.0,682.69,942.36,1085.9424999999999,248.90010501203085,0.16689879989041775,1.3877416056994987,-0.38774160569949867,345.4599999999999,34.523714285714256,0.22920191908137943,-1813.3443952802363,-3805.19,123.03999999999999,81,170,0.9970501474926253,-10.740442477876105,28.407821229050278,6,339,11.933333333333334,52,287,0.30315964346187024,0.05144457578565115,0.4783585188971599,0.18934325846884553,1.0223059966135268,0.5458060399553463,10.740442477876105,0.5781710914454278,0.275978393576701,36.15330363627326,0,0.6185267937024327,37.50588984469933
c33c0518-7784-4ca3-8f12-3ffef33a5262,1745.9616666666668,560.1281954538838,0.3208135700500586,-108.52499999999998,-111.43771428571429,9.17142857142857,1006.2,2574.67,1499.38,566.117472394202,0.1647327049026418,0.9303344766064929,0.06966552339350704,-499.81999999999994,-25.843999999999973,0.37756770958276215,157.7946254071663,-2039.28,2027.8500000000008,2,36,0.40716612377850164,4.754397394136811,25.65459610027855,8,307,11.966666666666667,36,271,0.31511573850895924,0.05392300518243527,0.22261848055083305,0.07035521016593531,0.6620124344081628,0.8496848695154025,4.754397394136809,0.9837133550488599,0.2832863224491764,45.61085964258328,0,0.5077854576114997,44.428546196053894
c367a6fb-a5e3-42a7-81f9-9f1305c9e846,2137.065,740.4067817573135,0.3464596452411665,-29.875,-8.800285714285721,13.826086956521738,1714.71,3580.7,1791.0824999999998,461.1079067385616,0.2928289642343853,1.0057246737932632,-0.005724673793263198,-348.9849999999999,88.04314285714288,0.2574464921289565,1376.8789808917204,-263.8999999999998,2777.760000000001,3,3,0.01592356687898089,-0.38961783439490494,26.239554317548745,6,314,11.966666666666667,24,290,0.2600613458177454,0.05491316361458356,0.22743622678767378,0.08363199060393578,0.6260427268239386,1.3457539948441901,0.3896178343949028,1.0,0.273538488595584,44.228293848455344,0,0.5493887416121072,46.35333558805665
c377d6df-e4bd-42c6-b8eb-9b6d5d56c5d6,4535.544545454545,1570.2087955705995,0.3462007218392859,299.54999999999995,76.00057142857139,14.458333333333334,3684.52,7694.07,2825.25,1182.0855002424034,0.22807838652808118,0.7361699978292674,0.2638300021707326,-1324.1049999999996,-334.48714285714294,0.4184003186416789,6502.45279661017,-2652.06,13707.059999999994,0,0,0.01694915254237288,37.18288135593221,29.58217270194986,8,354,11.966666666666667,25,329,0.3189425585661861,0.048446022017201905,0.09306730533910029,0.037030533970161754,0.49748641989264997,0.8274389535916552,37.18288135593221,0.3559322033898305,0.2892898518170618,51.79917205881714,0,0.25606675748967384,78.91128365987463
c37a5b56-89a8-43dd-9527-80492bc40abf,3834.768,1298.3101998692166,0.3385629065093942,30.210000000000036,6.142857142857143,13.826086956521738,3158.79,6362.21,2280.9,716.9834766459638,0.23233170442166892,0.7732332177591968,0.22676678224080318,-582.7900000000002,-245.4422857142857,0.31434235461702126,5645.103255131965,-1854.24,10897.919999999998,0,0,0.020527859237536656,25.50140762463343,28.337950138504155,6,341,12.033333333333333,24,317,0.29012028889361763,0.054041078886649725,0.12011626257442433,0.04910909864690641,0.5133867290015981,1.077051506221241,25.50140762463344,0.5249266862170088,0.2191176222611183,52.626937002009875,0,0.17866031106244548,83.711857552767
c3b9ae2d-cbd1-471a-9c6b-be42f226316d,6148.224545454545,1975.9338241062815,0.3213828332875566,-1196.5099999999998,-487.67942857142856,14.695652173913043,3396.54,10058.61,3626.133076923077,1277.7760689337329,0.3225366373545203,0.6970191098775448,0.3029808901224552,-1107.3800000000003,-181.37342857142858,0.35237980565731974,7975.247050847451,-4735.040000000002,21165.18999999998,0,0,0.08135593220338982,69.46013559322034,24.515235457063714,6,295,12.033333333333333,24,271,0.2733454314305372,0.05305655867835903,0.06973025619960944,0.02917841617838823,0.42531066248689386,0.9120353326946696,69.46013559322033,0.3525423728813559,0.2596393742603108,55.430154493125116,0,0.3425853529532069,68.63243560540667
c3e6d4cd-429b-4d9d-9f08-93fd59734efc,3438.767999999999,1216.5413478272465,0.35377244054476686,12.25500000000011,26.44342857142852,13.826086956521738,2736.55,5745.43,2143.1684615384615,988.2025587891563,0.2014228394408136,0.8102084816422626,0.18979151835773747,-138.24,-106.0257142857143,0.46109420538961304,4304.9363803681,-950.2,8381.030000000004,0,0,0.009202453987730062,20.019907975460118,27.24233983286908,7,326,11.966666666666667,24,302,0.3315838695718933,0.05438982798490622,0.13451532641922923,0.04692669002386902,0.5674157139998978,0.767245470469181,20.01990797546012,0.6257668711656442,0.28352844943091093,47.756603410174236,0,0.2887990845410398,72.90123040717165
c41ac941-1388-4063-9d3f-762043b6e49e,2324.2691666666665,401.7433258020787,0.1728471605456247,-132.8499999999999,112.59800000000003,12.107142857142858,1563.71,3159.91,1859.0953846153848,701.4722687511767,0.21620564840468318,0.8665175397427793,0.1334824602572207,-290.27,-48.15942857142861,0.3773191384132769,6.528610169491829,-2192.0199999999995,4048.3399999999997,5,43,0.5966101694915255,12.620305084745764,24.720670391061454,9,295,11.933333333333334,29,266,0.3191928072014035,0.05210419189114284,0.1823949678805847,0.06706982804272167,0.6207617950158527,0.4580927468256475,12.620305084745763,0.8711864406779661,0.3307824649209045,52.60750082565454,0,0.44691770900200134,57.79503736562596
c50f6835-2ac8-4f53-af62-40502155ae27,2562.799,910.4000464929933,0.35523661687592095,-1.5199999999999818,10.312571428571404,13.826086956521738,2065.8,4329.37,1613.6307692307694,570.2685358153873,0.21400091527944626,0.8185269309064034,0.18147306909359665,-40.03499999999997,-40.81542857142859,0.35340707842800917,3723.312290322582,-561.48,7008.290000000006,0,0,0.0032258064516129032,15.002548387096772,25.761772853185597,6,310,12.033333333333333,24,286,0.26290629893331463,0.05351843823881623,0.19729561311675242,0.05861872117165645,0.5723390714605398,1.005176858528272,15.002548387096777,0.6161290322580645,0.24033855805350565,49.533682688906055,0,0.23037142611954534,77.0017965305624
c53031c0-9fc5-4e55-a2bc-cb3541b56818,294.372,103.43177770878737,0.35136418446315326,0.0,0.0,27.636363636363637,245.31,490.62,935.605,190.6591253091138,0.08201644924941613,3.813970078675962,-2.813970078675962,-24.980000000000075,-6.4082857142857135,0.2037816442933864,-4053.469477124183,-8283.539999999995,490.62,75,158,0.9673202614379085,-27.07039215686275,25.571030640668525,6,306,11.966666666666667,12,294,0.5248053483347602,0.09206718030247443,1.5287119698884406,0.7412933295286237,2.8868778280542986,1.724219007465122,27.07039215686275,0.29411764705882354,0.2295974262642888,-67.1753615668008,1,0.7847297766357171,21.249548473224337
c536d424-f53b-4d9e-a5db-ea12728bfc42,3763.7630000000004,1324.8503884762065,0.3520015443257735,-45.45499999999993,-13.585428571428514,13.826086956521738,3078.1899999999996,6285.2,2470.935833333333,1030.1753702378528,0.2620312884153541,0.787808105877017,0.21219189412298298,-176.09000000000015,-74.81742857142861,0.4169170871783139,5420.665389221556,17.809999999999363,10362.239999999994,0,0,0.0,23.911377245508984,27.910863509749305,6,334,11.966666666666667,24,310,0.27420961415477,0.05547320593778088,0.1337249449553545,0.0424296110036684,0.5058373760515739,0.8442962765285361,23.911377245508984,0.5988023952095808,0.32208107387113455,49.589287691579834,0,0.1930967424238833,77.91188571428998
c53f2927-50ed-430d-ae24-62e3511e7a62,2588.8769999999995,906.383953852401,0.3501069976875692,-39.15499999999997,12.237142857142889,13.826086956521738,2080.12,4366.150000000001,1748.6376923076928,709.4514242609549,0.20339173923964543,0.8780753199167051,0.1219246800832949,-95.25999999999999,-134.97171428571423,0.40571664866990576,2501.5960810810793,-1441.14,4986.499999999996,0,0,0.02702702702702703,10.663783783783781,24.666666666666668,6,296,12.0,24,272,0.3339996454060969,0.05447497119407371,0.20067813186953257,0.05931877026216386,0.648471518731867,0.8629347571398752,10.663783783783781,0.831081081081081,0.21854815330967536,46.25944429930661,0,0.3211761099831329,71.7079114395999
c5610024-2544-4429-b8e5-25e6f267ae52,341.796,120.09487279276792,0.3513641844631532,0.0,0.0,27.636363636363637,284.83,569.66,882.9584615384613,231.32763053175447,0.2127515363559223,3.3582780371917753,-2.3582780371917753,137.33499999999992,64.57914285714284,0.26199152124177016,-3387.2777536231906,-8060.500000000003,293.43999999999994,66,134,0.9637681159420289,-29.20471014492754,23.064066852367688,7,276,11.966666666666667,12,264,0.4848857213074468,0.09316668422099732,1.320562557783005,0.5757498624910766,2.4743648258025255,1.3411280746711969,29.20471014492754,0.3115942028985507,0.2482109969455833,-50.11187744640103,1,0.7869795013508909,19.095235214420093
c562f391-e025-40f2-a67d-bbec8faaf1f5,4187.526000000001,1495.3161099409344,0.35708819716962575,-69.21000000000004,-17.449142857142853,13.826086956521738,3372.08,7154.52,2800.1283333333336,1230.6749178533435,0.26760261583248857,0.8024198536319537,0.19758014636804627,-1030.185,-112.64828571428572,0.43950661232312926,6026.664700315458,-7.360000000000241,10498.670000000006,0,0,0.0031545741324921135,26.100063091482653,26.49025069637883,6,317,11.966666666666667,24,293,0.32616012414012474,0.054019963099930596,0.11495689817806505,0.04175950191115231,0.5368964873292726,0.8124751418008047,26.100063091482653,0.6529968454258676,0.23300390398773385,48.40042769317049,0,0.3491030889918683,69.15865556454003
c595b351-0d0c-4356-83bf-c794de4644e2,2837.1809999999996,1006.4390399649428,0.354732052683612,-57.10500000000002,-0.8022857142856862,13.826086956521738,2313.55,4763.87,1930.857692307692,827.9828808833532,0.17377171962240776,0.8847214893938737,0.11527851060612627,-673.9150000000001,-44.565142857142874,0.42881610808602766,2825.2484548104962,-787.97,5323.160000000002,0,0,0.011661807580174927,9.535451895043732,28.662952646239553,8,343,11.966666666666667,24,319,0.33327588194055996,0.054974286095952285,0.16553684801921342,0.06678248585479743,0.6205695019105232,0.827235838380509,9.535451895043728,0.8250728862973761,0.2131826629457216,45.39285668201614,0,0.4563560307236374,53.55846498311241
c6258d09-5f82-4a80-92e9-fe588eb43cc1,5808.386,1994.0411665771708,0.3433038311464098,-27.475000000000364,22.90228571428566,13.826086956521738,4698.26,9706.06,3170.1684615384625,1287.685476244401,0.2476772042446664,0.7095291187603578,0.2904708812396421,-82.88,-195.35314285714293,0.40618834357449113,10983.784698795176,-1529.39,19781.09999999999,0,0,0.006024096385542169,50.818283132530105,27.666666666666668,6,332,12.0,24,308,0.3159686701262623,0.05417047007550807,0.0862842104502008,0.03072385340781415,0.48714720405978534,0.8451838576294621,50.818283132530105,0.3192771084337349,0.2805048700396654,53.19595344370357,0,0.34829386079975055,67.05132647857349
c63ac90e-973f-49eb-9d05-0af13e9f9e0b,3095.6320000000005,1084.0705766364515,0.3501936201190747,-45.215000000000146,-10.90028571428563,13.826086956521738,2497.63,5209.78,2039.5915384615384,702.6085653459086,0.20640180971378508,0.8565194441716587,0.14348055582834127,-551.1800000000002,-184.16628571428566,0.34448493833029203,3597.853159509206,-826.06,6558.8000000000075,0,0,0.003067484662576687,13.624631901840495,27.166666666666668,6,326,12.0,24,302,0.32021635646614316,0.054154692805863235,0.163861531344811,0.06147856075916001,0.5997111413759775,1.0165716440795711,13.624631901840495,0.7668711656441718,0.2065428635975001,48.343714862955565,0,0.28877086515556766,72.71151896486957
c69f3169-a024-4adb-a306-4fe9a3f071d4,619.7825,76.9037349991415,0.12408181095649119,-66.67000000000002,-8.094285714285713,7.0,542.06,740.75,964.19,295.7954005164155,0.14210971824097868,1.6853318166722464,-0.6853318166722464,71.48999999999995,48.762285714285724,0.3067812365990266,-2635.5295402298857,-5190.700000000003,-167.64,88,167,1.0,-14.646781609195402,28.9196675900277,6,348,12.033333333333333,52,296,0.27048198359908504,0.0515261402185444,0.626148420346385,0.24374545371427342,1.1919019978782879,0.40446349435206913,14.646781609195402,0.514367816091954,0.2962749920818351,22.728648272434874,0,0.6481969745275188,34.0479112840398
c6d75251-313b-4720-a290-c1b2fd7128c2,763.3199999999999,272.17310357768844,0.35656487918263435,-7.315000000000055,-5.346571428571422,13.826086956521738,613.49,1284.94,1025.7816666666668,265.91604193919187,0.2190662730373098,1.612610700623592,-0.6126107006235918,235.39499999999987,51.1514285714285,0.25923259362131174,-1521.3529513888889,-4676.1799999999985,635.01,73,145,0.8993055555555556,-16.236736111111114,24.06685236768802,6,288,11.966666666666667,24,264,0.2968086778808364,0.05338259183566525,0.5734672221348844,0.22900225331446838,1.1526607451658544,1.375463147599048,16.236736111111114,0.4513888888888889,0.24625854429711325,19.613973727151063,1,0.8722056602075818,12.061210571238563
c6e24a91-46ae-4f97-a9d0-94435abbe098,778.8641666666666,89.6095296736532,0.11505155007600153,-68.32,-3.132000000000007,7.0,680.72,912.4200000000001,1208.496153846154,382.5654457853902,0.17121788363796075,1.6809146224684022,-0.6809146224684023,347.02999999999986,-4.584571428571404,0.3165632299017579,-3285.0087106017168,-6456.55999999999,-244.41,82,169,1.0,-18.235186246418337,29.002770083102494,6,349,12.033333333333333,52,297,0.31380311286627854,0.05052870793687818,0.5220251284723374,0.17374445907876535,1.0601014083542595,0.3634393991737656,18.235186246418337,0.6045845272206304,0.23755907692013914,22.980604000948706,0,0.6584694795542902,32.226013166765966
c71174b9-21cf-4145-b566-b6a611547829,456.468,160.38650655352663,0.3513641844631532,0.0,0.0,27.636363636363637,380.39,760.78,1104.4984615384615,276.3754867580865,0.18830126865796382,3.1455611346249897,-2.1455611346249897,27.69500000000005,-23.93428571428573,0.2502271360098788,-4452.472406249998,-9793.799999999997,327.46,81,160,0.9625,-30.605624999999996,26.59279778393352,6,320,12.033333333333333,12,308,0.5695733326322983,0.09485002234548752,1.145129560012969,0.42165715888079774,2.2312100738715523,1.4041809775950183,30.605625000000003,0.278125,0.26604069511536044,-41.36791363909177,1,0.6672894566057218,27.76581421963423
c7683c9b-dd07-425a-922d-5ba5895c5573,1625.1249999999998,556.710679023574,0.34256483595020326,2.3099999999999454,12.906000000000008,13.826086956521738,1303.82,2699.09,1498.0884615384616,409.10771399160376,0.24892593895297338,1.1983785862625953,-0.1983785862625954,-53.225000000000136,63.58799999999997,0.27308648620887893,-736.4483647798743,-3223.8999999999996,889.3,76,156,0.8647798742138365,-10.13805031446541,26.5,6,318,12.0,24,294,0.3230889931543728,0.053206984078147834,0.2880553803553573,0.12660564571956004,0.790957003307438,1.2544188498883888,10.138050314465408,0.8867924528301887,0.26688266842617386,36.3261817468125,1,0.6985141256751455,30.70539561670381
c7ed3d7f-3f10-4edc-bce6-1cd42b890f50,612.3883333333333,69.17643040980379,0.11296170525206574,-60.38000000000005,-11.029428571428571,7.0,549.8199999999999,721.49,1006.103076923077,319.5423186210921,0.1852769329339248,1.7798265261966129,-0.7798265261966127,199.11500000000007,19.80971428571435,0.3176039572389889,-2678.241111111111,-5803.050000000004,-24.960000000000008,91,184,1.0,-16.326723646723647,29.25,6,351,12.0,52,299,0.26135377061940546,0.049975097500768846,0.6799089902104601,0.2412698369498657,1.2325076952805003,0.3556684439138299,16.326723646723647,0.49572649572649574,0.22427125527740693,19.06600864979374,0,0.5775248465433578,37.624629403814005
c82e555f-4a54-4efd-86eb-f6fbeb389326,2206.1841666666664,489.1946170717434,0.22173788773530623,-99.68499999999995,-97.4102857142857,9.515151515151516,1291.46,3324.2,2000.5646153846158,722.9000921244856,0.2525836936803226,0.9823651017348581,0.017634898265141908,-450.3800000000001,-47.38600000000003,0.3613480347324375,-570.8334693877546,-3173.49,1481.1200000000013,62,115,0.7871720116618076,1.36113702623907,28.50415512465374,6,343,12.033333333333333,34,309,0.3020101449674985,0.05288429758621692,0.18236502618963885,0.07348698979119678,0.6107464585345511,0.6136407740517905,1.3611370262390714,1.0,0.34374603477326016,46.82629860389774,1,0.6879654432510018,31.095690016913075
c8c6f53b-91d1-4a04-841c-7e4195d8408d,1983.2849999999999,701.0002452725835,0.3534541154057957,-19.485000000000014,12.397714285714308,13.826086956521738,1595.98,3361.83,1404.4530769230769,498.00535193550917,0.1659310029800815,0.9205883168581419,0.07941168314185804,-4.030000000000086,-127.98085714285719,0.35459023880424406,1635.0400636942675,-493.94,3120.340000000002,0,0,0.01592356687898089,5.0157961783439475,26.094182825484765,6,314,12.033333333333333,24,290,0.29886173696669915,0.05431897079844803,0.23974264919061058,0.08323261659317749,0.6761559735489353,0.9967959541066905,5.0157961783439475,0.9426751592356688,0.21588967838014145,45.48103908741557,0,0.3683225106375622,61.069170441068046
c8e9660a-cb21-4c70-9cda-6de28b4889e6,186.24,65.43806571441766,0.3513641844631532,0.0,0.0,27.636363636363637,155.2,310.4,759.0907692307693,268.6418427157101,0.14162996621464138,5.2986361683848795,-4.2986361683848795,162.27499999999998,94.54485714285711,0.3538994987225842,-3515.87937062937,-8005.779999999998,145.95999999999998,76,142,0.9755244755244755,-27.99223776223776,23.76731301939058,6,286,12.033333333333333,12,274,0.5297680412371134,0.09079145189003436,2.547207903780069,0.9700493986254295,4.137816795532646,0.9928360614564804,27.992237762237764,0.3076923076923077,0.2858125814486562,-129.56436224374147,1,0.7242842721319224,27.464369781066623
c8eed286-817d-4228-9855-6f6b3b8b8156,1252.225,433.1797416585099,0.34592804141309264,3.4850000000000136,0.17714285714288444,13.826086956521738,1028.44,2100.26,1213.7430769230768,391.2934295466897,0.1755618030935453,1.2600499111581385,-0.2600499111581385,67.84000000000015,27.61857142857144,0.3223857148900456,-730.8756562499996,-3256.409999999999,826.2400000000001,83,160,0.85625,-10.176281249999997,26.59279778393352,6,320,12.033333333333333,24,296,0.3211723132823574,0.05432969314619976,0.40251951526283214,0.13703847152069315,0.9150599932120825,1.0730253402545349,10.176281249999999,0.621875,0.2514598831586459,32.77244801348077,1,0.7058482269558254,26.345695665299665
c8efbb49-3ade-464d-b037-e782067ea382,2394.8933333333334,247.8491710086943,0.10349069311731113,-277.04499999999985,-39.44799999999999,7.0,2177.0,2807.42,1840.223076923077,562.7228594430331,0.2657629300795472,0.8324274706737114,0.1675725293262886,-231.51000000000022,-92.73314285714295,0.3057905677304771,1742.60414330218,-1344.1,4815.819999999997,0,0,0.11526479750778816,15.002554517133955,26.67590027700831,6,321,12.033333333333333,52,269,0.254863125427994,0.04923427348190874,0.18277779942878458,0.06445067838790315,0.5513258767265904,0.33843651190878954,15.002554517133953,0.8317757009345794,0.2800534216169444,57.48236902492266,0,0.2667764288473758,76.70729413995394
c8f4581a-bf75-4d1c-8fb3-b6ce36343a7e,3399.022,1216.2586701008777,0.3578260658803849,-22.325000000000045,-6.944285714285719,13.826086956521738,2766.64,5795.42,1978.1530769230767,843.2869401374661,0.20774778649392855,0.7565702722724359,0.24342972772756408,-588.2249999999999,-197.91199999999995,0.42630014328777777,5720.210231788083,-859.91,10529.15,0,0,0.0033112582781456954,27.398112582781454,25.09695290858726,6,302,12.033333333333333,24,278,0.30358497238323257,0.05481812121251348,0.13254636186526597,0.04906323054102034,0.5400126860020324,0.8393758986818618,27.398112582781454,0.48344370860927155,0.30310596636567366,50.47640426693546,0,0.28541845500064594,72.88373850188447
c9220f0a-6f92-4162-9d39-7c2d270d738b,7626.741,2703.3320188794587,0.3544544149171263,-114.95000000000027,37.85857142857143,13.826086956521738,6141.219999999999,12823.17,4039.8453846153843,1399.610558635362,0.2996331352361353,0.6886032972668142,0.31139670273318576,-397.46000000000004,-515.6642857142859,0.3464515161806403,14970.204509803918,-3630.64,27178.49,0,0,0.00980392156862745,77.6124836601307,25.429362880886426,6,306,12.033333333333333,24,282,0.2856244888871931,0.05397036558603472,0.06136762740468044,0.02535407980944941,0.42631656168735765,1.0230996210514873,77.61248366013074,0.3104575163398693,0.22760829193958104,54.893205338200836,0,0.36066613945444753,72.30345568125104
c93c0c61-2085-4726-bde1-63251896abe7,3941.6775000000002,1078.3000728598442,0.27356374864758576,-380.895,37.36142857142852,9.676470588235293,2276.8999999999996,5484.51,2449.813076923077,973.510692129133,0.1753543519960864,0.673308297461339,0.326691702538661,-160.6099999999999,-372.56171428571423,0.39738162119366494,6428.121480263156,-3937.1299999999997,16149.799999999997,0,0,0.08552631578947369,50.830789473684206,25.333333333333332,7,304,12.0,35,269,0.3029877507736237,0.04978316127249545,0.09898133472360436,0.03538045244273113,0.48713269921245467,0.6884157043444739,50.830789473684206,0.32894736842105265,0.2891137377200207,56.913123218245566,0,0.2693841404658967,71.26458829351299
c95d0316-5ca2-40b0-a636-945d81db5772,1349.3110000000001,470.88245028645713,0.34897992404008943,-5.885000000000105,0.42685714285710546,13.826086956521738,1084.43,2264.64,1248.0807692307692,367.6751093348025,0.19755748056246358,1.202469260237262,-0.20246926023726186,-317.80500000000006,-50.99314285714289,0.2945924001067752,-624.5605015673982,-2731.94,869.0200000000001,76,152,0.8557993730407524,-8.564075235109721,26.657381615598887,7,319,11.966666666666667,24,295,0.2976897097852163,0.05426769662442534,0.35734015360432103,0.1380348933640947,0.8473324533780575,1.1846195757718172,8.56407523510972,0.8025078369905956,0.25545129290818824,35.53998386717133,1,0.697322279147519,25.318330070109727
c9a66d98-2666-4cdf-bf0e-fc9fbb8aa14b,190.308,66.86741521681377,0.35136418446315326,0.0,0.0,27.636363636363637,158.59,317.18,921.0583333333334,163.92936565558483,0.10576329765577641,5.807795783676988,-4.807795783676988,28.710000000000036,5.096571428571455,0.17797935236340603,-4108.453543046359,-9149.620000000004,317.18,67,138,0.9536423841059603,-30.296754966887413,25.44943820224719,9,302,11.866666666666667,12,290,0.5410807743237278,0.0901958929734956,2.55657145259264,1.1083506736448285,4.296198793534692,1.974185093930011,30.296754966887413,0.28807947019867547,0.26544464248554644,-146.41234392824222,1,0.7590850486581275,17.767709828585495
c9e4b0f6-f0f3-4694-817a-477ab1f111e6,2276.403333333333,584.7224289171639,0.2568624023498314,-102.31500000000005,37.776000000000046,11.137931034482758,1126.0,3573.17,1837.3338461538463,652.0728991523679,0.27473337201815007,0.8743815170422347,0.12561848295776537,-200.26999999999998,-46.88114285714281,0.35490169656286163,1755.770781758958,-2741.2399999999993,3592.8900000000012,0,0,0.09120521172638436,11.177524429967425,25.51246537396122,6,307,12.033333333333333,30,277,0.27412101839012126,0.05817107688883489,0.17939483483448304,0.06311161905989127,0.5747985491733305,0.7237564791531924,11.177524429967427,0.9185667752442996,0.3243516734532562,50.22083331655844,0,0.4738261102670849,54.920862719904
cab81241-af1f-48cb-8d7d-40593b4ed052,4402.421,1544.0227876517167,0.3507212935000348,-17.445000000000164,-48.61771428571431,13.826086956521738,3556.6899999999996,7434.93,2504.5575000000003,1128.3493004153138,0.22302010102250264,0.6826855041805406,0.31731449581945936,-934.3900000000001,-173.47142857142856,0.4505184250772097,8609.460705521473,641.3200000000007,16112.66,0,0,0.0,42.85128834355828,27.47191011235955,9,326,11.866666666666667,24,302,0.26142615619905496,0.0551403420981319,0.10838627200806102,0.045769361903370887,0.47072213220861875,0.7784837955072055,42.851288343558274,0.3128834355828221,0.31993575711477973,53.16057252623314,0,0.26867807592714954,75.21461667384236
cb1c3c67-2817-40ac-a261-68ec3cecfbbe,131.412,46.1734702086719,0.35136418446315326,0.0,0.0,27.636363636363637,109.51,219.02,832.146923076923,272.59268800980385,0.08805582594050052,8.232056433202446,-7.2320564332024455,-26.16500000000002,-9.873714285714284,0.32757759531438607,-4288.748018867924,-9503.789999999994,162.3,70,152,0.9716981132075472,-29.8861320754717,26.573816155988858,8,318,11.966666666666667,12,306,0.5179435667975527,0.09210726569871854,3.819133716859951,1.5984917663531484,6.027676315709371,1.0726136020564485,29.886132075471696,0.2389937106918239,0.3106348638507808,-246.37473476828018,1,0.7944650046043548,22.880444321526753
cb1e691c-d30e-4dcc-b780-06d28382182b,4225.96,1432.425303485898,0.33895855698726396,-32.455000000000155,25.040857142857202,13.826086956521738,3429.8199999999997,7003.4,2244.7569230769236,944.9663132565856,0.24243399319576833,0.6905375346666793,0.30946246533332067,-194.69499999999994,-266.82257142857134,0.42096598680328623,8785.395372670808,-895.55,15405.75,0,0,0.003105590062111801,40.61416149068323,26.759002770083104,6,322,12.033333333333333,24,298,0.2542996147620895,0.053983710210224425,0.10823505191719753,0.04495617563819818,0.4614745525277096,0.8051922663900548,40.61416149068324,0.3167701863354037,0.3313464812362757,53.790422167649176,0,0.3010501656612013,76.20243448327244
cb417cc2-0010-4640-ba2b-7bace4e3620d,6173.320909090909,2126.9230386568033,0.3445346629436792,-39.23999999999978,-36.8634285714285,14.458333333333334,5053.52,10537.619999999999,3094.6892307692315,896.5751040158464,0.24748104444934954,0.5924461167431172,0.40755388325688274,-1277.8700000000003,-309.1045714285714,0.2897140995940937,13993.935080385856,-1504.05,28334.360000000015,0,0,0.003215434083601286,88.98897106109325,25.844875346260388,6,311,12.033333333333333,25,286,0.26578592662590766,0.04938950642891044,0.06987604873934805,0.024930886617236955,0.4099823684114031,1.189222973360262,88.98897106109325,0.16720257234726688,0.28189508776325495,60.17183345008306,0,0.2425571623825098,77.02960165943625
cbc2f3ed-aefc-4e34-bedd-dd1b553e64a8,178.848,62.84078166286604,0.35136418446315326,0.0,0.0,27.636363636363637,149.04,298.08,728.0046153846154,217.5993877754632,0.08203878673634783,5.291677849346931,-4.291677849346932,57.67499999999984,20.189142857142826,0.29889836297329286,-3444.391371841156,-7675.580000000002,229.63,63,124,0.9783393501805054,-27.709675090252706,23.147632311977716,7,277,11.966666666666667,12,265,0.4592726784755772,0.09111647879763822,2.7126218912148867,0.9144580873143676,4.177469135802469,1.1755306418140146,27.709675090252706,0.3140794223826715,0.296722548250962,-128.18600676723776,1,0.7057944830998936,22.947817053569842
cbe3bcde-788c-4d31-b706-7bd4b5c00ef2,2383.547,854.4416457813578,0.3584748468485655,-31.710000000000036,-9.068857142857112,13.826086956521738,1912.9,4117.45,1571.5192307692307,599.6978283750011,0.22566502282210996,0.8571154669910012,0.1428845330089988,-47.030000000000086,-65.16114285714283,0.3816038751759084,2657.743890784983,-563.61,5277.830000000001,0,0,0.006825938566552901,11.623617747440269,24.349030470914126,6,293,12.033333333333333,24,269,0.28375022602868744,0.054034176796178134,0.19357914905810542,0.07227421989161531,0.6036377717745863,0.939389954264272,11.62361774744027,0.8122866894197952,0.28685715684235,47.329058411384814,0,0.30393091321832627,69.01240187091123
cbebfb25-feda-4ca7-9056-58e2babc2855,3155.246,1119.9860552822374,0.35495997943812857,-28.545000000000073,-15.359142857142874,13.826086956521738,2549.55,5310.88,2206.7200000000003,1047.6288865815034,0.24567509871943602,0.9091956696878786,0.09080433031212141,-1040.5950000000003,-333.7422857142857,0.4747448188177491,2388.545333333333,-910.83,4911.2699999999995,0,0,0.03508771929824561,10.052982456140349,23.88268156424581,9,285,11.933333333333334,24,261,0.34640595376715483,0.05239781620830832,0.15449635305773304,0.05822588793393605,0.6115260109671322,0.7476858416740194,10.05298245614035,1.0,0.2721933980679993,43.48847745298602,0,0.3870902714317783,60.03906246522468
cc4e0bc7-c4a8-4c92-80db-6b0b0d9c7a74,143.83199999999997,50.53741337970426,0.3513641844631534,0.0,0.0,27.636363636363637,119.86,239.72,800.5116666666667,183.59678556471778,0.15990814208412535,6.678722398353636,-5.678722398353636,212.23499999999996,78.62228571428568,0.22934929396996226,-3456.32265232975,-8167.819999999999,239.72,68,131,0.956989247311828,-29.275340501792112,23.314763231197773,6,279,11.966666666666667,12,267,0.49240780911062915,0.08997997663941265,3.280653818343623,1.2136589910451085,5.076700595138774,1.5320046483734602,29.275340501792112,0.31899641577060933,0.298828665832478,-182.27680734743927,1,0.7607610554263673,21.44222195858581
cc6a71d2-1a53-4b67-888d-7fa5df8ed6fd,3306.579,1138.8764498735877,0.34442741270466776,-17.569999999999936,4.511142857142841,13.826086956521738,2697.51,5468.89,2337.253076923077,903.5661254660579,0.26350294839866256,0.9189040999776508,0.08109590002234927,-416.985,-255.96885714285713,0.3865931911214233,2525.709490445859,-944.89,4995.799999999999,0,0,0.009554140127388535,8.539808917197446,26.094182825484765,6,314,12.033333333333333,24,290,0.3429127203674855,0.0544339028343191,0.14260811551757874,0.04516178201095452,0.5851165207303379,0.890929847226637,8.539808917197453,0.9617834394904459,0.28544191751724335,45.179149797325465,0,0.43457015647361674,58.07375761410958
cc6a8706-c49d-4f35-bde7-87a160365350,932.5499999999998,188.80734543684756,0.20246350912749728,-106.06999999999994,35.883999999999986,10.030303030303031,607.48,1151.14,1098.2761538461539,366.5405563631047,0.16853614650651824,1.2758556288313405,-0.27585562883134057,23.139999999999986,47.033142857142856,0.3337417051981715,-1798.3043606557403,-3330.3900000000044,-288.14,83,156,1.0,-10.121278688524589,25.346260387811636,6,305,12.033333333333333,34,271,0.30898075170232153,0.05694690186406447,0.4422676174646578,0.14893839472414347,0.9571336657551872,0.6066473142973758,10.121278688524589,0.6229508196721312,0.24529559960749675,36.217035468958024,1,0.6754239334610239,30.471735889765732
cca2adff-803d-47c1-95a7-d6f0b22684a9,787.8424999999999,75.94755189363487,0.09639940964550006,-70.10999999999996,-14.079142857142854,7.0,699.07,897.75,944.3223076923077,310.9687321943544,0.16673984355080854,1.2985029791275962,-0.29850297912759616,-89.26999999999998,11.423428571428582,0.329303596517047,-1591.00687697161,-2991.0500000000034,-237.44,83,165,1.0,-8.902460567823343,26.343490304709142,6,317,12.033333333333333,52,265,0.3013800347150604,0.05058857999325161,0.5057207923326468,0.15209152421539415,1.009780931256353,0.2927371904379118,8.902460567823343,0.6246056782334385,0.2766257283407963,38.58182661519021,0,0.5151302806703476,46.33984031496883
cce90648-7362-4072-8cb2-7657fa61a42e,1370.2216666666666,470.1615880221555,0.3431281225948762,-199.95500000000004,-146.28714285714287,10.387096774193548,515.56,2075.87,1317.1646153846157,393.2436065090651,0.23905545361423197,1.041385031375702,-0.04138503137570196,-209.2750000000001,-30.72257142857144,0.2985531207837958,-609.8334615384613,-1632.22,520.3600000000007,64,131,0.8916083916083916,-2.3793006993007006,24.16901408450704,12,286,11.833333333333334,32,254,0.2502660761701574,0.05322070759840561,0.2874589634523855,0.11211081418699892,0.7030565614079475,1.149303419418484,2.379300699300703,1.0,0.22899830288136405,42.07969265144972,0,0.5884338233387917,35.60485418539372
cd158b66-485d-4ab4-8726-61fe3213b6f4,1647.806,583.0242331384405,0.35381849145982025,2.115000000000009,-0.5917142857143127,13.826086956521738,1349.58,2762.2200000000003,1636.7808333333332,346.4700187333106,0.20995633196666014,1.1919710208604657,-0.1919710208604657,-78.70999999999981,-85.50485714285706,0.21167771009861977,-562.6981515151516,-3163.31,1366.25,85,166,0.7878787878787878,-9.585787878787878,27.6536312849162,7,330,11.933333333333334,24,306,0.27807885151528766,0.05335336805424911,0.29545529024654604,0.13595107676510468,0.7628385865811875,1.6714962160870772,9.585787878787881,0.9242424242424242,0.3333382549180632,37.473050219814375,1,0.7045338606470262,29.794743256274945
cd4f4eb5-aa4e-4b85-9262-b1dca5f1dc0c,5391.046,1873.3213245178558,0.3474875422168269,57.36000000000013,22.075142857142964,13.826086956521738,4464.6,8997.17,3157.289166666667,1188.961862103073,0.24448478613114044,0.7027851366877597,0.2972148633122404,-629.5900000000001,-206.32742857142858,0.3765768034982772,10294.405659722226,256.55999999999966,18803.200000000008,0,0,0.0,55.63538194444445,24.06685236768802,6,288,11.966666666666667,24,264,0.3063234852753992,0.05474262323118743,0.08948857049262794,0.03366155658846168,0.48421623558767624,0.9227534436236633,55.63538194444445,0.3645833333333333,0.2963541772517405,53.93243219601926,0,0.29632618304273556,69.31615886513606
cdc0310f-a2ff-488d-b8ca-112afc03edb5,2632.251,895.8840056918331,0.34034900383429734,3.3250000000000455,-3.1208571428571172,13.826086956521738,2134.23,4376.18,1704.2958333333333,676.7940640382599,0.2000361830765883,0.7769604798326605,0.2230395201673395,-393.26499999999976,1.6762857142858008,0.3971106722208888,4201.759966666668,282.15999999999985,7821.1200000000035,0,0,0.0,19.569866666666666,25.069637883008355,6,300,11.966666666666667,24,276,0.2639520319300857,0.05362064635933276,0.17498293285860658,0.07891952553156975,0.5714751366795948,0.8570633519639624,19.569866666666666,0.56,0.2669029975723111,50.76889724724688,0,0.2425550308918485,81.40751227018572
cde9f154-9b21-49e4-af61-2487c2f538f9,8261.427,2875.9201468401575,0.3481142116053507,-30.704999999999927,-21.586571428571474,13.826086956521738,6735.08,13786.23,4610.5216666666665,1683.4177576684085,0.31121315628419494,0.6696937466130246,0.3303062533869754,-1281.1550000000002,-472.8828571428572,0.36512522429712224,16606.610130293167,440.12000000000035,30970.250000000022,0,0,0.0,88.88602605863191,25.798319327731093,8,307,11.9,24,283,0.28272258533543904,0.055576476073685585,0.055919395039137905,0.021879634111637125,0.4160980905598996,0.9534104697244123,88.88602605863193,0.28013029315960913,0.19598161885513316,55.46631930137605,0,0.27940400124913917,72.61937936064346
ce2a4450-b97b-4902-b480-85aee187ae17,616.0625,82.08095295887082,0.1332347821184877,-76.34000000000003,-7.473142857142869,7.0,542.35,756.6,990.6623076923076,274.2827724919986,0.16630055572767555,1.7420594501369586,-0.7420594501369586,6.454999999999984,-5.891428571428609,0.2768680814463659,-2824.83191740413,-5637.080000000001,-127.49000000000001,84,163,1.0,-16.182477876106194,28.17174515235457,6,339,12.033333333333333,52,287,0.3031997565182104,0.04979067329478205,0.6562672888979068,0.23625038044029625,1.2455080991511955,0.48122117010550947,16.182477876106194,0.48672566371681414,0.28188212858375244,20.783216902039705,1,0.666651711320076,31.477368716788
ce3288be-87c9-4f48-b472-4982021ddc38,2099.4380000000006,749.6002235384466,0.35704804025574766,-17.730000000000018,-1.3557142857142934,13.826086956521738,1709.52,3555.05,1489.073846153846,408.79619079557773,0.2083566656817144,0.9220543783622093,0.07794562163779077,-4.6200000000000045,-8.485999999999947,0.2745305021987085,1955.2623456790113,-489.07,4025.7999999999984,0,0,0.009259259259259259,5.050679012345682,27.075208913649025,7,324,11.966666666666667,24,300,0.2795433825623809,0.05446076521430972,0.22974719901230709,0.06776623077223523,0.6315175775612331,1.3005769391603412,5.050679012345682,0.9722222222222222,0.20382467987329245,46.91577361386503,0,0.48008310392407033,53.215251739205925
ce6c2681-7ff2-4817-8d96-c006e94a0913,4009.5766666666673,486.34637363870115,0.12129619011450944,-475.77999999999975,-22.87228571428572,7.0,3557.82,4739.34,2781.1758333333332,968.5527881278084,0.24026738091292923,0.6936332846443474,0.30636671535565263,-560.9949999999999,-98.5154285714286,0.3482529858484227,5859.938249258162,-2041.1299999999999,14740.810000000005,0,0,0.10682492581602374,43.74127596439169,28.161559888579387,6,337,11.966666666666667,52,285,0.2957968131298982,0.050961739102964324,0.09594923986156478,0.037165810521975304,0.4798736026164026,0.34829906718245246,43.7412759643917,0.43026706231454004,0.22125533834460306,61.650723193822365,0,0.2823205746628662,74.70439107024603
ce7877b8-a216-4e24-8c6b-556f46a4dad7,569.2624999999999,69.65980765314191,0.12236851655104967,-72.52500000000003,-7.557428571428569,7.0,509.07,668.22,975.4684615384617,352.67677382758836,0.19224451525854638,1.8563623987176394,-0.8563623987176394,248.42000000000002,54.53685714285714,0.3615460547759418,-2793.186834733894,-5898.869999999998,-165.11,84,174,1.0,-16.38638655462185,29.667590027700832,6,357,12.033333333333333,52,305,0.29004194022968327,0.04901956478777366,0.65562899365407,0.27202154834837483,1.266712047019902,0.33845900109982996,16.38638655462185,0.49019607843137253,0.2867040609285164,14.843527459244099,0,0.5651443783002901,40.217944905983224
cebe6885-fa00-46a2-9050-f8468996c872,3159.841,1132.721246982485,0.35847412796482003,-21.654999999999973,0.9928571428571299,13.826086956521738,2586.3900000000003,5345.3,2358.8875,887.5536641611645,0.21865392054517221,0.8958251380370089,0.10417486196299112,-291.28499999999997,-108.33628571428561,0.3762594291424091,3128.386350574713,-418.76,5988.160000000003,0,0,0.0028735632183908046,9.459080459770114,29.162011173184357,7,348,11.933333333333334,24,324,0.3353371261402077,0.05639745797336006,0.15445144233523142,0.06444628068311033,0.6106323071319095,0.9527312811319405,9.459080459770112,0.8850574712643678,0.21103415628483058,45.88758205672686,0,0.43891892476887295,59.80207023450806
cfe89703-cf7d-4b12-9abc-5710fd898832,3415.5219999999995,1193.9220522090673,0.349557711005541,-0.5650000000000546,-2.556571428571507,13.826086956521738,2811.73,5690.23,2224.8592307692306,878.6526207254446,0.2655155019314965,0.8468155087275092,0.15318449127249079,-417.80999999999995,-213.90857142857146,0.39492504000878126,3828.9731724137955,-929.76,7654.970000000005,0,0,0.013793103448275862,18.041551724137932,24.233983286908078,7,290,11.966666666666667,24,266,0.3266592924888202,0.05469354318315033,0.13458938340903673,0.056393722540800495,0.5723359416218077,0.8851242022986653,18.041551724137925,0.8206896551724138,0.20182988240915506,47.74214752055778,0,0.27009254683312367,71.73667757475745
cff176b0-e32e-4c18-9bdd-317458ea7cfb,1798.078333333333,191.91871256689205,0.10673545696482936,-191.32999999999993,-22.26485714285718,7.0,1619.27,2126.96,1571.8125,495.3948303236153,0.18974909539146687,0.874162415986697,0.12583758401330303,-7.9799999999999045,-14.029142857142883,0.3151742528600678,975.3518292682926,-1076.55,3005.1000000000004,0,0,0.1402439024390244,8.278018292682924,27.409470752089135,6,328,11.966666666666667,52,276,0.2937636198645406,0.050183204847397266,0.23511396889456987,0.08453793726079788,0.6635987308673056,0.33865538189192806,8.278018292682924,0.801829268292683,0.4036762230439912,55.52795459438589,0,0.3132703442089951,71.81173272502075
d02fc4f9-d7cd-4a12-af4b-08319f85ff4d,2841.626,976.6786933298202,0.34370416561849454,47.24000000000001,-12.495714285714245,13.826086956521738,2324.81,4703.6900000000005,1964.6353846153845,552.9400392238955,0.279614616295997,0.8987903404600044,0.10120965953999564,130.63,-147.50285714285707,0.2814466458019864,2982.7970897832806,-1333.66,5617.749999999999,0,0,0.02476780185758514,8.904024767801852,27.142857142857142,9,323,11.9,24,299,0.2815979301991184,0.05467749802401864,0.16943081179578173,0.05854781734119832,0.5642540573601171,1.221205406939935,8.904024767801852,0.9845201238390093,0.31251208875712305,48.10832849700526,0,0.40450825571695126,61.182823937737325
d08bb9ca-6865-46a8-9ba1-ada66be7f758,439.55750000000006,57.634604839453864,0.13111960287210173,-39.92499999999998,-2.3562857142857134,7.0,377.68,537.67,898.1576923076924,226.7008988055204,0.13079251973055958,2.2135992826118693,-1.2135992826118691,-45.86500000000012,-19.847999999999995,0.25240656595952954,-3141.1196918767528,-6509.760000000004,-102.1,81,166,1.0,-17.930980392156865,29.75,6,357,12.0,52,305,0.23227905336616936,0.04974510350371303,0.8953587793785038,0.33873839031298525,1.5161213265613713,0.5194777813075007,17.930980392156865,0.49859943977591037,0.25534662835462335,2.474309290171589,1,0.6667981191734581,30.805505480415732
d09bfda7-3982-4138-8ea8-b4fa5e939dff,3569.549,1247.9481782639143,0.34960948239228945,-34.210000000000036,6.819428571428554,13.826086956521738,2884.5299999999997,5969.01,2335.5108333333333,675.4485182650969,0.2759032374430576,0.7851448460295684,0.21485515397043164,-389.18500000000006,-28.306000000000093,0.2892080433217559,5702.589822695038,306.7700000000004,10152.04,0,0,0.0,27.19631205673759,23.697478991596636,8,282,11.9,24,258,0.2588595926264074,0.054787873762203565,0.1311938847176492,0.05272598863329793,0.49756733973955813,1.2088511729368965,27.19631205673759,0.6666666666666666,0.2775138772281439,52.32176082061346,0,0.2098039645753333,85.1169614803005
d0ebc98f-1416-4f56-aed3-ea22b10bae98,3161.373,1141.1495410627729,0.36096643485687163,-55.74500000000012,-0.8285714285714155,13.826086956521738,2528.9,5412.08,2016.256153846154,829.9152448547428,0.2263933192249306,0.8291122243405002,0.17088777565949978,-411.4999999999999,-152.8537142857143,0.4116120083609514,3808.2010682492623,-799.83,7811.030000000009,0,0,0.002967359050445104,16.030860534124635,28.319327731092436,9,337,11.9,24,313,0.30360099868000395,0.055256371203271495,0.14911685523979615,0.05802099277750521,0.5659952179005768,0.8769579786902922,16.030860534124635,0.6617210682492581,0.23253074147706354,47.774277813454816,0,0.32514270797861045,69.17593585501066
d1215921-2137-4b2a-8534-9d7baf23e661,1140.445833333333,210.2723531932437,0.18437732599596834,-109.73500000000001,20.43257142857142,11.483870967741936,746.07,1476.79,1243.3915384615384,471.89413118562504,0.1920986581985129,1.1811236102839897,-0.1811236102839898,108.1799999999999,-121.72771428571431,0.3795217488527425,-1523.5719241982508,-3799.6700000000005,100.01999999999998,74,161,0.9912536443148688,-7.2266472303207,28.583333333333332,6,343,12.0,32,311,0.27303357239676007,0.05526420588439463,0.32243822773988245,0.14702144994464883,0.7977574559656859,0.4858149145689889,7.226647230320702,0.8629737609329446,0.267316625928215,39.63330083170651,0,0.5469823282857524,42.8983345197941
d1555104-b332-4cae-b4e1-786a12a7ffbd,252.75600000000003,88.80940580816878,0.35136418446315326,0.0,0.0,27.636363636363637,210.63,421.26,867.9823076923076,241.76435966155995,0.11366148016132907,4.4642936270553415,-3.464293627055341,-2.525000000000034,49.336571428571396,0.2785360456301644,-4033.8034201954424,-8756.210000000005,189.2,69,145,0.9837133550488599,-28.521856677524426,25.51246537396122,6,307,12.033333333333333,12,295,0.5508711959360014,0.09037569830191963,1.8902063650318883,0.733830255265948,3.2652835145357577,1.2614675550096985,28.521856677524426,0.2768729641693811,0.30720229143273925,-94.68339152871155,0,0.6749926011493682,32.73528110374606
d1874bdb-bf29-419d-ae26-3a0c3a7affc4,571.5141666666666,64.61051440725186,0.11305146604517274,-50.51000000000005,-8.743999999999996,7.0,510.15999999999997,702.23,1057.5874999999999,294.2704486175012,0.17858175643465277,1.850500935380721,-0.850500935380721,440.32499999999993,116.45485714285712,0.2782469049771307,-2853.6131677018625,-5969.05,-173.92,86,167,1.0,-18.11453416149068,26.908077994428968,6,322,11.966666666666667,52,270,0.30431441623640126,0.05029184170121184,0.7274695727869096,0.26169080089878205,1.3437666316233046,0.4062990963168647,18.114534161490685,0.5,0.3077334026735377,17.02348050387336,0,0.6064348831534491,38.62977639034368
d19ff546-284d-470d-be26-5cb61ed932b9,1659.9870000000003,567.8647614636977,0.3420898847181921,-32.86000000000013,3.9420000000000073,13.826086956521738,1364.29,2747.51,1455.0183333333334,477.63768067120674,0.17431968211168014,1.0518287191405715,-0.05182871914057149,-364.06,-69.67314285714286,0.3282691837820188,496.21999999999997,-860.35,1403.7299999999998,20,20,0.12389380530973451,-2.537905604719765,28.407821229050278,7,339,11.933333333333334,24,315,0.2655562965252137,0.05305162028377329,0.2957505088895274,0.10452672219722202,0.7188851478957365,1.0421017311979874,2.537905604719766,1.0,0.29456329874423115,41.098771017191005,0,0.5837475257944239,38.926192248917324
d1f99eb7-651a-4414-9490-e09defb68ddd,2971.952,1035.1659659719628,0.3483118051610399,-70.28500000000008,-8.222571428571467,13.826086956521738,2398.41,4984.84,1943.7284615384617,698.080499475122,0.28535324853463623,0.8502314303864935,0.1497685696135065,152.28999999999996,-147.9874285714286,0.3591450726211989,3550.598343558281,-661.1,6753.599999999998,0,0,0.003067484662576687,13.653527607361967,27.09141274238227,6,326,12.033333333333333,24,302,0.2669356705626471,0.053884450354514474,0.15302703408399596,0.07250722757298905,0.5463543825741466,0.9698359568708738,13.653527607361967,0.843558282208589,0.2653880508000682,48.35848717728509,0,0.2392793289926512,76.74097750188425
d2137e11-7140-492a-ae47-dd441b9832a4,2144.305833333334,271.4702828356702,0.12660054298955498,-362.20500000000004,-56.84571428571429,7.0,1874.49,2598.9,1787.6133333333335,641.3799954548763,0.17883667981890194,0.8336559578138536,0.1663440421861464,179.91500000000008,-101.20400000000004,0.358791234936084,1260.3671028037395,-1507.9999999999995,4314.810000000002,0,0,0.1588785046728972,13.334299065420563,26.82451253481894,6,321,11.966666666666667,52,269,0.3248976844487746,0.05194066300399469,0.19649171623917144,0.07434923578609551,0.6476792994780364,0.352852942497628,13.334299065420563,0.7320872274143302,0.27978785494253045,55.67992069903753,0,0.26682610696956566,73.93556866215756
d253e5eb-5c6d-48fe-bac7-2cacc9882228,957.1924999999998,183.2687859712167,0.19146492055800346,-80.88,-27.326285714285728,10.741935483870968,604.0,1155.99,1275.26,343.3144388563825,0.16870546659766109,1.3322920938055824,-0.33229209380558244,-122.86500000000001,-45.43085714285717,0.2692113285576137,-1897.193136094674,-4278.570000000001,209.95000000000027,77,164,0.985207100591716,-11.29233727810651,28.324022346368714,7,338,11.933333333333334,32,306,0.2852508769134735,0.05019192412532834,0.43254796361929987,0.15818308926017147,0.9261738539182733,0.711206774186801,11.292337278106512,0.6449704142011834,0.23728037158435666,35.580142059884324,0,0.6139792174730927,37.98171345452078
d2e3b991-c59c-4a8a-a02f-59f7160a6566,6729.026999999999,2329.8565024340974,0.34623973160370697,60.32999999999993,6.222571428571402,13.826086956521738,5479.91,11308.560000000001,3924.9846153846156,1578.6451657387283,0.2937375550712595,0.7582790201317369,0.2417209798682631,-403.1199999999999,-362.50285714285707,0.402204166495576,10449.19518900344,-1893.53,19429.729999999996,0,0,0.003436426116838488,55.89508591065291,24.25,7,291,12.0,24,267,0.3376767547522101,0.05360879069143282,0.06939443102249404,0.025956501586336334,0.4866364780524733,0.8608556560229353,55.89508591065292,0.47766323024054985,0.21483533497436536,51.2375639167078,0,0.2976333216612582,75.86673999938634
d3034383-22b6-4d3a-b77f-62ea9c73b1f1,2945.109166666667,557.4916858484542,0.18929406493934292,275.6149999999998,-64.17857142857149,12.137931034482758,2256.26,4077.72,2213.171538461539,907.8065216208993,0.25151027606397086,0.8140963082579565,0.18590369174204346,-393.275,-121.84771428571426,0.41018353337941016,1924.6747318611976,-2492.9700000000003,6915.989999999998,0,0,0.24290220820189273,20.72580441640379,26.564245810055866,8,317,11.933333333333334,30,287,0.30443014138411967,0.05726924101002481,0.1398841752045977,0.039167478511690716,0.5407510361104328,0.46148626050341796,20.725804416403783,0.668769716088328,0.23452733859483935,53.55365505391325,0,0.34289179884759335,65.13836156798284
d31ce0fa-5ed3-4f21-b60a-c30a2cf3dcdf,69.0,24.244128727957577,0.35136418446315326,0.0,0.0,27.636363636363637,57.5,115.0,803.7146153846156,269.263383932764,0.09811844809054879,15.14244927536232,-14.14244927536232,60.09999999999991,12.625428571428529,0.3350236250262895,-4637.108610169493,-9758.290000000005,66.3,66,137,0.9796610169491525,-33.07894915254238,24.583333333333332,6,295,12.0,12,283,0.4234782608695653,0.09043478260869565,7.466884057971014,2.1983333333333337,10.179130434782609,1.0487743496763295,33.07894915254238,0.18305084745762712,0.32377834076198114,-522.9393690489132,1,0.7796915735918131,20.789067993697728
d372924c-4ac0-4786-9b15-639dd0e64927,8393.54818181818,3012.8444643951275,0.35894765826464775,-634.9000000000001,-142.23114285714283,14.458333333333334,5970.7,14671.23,4839.510833333334,2656.160053301342,0.2176054983518479,0.6289910118193595,0.3710089881806405,-2651.1400000000003,-272.58714285714296,0.5488488702218371,16613.129831932773,-32.95000000000081,35259.66999999999,0,0,0.0028011204481792717,95.95210084033612,29.832869080779943,6,357,11.966666666666667,25,332,0.31599465520216125,0.05099154621249676,0.05094421548672178,0.018150845947368884,0.43608126284874865,0.6540009057858971,95.95210084033612,0.17086834733893558,0.2371539616693354,53.094952374849434,0,0.16854305619303742,83.65536950453236
d3dfc2fa-a197-4bfd-8496-c0d14527c8d0,3367.2470000000003,1171.3983643686531,0.347880141958298,-11.079999999999927,27.074285714285736,13.826086956521738,2701.2799999999997,5657.13,2237.084166666667,717.9897633286264,0.3044144889497154,0.7972391095752702,0.20276089042472972,344.5849999999999,-167.26799999999997,0.32094892719144136,4984.196006825941,44.409999999999755,9317.04000000001,0,0,0.0,23.301911262798633,24.621848739495796,8,293,11.9,24,269,0.26837829241513916,0.05370351506735324,0.1401147584361943,0.05183522325508049,0.5140317891737672,1.083911216038409,23.301911262798622,0.7167235494880546,0.28872516717259555,51.255052814411414,0,0.24267500781250562,77.33571743537085
d48319f8-b958-4f8c-a430-69d0faff4916,383.9433333333334,45.196810895808966,0.11771739986580214,-43.440000000000026,-8.846285714285719,7.0,341.23,459.82,813.9091666666667,228.1995806090614,0.14525781439575058,2.1198679492633468,-1.1198679492633468,101.25999999999993,54.029999999999994,0.280374751821071,-2523.8939104477627,-5246.330000000001,-26.099999999999994,85,163,1.0,-15.40176119402985,27.99442896935933,6,335,11.966666666666667,52,283,0.23508677495811023,0.05194125869268904,0.9839668180200207,0.3761036784942224,1.6470985301650423,0.4198573484281737,15.40176119402985,0.43283582089552236,0.25092378244501073,6.066264997070644,0,0.6119354035098693,38.454663677000525
d4d99b4f-90ab-4e87-93d9-0a5618cc57d3,7597.854166666667,1255.653904128756,0.16526428075410626,902.0349999999999,30.161142857142945,12.703703703703704,5342.04,9316.98,5127.793846153847,1418.4388927945777,0.3112725640596375,0.7311419616832603,0.2688580383167397,-1257.445,-0.343999999999999,0.27661776884000355,9742.149238410593,-6369.01,25197.88,0,0,0.056291390728476824,81.16864238410595,25.09695290858726,6,302,12.033333333333333,28,274,0.3395498180681496,0.0546928546162979,0.049960268387181685,0.015847566610090017,0.46005050768171923,0.5974463659624685,81.16864238410595,0.3741721854304636,0.31883407049245344,60.264037733246326,0,0.257163372240651,77.38060089363145
d513790e-4233-4402-b9d5-fcb2e2fd8874,2444.8729999999996,864.7766248903047,0.3537102438001094,-28.735000000000127,-12.515999999999998,13.826086956521738,1969.35,4096.12,1636.905,360.56958658867404,0.21215138732343458,0.8034306894468546,0.1965693105531454,-124.92999999999984,-53.565428571428555,0.22027520631232358,3370.367465277778,-21.590000000000003,6697.520000000002,0,0,0.003472222222222222,16.68704861111111,24.269662921348313,9,288,11.866666666666667,24,264,0.2516695141220014,0.05583193891870866,0.17946208248853823,0.07747968912904678,0.5644432246582951,1.605765123191355,16.68704861111111,0.6805555555555556,0.23683211100623835,52.84596098187606,0,0.2566617789405583,78.39670383812202
d52c4c05-2057-4c7b-aab7-642e5a868e14,1363.904,474.50913130658864,0.34790508078764243,-7.710000000000036,3.754857142857158,13.826086956521738,1120.82,2275.26,1343.486923076923,389.2669963402287,0.20722024719830656,1.280539539439726,-0.2805395394397262,-94.02499999999998,-63.45571428571426,0.28974379255490584,-1206.8474074074065,-3826.2899999999995,960.36,77,154,0.8827160493827161,-11.809537037037039,27.0,7,324,12.0,24,300,0.3114148796396227,0.05507059147857914,0.37850024635164936,0.1266562749284407,0.871641992398292,1.2007335091457227,11.809537037037039,0.7592592592592593,0.3436282051355457,32.54639014768356,1,0.7337382328815754,24.243005352212705
d5453e90-31f9-4f42-9a10-55198014d398,4989.36,1104.820196535494,0.22143525352660343,-428.7299999999998,-302.91257142857137,12.84,3514.74,6632.34,2965.2361538461546,1188.0241371042544,0.2591447509564032,0.6438379204280043,0.3561620795719958,-1566.9449999999997,-359.41514285714294,0.40065076623434853,10093.657524752474,-4694.76,22182.680000000004,0,0,0.07590759075907591,70.37706270627062,25.25,6,303,12.0,26,277,0.26612832106723106,0.05312655330543397,0.07757892127781253,0.027987891566587035,0.42482168721706465,0.5526889555406006,70.37706270627062,0.23432343234323433,0.2253962390334977,59.590410252394754,0,0.24813509622699206,78.50759611178988
d55fa864-515f-4e60-9455-3a03e4957e60,4836.625999999999,1717.8075963868723,0.35516651409202876,70.9200000000003,-3.385428571428513,13.826086956521738,3948.77,8145.98,3331.4483333333333,1260.24455943233,0.2605560944714236,0.8265551233442487,0.1734448766557513,-1234.2349999999997,-355.72085714285714,0.37828728929179356,6224.67417682927,-214.88,11318.070000000007,0,0,0.009146341463414634,25.575853658536587,27.48603351955307,7,328,11.933333333333334,24,304,0.3417646929905269,0.05572210875928799,0.09809400189305523,0.0372482801026997,0.5328290837455698,0.9388803804562132,25.575853658536584,0.6798780487804879,0.1962930036935887,48.71705385763332,0,0.29353543682673844,71.96159228644558
d56e629c-fa1e-458b-b02f-3134da339780,3963.3558333333335,712.0170846578733,0.17965005278343624,-882.6100000000001,-133.18000000000004,10.65625,2586.87,5392.63,3048.9438461538466,1096.7086469868107,0.2775450364022649,0.833390348709122,0.166609651290878,502.2600000000001,-236.91771428571425,0.3597011628699809,1678.9902194357353,-3776.5,8451.99,0,19,0.3166144200626959,24.840125391849536,26.509695290858726,6,319,12.033333333333333,33,286,0.32821428473808073,0.056239167691857085,0.10378788850441766,0.04839102048831935,0.5366323614226748,0.49944251319635935,24.84012539184954,0.7617554858934169,0.23830168681361794,54.08086121073242,0,0.3392926383564492,63.275400808840004
d6083aee-43f3-408e-9370-d2f1ec87139c,798.8741666666666,221.65696533396056,0.2774616761721471,-255.25999999999993,-38.32571428571428,9.5,518.6500000000001,1161.44,1264.02,350.93311434724217,0.1312808869057979,1.5822516896173682,-0.5822516896173681,126.97499999999991,-29.001714285714336,0.27763256463287145,-2734.212289156625,-5621.349999999995,-273.85,85,167,1.0,-16.8125,27.977528089887638,9,332,11.866666666666667,35,297,0.3427949124236296,0.056347005003916976,0.5388625033771485,0.18546204085123966,1.1234664616559347,0.9993844797675291,16.8125,0.536144578313253,0.27759845572063735,22.833430837483434,0,0.6536499857996337,33.311591330773076
d6369ff7-5f16-4ca2-a4ac-b459ed61c1e7,5831.0990909090915,1890.5075258959143,0.3242111815323613,860.1799999999998,290.5582857142857,14.458333333333334,4697.379999999999,9498.46,3737.4083333333333,1334.3709816500423,0.34139410331134096,0.6992117032669188,0.3007882967330812,-1452.115,-164.44885714285724,0.3570310928428681,8504.77621908128,431.9899999999998,20488.300000000014,0,0,0.0,68.17381625441696,23.649025069637883,6,283,11.966666666666667,25,258,0.2744643961554729,0.0488498270012717,0.07382734176575786,0.024692990203468577,0.42183455512597107,0.9080754814680774,68.17381625441696,0.38869257950530034,0.29196725003288826,55.16457456649505,0,0.3500587093434752,70.43549334964437
d79b8f13-224b-48ed-8b31-dccac4313a77,3263.5050000000006,475.0064073156371,0.14555099726080917,-135.2149999999997,118.45457142857143,13.23076923076923,2586.92,4270.139999999999,2558.3224999999998,882.0566893874689,0.2875191328171747,0.783918670264026,0.21608132973597408,478.0400000000001,-111.29371428571424,0.3447793190215342,3513.60709570957,-2411.1700000000005,9184.25,0,0,0.12211221122112212,27.928019801980188,25.391061452513966,7,303,11.933333333333334,27,276,0.27402133595628014,0.05736087427474448,0.12963158730669425,0.03999840662110214,0.501012204158821,0.4221569834115206,27.928019801980195,0.6864686468646864,0.29642079917602254,57.381136891184006,0,0.3428655059205245,66.27007501668996
d7b455ab-9d1d-40d5-b115-b5c902daf51c,2061.707,721.1975925431254,0.34980605514902235,28.460000000000036,-5.709428571428569,13.826086956521738,1664.88,3515.92,1481.2216666666664,450.96022335846334,0.17706161468067458,0.8621331741125196,0.13786682588748045,78.80499999999995,-66.5502857142857,0.30445154395648416,2471.156733333333,200.18999999999983,4728.2699999999995,0,0,0.0,9.474700000000002,25.210084033613445,8,300,11.9,24,276,0.26496878557428377,0.0544582717136819,0.22722530408055075,0.08575030302559966,0.6324026643941161,1.1489711978567625,9.474700000000002,0.8233333333333334,0.23628243803256993,48.93146050189886,0,0.45124784762634695,58.84894420252199
d7c8938f-890a-4c94-8f4e-1efb34a1e41d,4362.078181818182,1564.451461112285,0.3586481937974338,-161.2550000000001,-48.5188571428572,14.458333333333334,3227.41,7517.12,2833.863846153846,960.6646762922226,0.28294557335825543,0.7677789527343721,0.23222104726562787,-779.1099999999998,-244.99514285714287,0.338994647747826,5669.758794788273,-2512.72,11851.419999999993,0,0,0.016286644951140065,36.29521172638436,25.583333333333332,7,307,12.0,25,282,0.31420219636761965,0.04992761998763724,0.09348879995898536,0.03650803641133522,0.49412665272557743,1.0579759774385222,36.295211726384366,0.5407166123778502,0.2847110346488065,51.74950312174559,0,0.2383251964429649,78.94379508216778
d7dbd04f-62b5-4ddb-9d74-c9d1c72d2d2e,1184.3572727272726,361.1033660073223,0.3048939490832807,-325.97,-119.84228571428571,12.851851851851851,791.05,1722.84,1202.7800000000002,445.24305957532897,0.1642534538575377,1.2002014134248495,-0.2002014134248496,-277.05999999999995,-72.64885714285712,0.3701783032435931,-1861.7547266881031,-3094.280000000001,-186.36,82,162,1.0,-8.386527331189713,25.844875346260388,6,311,12.033333333333333,28,283,0.3361270746772511,0.05221934720251029,0.3636671366824967,0.13949645108624317,0.8915100096485014,0.8236407871874855,8.386527331189711,0.7234726688102894,0.2318436647407864,35.44155892563573,1,0.7384168311687968,25.106154132327898
d7eabc4e-8b55-42b6-9030-de5fd8493915,4328.016,1573.0493558139449,0.3634573799666972,19.2199999999998,2.9311428571428615,13.826086956521738,3485.05,7313.6900000000005,2389.300769230769,967.763580129134,0.2441647717339898,0.7176708681298776,0.28232913187012243,-495.6099999999999,-45.67085714285712,0.40504050079919557,8034.946401273881,-955.73,14674.699999999988,0,0,0.0031847133757961785,38.914808917197455,26.239554317548745,8,314,11.966666666666667,24,290,0.2649888540153271,0.05490783767897347,0.11014515657982782,0.03991413155589074,0.4699559798300192,0.8973358941872487,38.914808917197455,0.3980891719745223,0.26543491481737014,52.28863385982008,0,0.2245324754655147,81.04517079867092
d7ecd347-59d5-42de-96c4-0ba63e7977a4,3608.5910000000003,1288.3376974609137,0.3570195950333284,37.414999999999964,-18.332285714285664,13.826086956521738,2901.6400000000003,6065.469999999999,2420.2307692307695,900.1265422656005,0.2854066681498903,0.8718915499151885,0.1281084500848116,-817.2850000000001,-153.08857142857144,0.3719176508741317,3785.340098360657,-2013.76,7298.180000000002,0,0,0.02622950819672131,15.157081967213108,25.346260387811636,6,305,12.033333333333333,24,281,0.3348276377123369,0.05281673650463574,0.13191325921945712,0.0492563440966294,0.5688139775330592,0.9599425953412326,15.157081967213111,0.7934426229508197,0.2412621174077488,46.97539713490998,0,0.41570933507597296,57.39919609840858
d820f922-7ef3-409c-b061-76d55f41ce40,4306.629,1496.7968736119287,0.34755649339934525,60.174999999999955,26.562571428571392,13.826086956521738,3497.86,7281.25,2754.776923076923,1262.4857761468352,0.25309434520734614,0.8315575825082682,0.16844241749173183,130.58499999999992,-159.85714285714292,0.4582896587999268,4854.483961038956,-1228.88,10219.26999999999,0,0,0.012987012987012988,23.55256493506493,25.88235294117647,9,308,11.9,24,284,0.34241537871035577,0.054245443477949934,0.11217543930531282,0.04095476996044935,0.5497910314540679,0.7583773422019898,23.552564935064925,0.7012987012987013,0.303461958388366,47.14520872169038,0,0.3226025729402869,71.68985304543155
d8239697-66e7-4727-8378-5d1d8574d269,1711.1416666666667,454.78182307230543,0.265776838897406,141.94000000000005,-77.52314285714287,12.296296296296296,1080.11,2564.62,1742.288461538462,672.9929468160143,0.2613159085641122,1.1030525428929028,-0.10305254289290285,-351.55999999999995,-119.33942857142863,0.38626953094882654,-1648.3499999999995,-3175.759999999999,637.71,75,145,0.9362416107382551,-7.1008389261744975,24.9025069637883,7,298,11.966666666666667,28,270,0.35163073386676547,0.057280470640946345,0.22978907844178106,0.08447819925293543,0.7231784822024283,0.688060583615166,7.1008389261745,0.9563758389261745,0.2500014348944249,40.17920249838518,0,0.5888512196565596,40.109110226053545
d83cac9d-d15f-4ff1-bf08-1d1380580b2d,980.5258333333333,101.09847444747159,0.10310638538077437,-101.93500000000006,-12.381142857142864,7.0,868.92,1152.76,1221.5116666666665,248.73543611393185,0.22297235529200846,1.2457720389824847,-0.2457720389824846,191.19,9.549714285714257,0.20362919397462315,-1443.5020504731854,-3135.4199999999983,-142.37,79,162,1.0,-9.122492113564668,26.49025069637883,6,317,11.966666666666667,52,265,0.2777387303241203,0.04994344021192709,0.38334193132766353,0.1846670706449176,0.8956911725086286,0.5063438270723783,9.122492113564668,0.7823343848580442,0.27236265992820374,43.00334299978492,0,0.5971970296704746,38.1036241835661
d91207a3-9416-4345-a45a-08fa807c5676,1056.9433333333334,276.8681974689346,0.2619517894074434,-18.45999999999998,-71.33457142857142,11.6,661.12,1455.59,1254.4653846153847,431.3620212307251,0.1583800638335055,1.2857871598288149,-0.28578715982881486,35.690000000000055,-94.45114285714288,0.3438612388359997,-2037.5436636636623,-3655.369999999996,-96.88,91,169,1.0,-10.885075075075074,27.75,6,333,12.0,31,302,0.34309313334363567,0.05640242460176043,0.40303090988794743,0.13442537127502896,0.9369518391083724,0.7617950493465708,10.885075075075074,0.6096096096096096,0.2599979764594786,33.8327351479041,0,0.6072286332960791,36.042765606551704
d92e0b3b-7268-4b66-bba4-07fb3894aae3,4779.158333333334,1213.1827827123566,0.2538486273306192,-855.4350000000002,87.62771428571426,10.333333333333334,2945.27,7368.46,3126.183076923077,1346.4724235472022,0.2384325638687433,0.7086390734770245,0.29136092652297546,-867.255,8.431428571428581,0.43070811606863985,6462.2144625407145,-4644.429999999999,16765.16999999999,0,0,0.1498371335504886,54.42840390879478,25.726256983240223,9,307,11.933333333333334,34,273,0.3252309071157927,0.05155754412823737,0.08994645151953187,0.0262052767310841,0.492940179494646,0.5893750729558218,54.42840390879478,0.39087947882736157,0.2782077825059707,55.42481591962765,0,0.19150889489416353,82.73225942173435
d97aa865-0d2d-44bd-b469-d63628791261,5401.244545454546,1785.434504944741,0.33055983485274437,419.7149999999997,116.1588571428571,14.458333333333334,4371.049999999999,8995.98,3502.699166666667,1557.736137531633,0.30711601219916357,0.7074529456090003,0.29254705439099976,-1568.4900000000002,-535.5880000000001,0.44472450056681506,7952.32436482085,450.42999999999927,18278.26,0,0,0.0,56.61661237785016,25.870786516853933,9,307,11.866666666666667,25,282,0.2833084428858063,0.048896811492435494,0.07190733314157059,0.03046284450603893,0.4345754320258513,0.7432912610648518,56.616612377850174,0.3745928338762215,0.2436304478522397,52.89059711872136,0,0.2624844603198048,73.87983186118383
d97d478c-9a4f-456a-8156-a16e01b74553,1887.2539999999997,657.3184773371953,0.34829359340989363,13.040000000000077,3.7605714285714122,13.826086956521738,1518.58,3188.67,1689.0024999999998,464.09515513572717,0.19119174384486307,1.0739428820921826,-0.0739428820921825,-133.42500000000018,-83.78828571428572,0.2747746999401879,114.58120129870147,-1395.4899999999996,1521.71,44,68,0.41883116883116883,-4.5308116883116885,25.738161559888578,6,308,11.966666666666667,24,284,0.345358918301405,0.05432496102803331,0.2662937792157282,0.09711782303812841,0.763095481583295,1.2675606359890816,4.530811688311688,0.9967532467532467,0.3020737585251255,41.09798291521213,0,0.6286460945416584,36.35360934322437
d9a8b792-bc12-42c7-9658-02cb3e81b8fd,1380.915,487.9579682092392,0.35335843857821747,0.3349999999999227,5.977714285714273,13.826086956521738,1110.1399999999999,2359.98,1175.3576923076923,352.7182602577173,0.1819707912157674,1.106487365261439,-0.10648736526143912,40.87999999999988,-20.918571428571433,0.300094398978401,61.44659863945573,-1470.5,946.8600000000001,54,66,0.43197278911564624,-5.00170068027211,24.84507042253521,12,294,11.833333333333334,24,270,0.28612333126948447,0.05457106338912968,0.31877921523048125,0.1145001683666265,0.7739737782557219,1.1774909487852523,5.0017006802721085,0.95578231292517,0.2683588956553324,39.137864252627885,0,0.6444360888657362,32.560556777668296
d9f82961-703d-4654-8852-0f80ae319d4b,2167.086,765.7189040401473,0.3533403399958042,-4.904999999999973,9.811999999999989,13.826086956521738,1724.5700000000002,3619.58,1564.25,436.90774945442814,0.19427939169668432,0.9383683896255155,0.061631610374484475,-186.8599999999999,-96.81542857142854,0.279308134540149,1792.0991438356157,-558.71,3243.2199999999984,0,0,0.010273972602739725,4.574006849315069,24.333333333333332,7,292,12.0,24,268,0.3093795077814171,0.05363884958880266,0.22748658798035704,0.09708797897268498,0.6875929243232617,1.2650556725730215,4.5740068493150705,0.952054794520548,0.17561819992377767,46.27889152430227,0,0.3541430338672738,71.09470861587347
dac491f5-fc8f-4032-8435-10d23c778a00,1948.7669999999998,675.0384275654238,0.3463925792900967,-14.205000000000041,-4.686285714285753,13.826086956521738,1557.08,3278.48,1801.2166666666665,504.6331669879045,0.24898124415904072,1.109142344877556,-0.10914234487755593,-314.39499999999987,-106.02971428571426,0.28016239041457414,2.654910179641344,-2126.929999999999,1714.2000000000003,73,110,0.5329341317365269,-6.368053892215569,27.910863509749305,6,334,11.966666666666667,24,310,0.30305316130661075,0.054288172983224775,0.25643034800979286,0.09877579002518003,0.7125474723248084,1.2363992853484636,6.368053892215567,0.9610778443113772,0.2596425564201975,39.63928101790337,1,0.7301692230182604,24.88250546140232
db4bcf25-8970-46bb-9ba7-0c716468807b,1929.9316666666666,501.1893724809803,0.25969280733479183,510.1299999999999,154.19571428571425,13.692307692307692,1193.6999999999998,2867.29,1612.772307692308,592.2594764143197,0.18548710199923304,0.9053014830404186,0.09469851695958144,-108.14499999999987,43.247142857142954,0.3672306832089491,433.38197568388983,-1569.27,2442.4199999999987,0,8,0.303951367781155,6.666079027355622,27.416666666666668,6,329,12.0,27,302,0.30938919253617797,0.05158688692777551,0.20474170501718972,0.08707346287735576,0.6527912473584989,0.7071653301557873,6.66607902735562,0.8966565349544073,0.16476597392736061,48.652542794160524,0,0.5152970828563722,45.68343823762936
db576800-d328-4b11-841a-2e7637ea24f9,1185.369,401.71277537425783,0.33889259409876404,-23.0,-5.456285714285735,13.826086956521738,957.14,1969.48,1176.6307692307694,370.4210115409567,0.1766778677057047,1.2904167394288188,-0.29041673942881885,-63.664999999999964,-61.792857142857116,0.31481499653720774,-1271.0886163522005,-3442.509999999998,775.3000000000002,74,154,0.8836477987421384,-10.825503144654087,26.64804469273743,8,318,11.933333333333334,24,294,0.2575299337168425,0.05421855979024252,0.4032195881619984,0.13679200316525905,0.8517600848343424,1.0764817363416503,10.825503144654087,0.7987421383647799,0.2483669146585426,31.92025266914017,1,0.7042359480306514,28.857118048373565
dc25ab27-e590-452a-b85a-f6be6b1e57f3,125.724,44.17491072744547,0.35136418446315315,0.0,0.0,27.636363636363637,104.77,209.54,762.5430769230769,247.97596245686847,0.08612275119892344,7.884779357958703,-6.884779357958703,-44.8599999999999,-12.219428571428564,0.3251960052636916,-4123.660403726705,-8655.819999999994,165.29999999999998,77,157,0.9751552795031055,-26.88142857142857,26.833333333333332,7,322,12.0,12,310,0.4222582800419967,0.09029302281187361,3.7299163246476406,1.3884699818650377,5.630937609366548,1.0804689441933415,26.88142857142857,0.2484472049689441,0.28929210556578894,-232.43601995751658,1,0.7042995730446727,28.290177069218963
dc2c0960-6615-409c-a330-1dcc0e0307c6,237.66000000000003,83.50521207951302,0.35136418446315326,0.0,0.0,27.636363636363637,198.05,396.1,841.8753846153845,223.5954891321746,0.1312363057569273,4.605057645375747,-3.6050576453757466,77.37,-34.451714285714274,0.2655921448924718,-3997.28092783505,-8567.779999999999,179.58,71,148,0.9656357388316151,-29.442542955326463,24.25,7,291,12.0,12,279,0.5466296389800555,0.09317933181856432,1.9984515694689893,0.7436632163595049,3.381923756627114,1.3229464470999597,29.442542955326456,0.2852233676975945,0.305232457206347,-100.05507424677388,1,0.7207872082954141,23.240248914472797
dce6c94e-ed7b-473f-a171-21846b354762,2219.225,250.7152346787087,0.11297422959758867,-243.5250000000001,-19.462000000000014,7.0,1963.0100000000002,2563.3199999999997,1686.7369230769232,540.8915493791188,0.275716244109017,0.8233948037415466,0.17660519625845345,245.66000000000008,-123.47371428571434,0.3206733320288214,1746.8609890109888,-1074.55,4814.990000000001,0,0,0.12912087912087913,12.920659340659338,30.333333333333332,6,364,12.0,52,312,0.22988655949712178,0.049103102809914874,0.17542798349273583,0.07007739188230126,0.5244950376820737,0.3523031643536694,12.920659340659343,0.782967032967033,0.3130391041783908,57.26151432183405,0,0.21464619483457775,81.93601871868717
dd1a95d0-162d-457b-a382-1bebc2a9e15c,633.5766666666666,76.4763010627634,0.12070567791758441,-74.16000000000003,-9.635714285714283,7.0,565.88,770.8,882.8269230769231,210.3085088381913,0.1424906876946871,1.5095187112320003,-0.5095187112320003,25.525000000000034,33.39771428571429,0.23822167555244184,-1783.0505696202526,-4025.4999999999986,-150.72,73,145,1.0,-12.258955696202529,26.26038781163435,6,316,12.033333333333333,52,264,0.2378875484682201,0.0513289630826051,0.636202932557491,0.25620287994612595,1.1816223240544423,0.5066947734191904,12.25895569620253,0.560126582278481,0.3063863898751824,31.233647702143617,0,0.6085983691828978,39.36438310998004
dd4cdb15-9ecc-4baf-83d5-20492961f295,5261.3009999999995,1883.2090225431107,0.3579359976825334,-67.52999999999975,-3.1917142857143386,13.826086956521738,4248.16,8833.5,3326.353846153846,1129.1157594443719,0.3101596573749035,0.8218993743182533,0.17810062568174673,-1477.2749999999996,-309.4982857142858,0.33944547443439654,6393.378733766234,-1460.85,12538.899999999998,0,0,0.006493506493506494,30.423409090909104,25.59556786703601,6,308,12.033333333333333,24,284,0.33319135324133714,0.055746287847815594,0.0917552521705183,0.03523748213607243,0.5159303753957435,1.0544727346238651,30.423409090909104,0.7012987012987013,0.23572726894312557,49.597035608105934,0,0.4110201950544055,62.986016113780394
dd539cea-eab9-45fd-ab66-279a2c602c23,3034.1408333333334,956.0706239837604,0.31510423427953177,68.20999999999992,-316.8262857142858,10.1875,1636.14,4732.26,2430.315833333333,732.8638685254931,0.2520094267583191,0.8009897914538686,0.1990102085461314,-303.28,-121.7225714285714,0.3015508760111741,2786.4475895765468,-2998.4300000000007,8580.650000000003,0,0,0.09771986970684039,23.60228013029316,25.65459610027855,6,307,11.966666666666667,33,274,0.29880616945653765,0.05790216835133724,0.13289923643953025,0.0480218315508866,0.5376294057982918,1.0449455111775416,23.60228013029316,0.6938110749185668,0.3098945644581859,52.47626379323582,0,0.24351343195935318,75.46834071522244
dd80ac16-5ba3-4fb8-a504-e0dd11524274,629.3333333333334,67.48011590405164,0.10722476044076001,-82.03500000000003,-8.332857142857142,7.0,557.27,731.56,1025.6841666666667,145.9915068798887,0.10894435502806661,1.6297947563559323,-0.6297947563559323,85.07000000000005,-2.2339999999999787,0.14233573221115536,-2541.41024024024,-4889.1799999999985,123.44,71,164,0.996996996996997,-14.282912912912913,27.905027932960895,6,333,11.933333333333334,52,281,0.30958156779661017,0.04886917372881356,0.6398331567796611,0.26235434322033896,1.2606382415254238,0.7533228569878142,14.282912912912913,0.4924924924924925,0.2725294742289902,28.7447522883168,0,0.5767246951391061,39.71022595062687
dd94cc6d-9c2e-45b0-99de-0bd35f688036,6223.816363636363,2377.4384855439384,0.3819904615814986,-610.585,-206.2868571428571,14.458333333333334,4009.46,11001.44,3757.3624999999993,1351.5257183449107,0.2613063019604842,0.6585896288713825,0.34141037112861755,-841.03,-456.8637142857142,0.3597006459570805,12707.201604095564,443.5700000000002,24423.620000000003,0,0,0.0,79.77348122866894,24.48467966573816,6,293,11.966666666666667,25,268,0.2926313261754918,0.05147937585211528,0.07111713684003881,0.027416677110419535,0.4426445159780654,1.0619676830579772,79.77348122866893,0.2696245733788396,0.2728143744448399,55.00268807855814,0,0.216847444747096,80.05064822680585
de0939e2-7b1d-48bb-a2e4-5ab998ddf908,10311.880909090909,3586.3831281067964,0.3477913641288329,-225.09000000000015,-111.4888571428568,14.458333333333334,8235.11,17951.04,5462.744615384615,2825.825051079818,0.3398196004037418,0.6260711276639506,0.3739288723360495,-411.76,-788.6694285714286,0.5172903457945855,21141.49796721312,-2360.02,43632.45000000001,0,0,0.003278688524590164,139.06560655737704,25.416666666666668,7,305,12.0,25,280,0.24966999671781948,0.050943355806087394,0.044080750985469624,0.016051652335007393,0.36074575584438384,0.6723329885358807,139.06560655737704,0.2721311475409836,0.2510765228186225,54.177607053685286,0,0.3464036736077992,68.07751725567616
df9bbeae-e362-450f-b04a-5a0a3c1070bc,3629.423,1285.8938628056017,0.3542970501938192,66.71500000000015,32.80400000000004,13.826086956521738,2922.1099999999997,6069.05,2386.0591666666664,1186.0995272010337,0.2187798500386446,0.7889052888021045,0.21109471119789547,-949.2600000000001,-128.57828571428573,0.49709560591408936,4993.531528239203,382.5899999999997,9507.750000000004,0,0,0.0,25.453554817275744,25.153203342618383,6,301,11.966666666666667,24,277,0.32805875754906494,0.053329413518347135,0.13208490716017396,0.04870471146515576,0.5621777896927418,0.7127342225090009,25.453554817275744,0.5780730897009967,0.29029281545477176,47.87296482381945,0,0.21569949159228125,81.10984035571103
dfdee3d7-50b0-42a2-803c-9db8c2cc3c91,2428.169,852.2469749035325,0.3509833849717761,-12.634999999999991,0.7145714285714933,13.826086956521738,1967.62,4071.51,1751.1533333333334,560.4595160845224,0.23200662039874675,0.8654191697530114,0.13458083024698866,-182.735,-69.97828571428573,0.3200516513409386,2644.28048048048,77.47000000000014,5124.839999999999,0,0,0.0,9.813363363363365,27.827298050139277,6,333,11.966666666666667,24,309,0.254616544400328,0.05520950148033354,0.1920076403248703,0.07948540649353483,0.5813190926990666,1.0966460679119794,9.813363363363365,0.8318318318318318,0.3297155588888086,48.45269863390749,0,0.3040015358968076,72.33631841803866
dfedf2bd-6181-477a-ae87-77ebcc6532d8,1076.3941666666667,139.97181251681505,0.1300376914437153,-129.10500000000002,-22.843714285714295,7.0,950.3199999999999,1287.8899999999999,1111.5338461538463,327.8562513139578,0.2121856561342123,1.118699547021576,-0.11869954702157597,-154.76999999999975,27.66914285714292,0.2949584058536887,-984.7300305810389,-1876.1299999999983,-204.44999999999993,84,163,1.0,-4.688715596330274,27.174515235457065,6,327,12.033333333333333,52,275,0.2480782674872045,0.047784539895159225,0.3434940577065558,0.1540939541199669,0.7934508192088863,0.440867894804867,4.688715596330275,0.9602446483180428,0.26540387018908035,45.45171925875172,0,0.5559109813993174,44.626858486504226
dff4b93d-6abe-4552-a873-9d7acbddc848,2659.3449999999993,962.6371239840181,0.3619827904931546,-67.91499999999996,6.914571428571396,13.826086956521738,2148.6400000000003,4493.08,1686.4507692307693,546.2648570742576,0.21353858307797988,0.8244082659451859,0.17559173405481412,222.55000000000007,-109.21971428571428,0.32391390667361264,3875.2786503067496,-606.36,7051.82,0,0,0.003067484662576687,14.323895705521467,27.166666666666668,6,326,12.0,24,302,0.27361323935029114,0.05544259958749241,0.1752115652538501,0.06995481970184388,0.5742222238934775,1.1175277844983098,14.323895705521473,0.6871165644171779,0.2980164076946304,49.68590751392568,0,0.2797190676328629,76.26530105745695
e0326949-a28f-4c2a-949e-1f16f7ae7c8a,5188.218333333333,1605.7011567357183,0.30948989683402267,-1128.0449999999998,-408.37714285714287,13.125,1762.52,7408.4800000000005,3533.6969230769228,1573.7835126714253,0.2291093703129823,0.7378586290540972,0.26214137094590284,172.20500000000015,-453.35257142857137,0.44536459886918456,6221.803788819874,-6136.08,18082.35,0,0,0.18012422360248448,50.68496894409938,26.759002770083104,6,322,12.033333333333333,25,297,0.33662615714900207,0.05696014463539346,0.0743591811061665,0.03129558605699901,0.499241068947561,0.6949135553652932,50.684968944099374,0.3695652173913043,0.23477591348002075,52.29366595543175,0,0.4216085503521116,63.62759302661496
e049e951-00c8-4cfa-a1bb-473655db6720,5619.813333333334,833.3511407491316,0.14828804647410557,-81.38000000000011,-133.2628571428571,10.78125,4279.86,7374.77,3679.758333333333,1398.2934311889119,0.2570664740211654,0.6547830177040279,0.3452169822959721,-1613.9999999999998,-342.97800000000007,0.37999599553111374,9294.911119133578,-1966.0800000000004,24252.300000000003,0,0,0.08303249097472924,84.04570397111914,23.277310924369747,8,277,11.9,33,244,0.29467526798043114,0.05523656183123519,0.07446050995762611,0.024782406770331628,0.44915474653962406,0.39023581358231413,84.04570397111915,0.30685920577617326,0.19100665578129,61.76011798699344,0,0.29640348596071175,75.1157344024659
e0821a95-b365-4c02-954c-1d07e7732990,1660.9780000000003,565.4221004170248,0.3404151652923908,5.430000000000064,-7.980857142857141,13.826086956521738,1320.99,2773.6400000000003,1381.091666666667,388.68948870960395,0.18664039920111503,0.9977916625024535,0.002208337497546425,16.75999999999999,-8.86400000000002,0.2814364159098326,965.7876079734211,-267.41,2032.3399999999979,0,0,0.023255813953488372,0.12186046511628004,25.153203342618383,6,301,11.966666666666667,24,277,0.26905353352061256,0.05492787983946808,0.29647412548510577,0.11064685986208124,0.7311023987072678,1.2095633189183805,0.12186046511628079,1.0,0.3454374860466659,44.247150222933485,0,0.5090907188346159,47.74036055259812
e0bba8eb-caed-4ed4-8220-094b36c38c94,1317.172,482.21761857300714,0.366100720766162,36.65999999999997,1.4197142857142613,13.826086956521738,1050.87,2246.94,1289.7353846153846,428.7400432394005,0.14085119428195167,1.2729210763666403,-0.2729210763666402,115.97499999999991,-45.90342857142852,0.3324248123713037,-1042.6605044510386,-3594.839999999999,741.45,81,158,0.9020771513353115,-10.667181008902078,28.083333333333332,6,337,12.0,24,313,0.3497128696935556,0.05407797918571,0.3531459824533167,0.14611986893131645,0.9030567002638987,1.1013038351578996,10.667181008902078,0.6409495548961425,0.3355261902262598,31.451639074923456,1,0.735771892234903,28.03687673787709
e0dc1b2c-7ea0-40c1-b466-e41be8a4d24a,4676.432999999999,1615.1967995679179,0.3453907710359409,66.87999999999988,6.904285714285652,13.826086956521738,3804.7299999999996,7895.389999999999,2988.363846153846,1139.2878417717684,0.2805350393693694,0.8307342369707852,0.16926576302921478,-419.55499999999984,-223.17085714285702,0.381241341558218,5937.783006329116,-2590.14,11566.580000000004,0,0,0.0189873417721519,25.0493670886076,26.480446927374302,8,316,11.933333333333334,24,292,0.3323225201772377,0.055162342751409035,0.1033535602883651,0.04766218183816597,0.5385006050551777,0.9059635810330856,25.049367088607596,0.7120253164556962,0.2682998903696467,48.784080558926,0,0.24332929697501676,80.46836622898552
e10b0daf-16a6-44ea-b66d-233c09618c92,5789.427,2040.2854629795202,0.35241578535829543,-63.524999999999636,-54.71342857142863,13.826086956521738,4645.85,9828.81,3320.4330769230774,1321.5484462514962,0.25717057761001055,0.7455941667456901,0.2544058332543098,-870.2549999999997,-409.9637142857144,0.39800484323452356,9186.079809523808,-1541.89,17369.41,0,0,0.0031746031746031746,46.75758730158731,26.396648044692736,8,315,11.933333333333334,24,291,0.31959432254694636,0.053818970340242654,0.07714044930525941,0.03209678608953874,0.48265052828198723,0.8854560223294446,46.7575873015873,0.4095238095238095,0.3829752977079218,51.643662904733056,0,0.34830428410975706,64.70009930087778
e1458e63-9735-47e1-8a33-6ff4a65b0fa4,4068.480833333333,760.5139454277952,0.18692823601302336,205.8699999999999,-81.23657142857144,10.2,2627.1,5417.01,2888.6484615384616,1209.7286375247284,0.277353822375809,0.7691738746874601,0.23082612531253982,-577.275,-197.00342857142854,0.4187870741739341,3537.0098224852095,-3497.1099999999997,11394.75000000001,0,0,0.1390532544378698,33.341242603550285,28.166666666666668,7,338,12.0,36,302,0.28627147274668663,0.05757533985351207,0.09415471827424529,0.03479820580040421,0.4727997366748482,0.4463562691894038,33.34124260355029,0.5887573964497042,0.3750449704586361,55.249456448632216,0,0.27645291187551746,75.23258313006755
e16a364d-8ea2-4ba9-b173-afbfeefb2e09,6441.2,2237.696200059338,0.3474036204526079,1761.9450000000006,525.5200000000001,14.458333333333334,4940.34,10574.99,3382.700833333334,1406.0704213287488,0.22273917710232036,0.5729086336255809,0.42709136637441913,-1300.4299999999998,-318.93885714285716,0.41566502348456236,13636.910410094642,829.1800000000001,30881.26000000001,0,0,0.0,95.45990536277603,26.49025069637883,6,317,11.966666666666667,25,292,0.25392783953300624,0.04687198319906511,0.07128555943838812,0.02381219196874665,0.3958975741392062,0.8357778519354068,95.45990536277601,0.1608832807570978,0.208264303597643,58.34824557170728,0,0.17124477126764687,90.07148936697092
e17da991-7d57-4f3e-8bfd-d5f9374bd091,3559.0009999999993,1267.0190257928691,0.35600412188500913,-69.17999999999984,-5.502285714285634,13.826086956521738,2845.1800000000003,5962.4,2612.278333333333,912.9512781566598,0.2965278712643561,0.8807904240543906,0.1192095759456094,-385.5099999999999,-218.6908571428571,0.34948468794736387,3793.2805448717913,-179.4200000000003,6841.059999999991,0,0,0.01282051282051282,13.598301282051285,26.07242339832869,6,312,11.966666666666667,24,288,0.29637193133691164,0.056161827434159185,0.13173612482828748,0.048718446552838836,0.5329883301521972,1.0186544193851124,13.598301282051276,0.9134615384615384,0.2579944582219735,47.098565622326824,0,0.4565046669248041,56.2374319171879
e1a82f4f-92a6-4838-bcd1-f4dbf69713e6,1699.9120000000003,588.0325561055271,0.3459194100080045,-7.865000000000009,0.11799999999996413,13.826086956521738,1390.77,2841.56,1507.276923076923,540.3323553978084,0.22781480612005348,1.1526831977184702,-0.1526831977184701,-296.3499999999998,-25.02457142857142,0.3584824706894507,-420.2795114006511,-2595.4799999999996,1458.7800000000002,81,147,0.7361563517915309,-8.454332247557007,25.583333333333332,6,307,12.0,24,283,0.34366955465930005,0.05495813900954873,0.2868995571535468,0.09883923403093808,0.7843664848533337,0.9649548814554745,8.454332247557003,0.9381107491856677,0.3124881344860319,36.34544037723204,0,0.6218788912935151,35.36146290403104
e1fcdd81-7b3a-4b3c-b4c1-06f5d6c4d63b,1769.8474999999996,244.57536689777618,0.13819007959599697,192.10500000000002,-87.77428571428572,13.076923076923077,1317.11,2266.23,1686.0600000000002,583.7257113005502,0.27688584857368886,1.0320465463832333,-0.03204654638323344,-304.9850000000001,-97.39971428571435,0.3462069625639361,-893.453552631579,-2315.69,705.0199999999999,78,145,0.8717105263157895,-2.2388486842105295,25.333333333333332,6,304,12.0,27,277,0.3282542704950568,0.05686506888305348,0.2098862566784238,0.09013535535312128,0.6851409514096554,0.399154536270993,2.238848684210528,1.0,0.32712769597577973,47.648296505512036,0,0.5975255811578318,38.75447475012549
e28bebd7-bbf0-457b-8eac-ac629602453a,722.1433333333333,151.5303391963791,0.20983415923391813,101.48000000000002,-43.915142857142875,16.6,327.69,911.75,1118.105,278.35466168508503,0.1642160918101013,1.5483145082001266,-0.5483145082001266,144.24499999999978,-30.576000000000036,0.24895216610701593,-2679.290119047619,-5538.43,-39.59,83,167,1.0,-14.141488095238092,28.077994428969358,6,336,11.966666666666667,21,315,0.2977525237372083,0.05449056743121172,0.5806672728867307,0.17442405247342405,1.1073344165285748,0.8428693853730828,14.141488095238095,0.4583333333333333,0.2933780816649599,26.79335157283707,1,0.7044355804276838,31.89777720470173
e2dc2926-4395-47e2-a51d-f16e1a1c25ac,1107.881,394.8064221995382,0.3563617592498997,-17.519999999999982,-8.40971428571429,13.826086956521738,887.35,1882.57,1188.7458333333334,329.699754224364,0.17492735691327344,1.2875886489613957,-0.2875886489613956,363.71500000000003,54.98000000000002,0.27735092311521375,-617.2478964401296,-3186.14,913.35,77,144,0.8478964401294499,-10.311132686084143,25.821727019498606,6,309,11.966666666666667,24,285,0.26506817970522095,0.055298357856123526,0.4580148951015497,0.15019302614630992,0.9285744588092041,1.2848767736095266,10.311132686084141,0.5825242718446602,0.3058005811446938,32.25858280174291,1,0.6924844586686223,27.273958215376112
e2f5a805-b1eb-4c61-88a7-c23740c14243,7407.244000000001,2602.2735308367055,0.35131467666472244,28.7199999999998,26.186285714285752,13.826086956521738,6058.6,12590.74,3694.4961538461534,1341.0263549705653,0.2468041337998624,0.6483983786682334,0.35160162133176665,-70.4849999999999,-493.38714285714286,0.3629794968319267,15924.899968152857,-1781.99,29309.759999999977,0,0,0.0031847133757961785,82.94264331210192,26.166666666666668,7,314,12.0,24,290,0.2886887484737914,0.055042469236871366,0.06975779385693248,0.02749268148855364,0.4409816930561489,0.9678636940405327,82.94264331210192,0.2197452229299363,0.3277409535389962,56.26503461669047,0,0.2959486611693189,70.91980919698025
e337fbdb-0090-4306-85be-7afb7a87f651,76.32000000000001,26.81611455822786,0.35136418446315326,0.0,0.0,27.636363636363637,63.6,127.2,836.5925000000001,208.3720463334317,0.09768595024857782,13.153970125786163,-12.153970125786163,243.21999999999997,67.11342857142859,0.24907233370300558,-4401.1485284280925,-9275.91,127.2,77,156,0.9832775919732442,-31.023110367892976,24.98607242339833,6,299,11.966666666666667,12,287,0.5240566037735848,0.0912604821802935,6.341509433962264,1.9702044025157226,8.927030922431864,1.4106913411030255,31.023110367892976,0.24414715719063546,0.19675847759412932,-441.6811772394013,1,0.7335157091716441,28.01706975509049
e402613a-2cb4-46bb-bed7-8a13c45367a7,2833.9689999999996,999.0520204167993,0.3525275048586627,38.62999999999988,17.60914285714285,13.826086956521738,2289.8199999999997,4778.21,1979.7592307692307,712.3043704702543,0.23615264793271284,0.90815637009438,0.09184362990561998,-126.44999999999993,-56.35114285714283,0.3597934331608042,2788.0575873015882,-1579.7,5023.550000000002,0,0,0.015873015873015872,8.262920634920631,26.17728531855956,6,315,12.033333333333333,24,291,0.3344496711149628,0.05535028788247154,0.17598216494252406,0.06385779096383905,0.6296399149037973,0.9798052781611105,8.262920634920635,0.946031746031746,0.28506108163113847,45.90205138724883,0,0.48060887899169413,54.54212154668226
e4176cfc-7a4c-4e97-b09e-1a5b0256574b,4249.350909090909,1432.8456449489215,0.3371916501137957,774.7849999999999,230.08571428571423,14.458333333333334,3393.96,7006.24,2507.429230769231,872.4593978466995,0.2297486423422334,0.6973595539511275,0.3026404460488725,-486.5899999999999,-252.61085714285718,0.34794975951486606,6429.703343949044,-2386.46,14838.379999999994,0,0,0.01592356687898089,45.05184713375797,26.386554621848738,10,314,11.9,25,289,0.30633042137344607,0.049045565461762496,0.10914715103012525,0.034872919628794644,0.4993960574941285,0.9690814288359618,45.05184713375795,0.3375796178343949,0.2701261911525688,55.03087314824371,0,0.2925973652984981,71.90491745601436
e4902bff-251e-4dae-9286-7ea1b144a5a2,4273.755454545455,1486.6155163885762,0.34784758561874446,-395.4200000000001,-112.53342857142859,14.458333333333334,2839.74,7289.85,2489.7884615384614,779.2288921624821,0.26667758305076894,0.6884992143379967,0.31150078566200334,34.69500000000005,-304.5374285714285,0.31296991860946693,7757.120822784812,-1928.28,15875.300000000016,0,0,0.00949367088607595,46.34196202531645,26.333333333333332,7,316,12.0,25,291,0.24610418216382396,0.05114237403722635,0.10035010724015136,0.0409512094004613,0.438547872841663,1.111440956256243,46.341962025316455,0.3639240506329114,0.27134279248314264,55.765205485728465,0,0.24991835960522882,75.78796158409706
e4cc8016-fd4f-43cd-9d34-7b11ce856dbc,4798.893636363637,1783.5142795743059,0.3716511376830107,-664.6800000000001,-194.08485714285723,14.458333333333334,2818.69,8337.24,3202.996923076923,1021.3035733511088,0.30393578513968644,0.7887984787402703,0.21120152125972966,-1021.9800000000001,-363.3588571428573,0.3188587431954212,6240.625993377484,-1396.48,11763.65,0,0,0.016556291390728478,36.9167880794702,25.166666666666668,6,302,12.0,25,277,0.3174549891518556,0.05267331504250128,0.09030376888006195,0.032495747599399334,0.4929278206738182,1.1655667144596198,36.916788079470194,0.6158940397350994,0.19425461154649393,50.92135185599044,0,0.3286518224861676,70.75693036221742
e4d9bc15-f750-4a92-b180-388b62aff694,2453.528,872.9242430131036,0.3557832814677899,-4.7000000000000455,-4.541142857142859,13.826086956521738,2006.1100000000001,4117.62,1747.2030769230769,496.71174342510795,0.25487284292610074,0.9257542608032189,0.07424573919678111,124.41000000000008,-78.92285714285717,0.2842896455401426,2043.4852145214534,-1155.56,4074.4300000000035,0,0,0.013201320132013201,6.012013201320132,25.18005540166205,6,303,12.033333333333333,24,279,0.28258735991600664,0.05277217133857858,0.2021052949059477,0.07387973562967287,0.6113445617902057,1.2514816738816195,6.012013201320135,0.9603960396039604,0.206610653334296,46.610538213034694,0,0.5116725390728585,46.27523265270382
e51ebcb4-3fbd-4603-8c6e-050a013265b4,1581.045,563.3982776223032,0.35634550415851746,6.944999999999936,0.9328571428571455,13.826086956521738,1273.29,2655.31,1553.2883333333336,355.1152092396682,0.21883091033753127,1.178932920947854,-0.178932920947854,-351.35499999999996,12.863142857142897,0.22862156472751988,-617.8261165048547,-2829.0099999999993,1324.88,63,147,0.8414239482200647,-9.155372168284792,25.821727019498606,6,309,11.966666666666667,24,285,0.32454484217716767,0.05441654095866973,0.3221306161431205,0.13370081180485058,0.8347928110838085,1.5586696932252386,9.15537216828479,0.8705501618122977,0.2764817221099753,37.57988674277992,1,0.6702593078175706,30.616116401316106
e562ac45-d6e5-4ca8-9fab-a43f6d9a1d36,1447.367,517.719869965087,0.3576977158972721,-20.32000000000005,-1.2845714285714231,13.826086956521738,1167.21,2440.49,1371.9730769230769,405.68845890626915,0.18723735888515416,1.2322824826046195,-0.23228248260461937,13.014999999999986,-45.63685714285721,0.29569709911225545,-986.3435511363634,-3361.9800000000005,873.59,88,172,0.8977272727272727,-9.551079545454545,29.333333333333332,6,352,12.0,24,328,0.2899831210743371,0.05446925347890342,0.3582995881486865,0.13485660513193956,0.8376085678338666,1.2096761076491973,9.551079545454545,0.7329545454545454,0.2590474695343315,34.06382723665195,1,0.6689322989712417,30.017374482523124
e5791fed-4933-4418-8848-f71556689dfe,1587.2683333333334,174.64487759363848,0.11002857798270098,-180.65999999999997,-30.980857142857133,7.0,1439.54,1864.4,1460.4099999999999,441.84451963023446,0.2374515832311931,0.9200775756252092,0.0799224243747908,-320.015,-21.15428571428577,0.3025482704379144,261.0138121546958,-805.89,1522.2999999999997,0,20,0.30662983425414364,4.2052486187845295,30.335195530726256,6,362,11.933333333333334,52,310,0.23348919159856402,0.05056223427880815,0.2432780216745541,0.09711023445941191,0.6244396820113381,0.3636728044204101,4.205248618784529,0.9668508287292817,0.2875117261590923,53.84507422675231,0,0.4393539904825657,58.60683380506637
e6031881-6ea0-40a8-87f0-99974f6a6390,2211.6220000000003,772.6963059716425,0.3493799148189168,-0.94500000000005,-5.8422857142857145,13.826086956521738,1809.45,3699.43,1609.810769230769,492.9799830530908,0.28432725489952476,0.9462530215380386,0.053746978461961414,-154.83000000000004,-57.699428571428584,0.3062347404276939,1663.1708127208478,-947.2,3331.0599999999995,0,0,0.0176678445229682,4.200282685512363,23.518005540166204,6,283,12.033333333333333,24,259,0.2569697715070659,0.055460200703375165,0.22006518292909005,0.07084438479993417,0.6033395399394653,1.140889222205702,4.200282685512366,0.9575971731448764,0.274930068225888,45.54378688535707,0,0.38130003519259165,61.13851291563053
e643d737-afd0-4fa6-9f01-cc17cbd35e93,2071.110833333333,873.1053977140587,0.4215638215309057,-1388.535,-63.28914285714287,12.884615384615385,486.87,4124.3,1781.4069230769232,453.61274986462143,0.18611305066133985,0.9317982741145755,0.0682017258854245,-140.77999999999986,-83.93057142857144,0.25463735656821285,442.83188034188,-2746.12,3232.5199999999995,2,39,0.2678062678062678,4.829173789173787,29.331476323119777,8,351,11.966666666666667,27,324,0.3149179606917865,0.05276757681968574,0.19650968300827296,0.07338332529282797,0.6375785458125732,1.655545860247635,4.829173789173786,0.9629629629629629,0.26222791060998035,44.98840725812555,0,0.6213158072211146,37.6968595412962
e66ebe9c-d351-4d83-a497-5cd1ff5e93d1,1279.1983333333333,334.31981158039605,0.2613510374964498,54.839999999999975,40.01600000000001,11.964285714285714,883.1600000000001,1948.46,1441.2016666666666,431.65893229879225,0.17345363417796025,1.1266444218319025,-0.12664442183190258,-163.57000000000005,-87.09628571428566,0.2995132064322196,-1404.8416034985435,-3583.810000000001,10.649999999999864,80,155,0.9970845481049563,-5.6677551020408155,28.90449438202247,8,343,11.866666666666667,29,314,0.3400879978215523,0.05634648783938898,0.32241351679893265,0.1150179995544084,0.8338660020142823,0.8725860225318445,5.667755102040817,0.8134110787172012,0.311698224051457,41.10342787318601,0,0.62709037462965,36.23506483566026
e6889668-56fd-4259-b46d-c4b487beb567,5778.727272727272,1901.6481495381365,0.32907733135511913,131.0599999999995,-389.79485714285715,11.1,3509.59,10391.18,3625.2684615384615,1595.3333674546216,0.23097981709153004,0.7414103451530691,0.25858965484693086,-14.025000000000091,-445.40171428571426,0.4400593733622715,5813.332307692308,-5975.759999999998,16825.210000000003,0,0,0.15719063545150502,54.97494983277593,24.98607242339833,8,299,11.966666666666667,31,268,0.36307711669760556,0.05734716672434949,0.06610357738413616,0.02779614888462385,0.514324009690715,0.7478021177933454,54.97494983277593,0.34782608695652173,0.30153140913277726,51.670078785978234,0,0.38169758033667306,62.48168533007608
e7693fb8-7e54-4390-b8e4-352ccf58f461,2453.443,836.4646971238203,0.3409350439866833,18.069999999999936,-3.2817142857143544,13.826086956521738,1988.0900000000001,4049.61,1700.8492307692309,618.3536488997961,0.17610704878648856,0.901224931657267,0.09877506834273303,-251.4000000000001,11.279428571428525,0.3635558271206306,2366.798380952382,-665.49,4495.850000000002,0,0,0.009523809523809525,7.693301587301589,26.25,7,315,12.0,24,291,0.3254968629799021,0.05375792304936369,0.19131848589920367,0.08699611117926932,0.6575693831077388,0.9377790659742566,7.693301587301591,0.8761904761904762,0.2780778289940229,46.45183487169621,0,0.2324572910235212,73.05419056849564
e7915b0d-9e7f-4e55-bfe6-38febc9f0c60,1234.3809999999999,438.5084676858842,0.35524563946292453,1.6449999999999818,-4.458000000000019,13.826086956521738,993.3,2068.44,1123.8715384615386,312.1365393233692,0.19204015241271075,1.1836159176137675,-0.18361591761376758,-1.4399999999999409,-56.40457142857149,0.27773328947421444,-431.3967118644071,-2266.5200000000004,914.1899999999999,68,133,0.823728813559322,-7.683118644067795,24.583333333333332,6,295,12.0,24,271,0.2985658398824998,0.05485421437951492,0.37623877878872086,0.15111946797625692,0.8807783010269925,1.2790891582908595,7.683118644067795,0.7457627118644068,0.2646914888301633,36.44332832207727,1,0.6925593449153996,30.617439025374775
e7b3a8b4-7629-45d6-ad0e-647eec1cc659,96.816,34.01767488298465,0.3513641844631533,0.0,0.0,27.636363636363637,80.68,161.36,623.0653846153846,191.1018284674161,0.08011012549615118,8.366230788299452,-7.366230788299453,121.79999999999995,29.11485714285714,0.3067123181387815,-3370.059651567946,-7131.690000000002,92.82000000000001,66,140,0.9790940766550522,-24.84909407665505,23.850415512465375,6,287,12.033333333333333,12,275,0.4247645017352502,0.09258800198314325,5.017125268550651,1.4251673277144274,6.959645099983473,1.1455822400460867,24.849094076655053,0.2682926829268293,0.2449736723519572,-251.32440342864837,1,0.7895593731016503,18.733038834296398
e7ef4cdc-2347-4fba-8a57-7df695341222,839.561,304.26555782189126,0.36241030469720636,0.125,3.5977142857142876,13.826086956521738,670.52,1433.46,1193.9491666666665,243.7522571441725,0.16244968553239636,1.7065335335967247,-0.7065335335967248,38.83999999999992,37.696857142857134,0.20415631079562085,-2439.7477450980396,-5931.7800000000025,717.74,64,140,0.9509803921568627,-19.384901960784315,25.786516853932582,9,306,11.866666666666667,24,282,0.3153791088437886,0.053878157751491546,0.6024946370781872,0.22227568931858432,1.1940275929920516,1.775160920986725,19.384901960784312,0.4803921568627451,0.2552307154338648,16.783223299302406,1,0.7397253398829424,23.609193061139063
e7f6c206-0b4d-462a-96ab-539860268224,3626.715,1281.0022810826251,0.3532128333995434,-21.2800000000002,-2.858571428571486,13.826086956521738,2958.7799999999997,6124.51,2463.3866666666668,778.3829620359625,0.3270998192190697,0.8150803137274365,0.1849196862725635,-772.6649999999998,-195.12771428571426,0.3159808293877111,5238.691711409396,730.5200000000001,9040.35,0,0,0.0,22.505067114093965,24.9025069637883,6,298,11.966666666666667,24,274,0.25909066469242825,0.0540624228813127,0.13432458850502452,0.043344459104175545,0.49082213518294104,1.1178299458355694,22.50506711409396,0.7483221476510067,0.2430766045660716,50.48078586116201,0,0.33668483873867294,69.6284504060055
e8464afd-ebc3-428c-b613-9c76d5c72188,4001.041999999999,1369.9946931835577,0.3424094756274886,-35.75999999999999,-18.747714285714313,13.826086956521738,3293.42,6643.139999999999,2611.0108333333333,1037.5044625924472,0.268261047046594,0.783099252644686,0.21690074735531398,-593.565,-352.3297142857143,0.3973573948247172,5940.981820987653,406.0099999999989,10782.3,0,0,0.0,26.78484567901235,27.150837988826815,7,324,11.933333333333334,24,300,0.27573617072752554,0.05356454643565351,0.12088400971546914,0.04246043905562601,0.4926451659342742,0.8617166311414254,26.784845679012342,0.6049382716049383,0.28437038911813534,50.45659772889356,0,0.28621206200882965,75.47143859084187
e860fc1b-e6ad-4dd0-9f28-e251abe99927,2436.8558333333335,617.3107272893573,0.2533226294495019,359.34000000000015,-34.36828571428571,14.32,1391.5,3309.84,2006.0774999999996,473.6309201770164,0.24223723493567254,0.8232237100608126,0.17677628993918734,-289.39999999999986,-96.42657142857134,0.23609801723862436,1138.648846153846,-1672.6300000000003,5169.34,0,3,0.2564102564102564,16.568397435897435,26.145251396648042,7,312,11.933333333333334,26,286,0.27852694062396655,0.054978289989115074,0.15867748981183746,0.053483877961594636,0.5456665983865138,1.0729553446163362,16.568397435897435,0.782051282051282,0.24187541774100615,54.74941236930996,0,0.31259651737937943,70.4588848388992
e90ee44a-0dc5-4885-b2c3-7a41a9ca85e2,1083.9175,233.2561738489174,0.21519735021246303,213.32000000000005,-32.334,11.387096774193548,693.76,1518.83,1360.2183333333335,331.1770465210779,0.20212870237743696,1.254909468048383,-0.25490946804838305,-182.42500000000007,-32.913142857142816,0.24347344717042574,-1603.092346041055,-4214.250000000001,212.75000000000034,76,168,0.9706744868035191,-9.723196480938416,28.575418994413408,6,341,11.933333333333334,32,309,0.285953497383334,0.05587909903967167,0.3407946945531678,0.1416044117748814,0.824231702751055,0.883863734273372,9.723196480938416,0.8123167155425219,0.2939264652365858,38.478231828282276,0,0.635299074559603,37.09473900614908
e922bf66-179a-496f-be31-dcb7d0135bce,3862.8360000000002,1376.5566034388528,0.356359059364377,-28.09999999999991,-28.633714285714348,13.826086956521738,3110.1099999999997,6490.8,2154.390769230769,869.4642509083926,0.20775996640849387,0.7250393234400838,0.27496067655991613,-1062.8200000000002,-211.18428571428572,0.40357778325370247,7182.069746835445,-837.29,12666.090000000004,0,0,0.0031645569620253164,33.61164556962026,26.480446927374302,8,316,11.933333333333334,24,292,0.26010630531557644,0.054577258780854274,0.12797281582754225,0.03970864929290292,0.4823650292168759,0.8829996946099429,33.61164556962026,0.3987341772151899,0.2600221086953727,52.236099616391286,0,0.23269565069946588,81.21466512289327
e972e2f7-9c2f-4626-8772-94c3d03c3fa0,942.5099999999999,112.92763209644082,0.11981584502704569,-108.87499999999994,-18.75942857142855,7.0,829.88,1127.66,1053.299230769231,309.43184950975177,0.13821333553398882,1.2106759256312047,-0.21067592563120469,-254.87999999999994,-40.22857142857138,0.2937739252726614,-1221.4269090909095,-2617.6199999999994,143.55999999999995,79,169,0.9787878787878788,-7.220515151515151,27.423822714681442,6,330,12.033333333333333,52,278,0.2997740077028361,0.04947958111850272,0.42990436883074634,0.1684951176468508,0.947653075298936,0.4078505092507465,7.220515151515153,0.6909090909090909,0.2137802903550675,42.10300911848721,0,0.6073399786674821,41.216994881481185
e97affb2-1ed9-413f-989b-870d6ff7502c,1427.0900000000001,162.63886251446792,0.11396538586526982,-177.63,-29.67542857142857,7.0,1283.72,1721.77,1531.6149999999998,301.8606478161736,0.20563479290378675,1.073243453461239,-0.07324345346123905,112.71500000000003,30.03371428571423,0.1970865053007274,-840.775982905983,-1692.050000000001,304.73,86,175,0.9971509971509972,-3.5735042735042755,29.49579831932773,6,351,11.9,52,299,0.29413702008983317,0.049956554947480525,0.276259731341401,0.11206137431182801,0.7324146806905428,0.5782505793147735,3.573504273504274,1.0,0.2782389830342482,49.7095701795778,0,0.5090157951916361,48.52975186723565
e9970ee5-a96c-46fe-807e-6c8273356b83,347.0083333333334,41.53986581002822,0.11970855400214657,-42.93000000000001,-2.595142857142855,7.0,303.21000000000004,417.15,789.263076923077,231.74875632117266,0.08947879326577274,2.464018635479455,-1.464018635479455,20.105000000000018,-9.326571428571423,0.2936267552571185,-3095.3449030470933,-6173.6300000000065,-89.42,82,175,1.0,-16.887313019390582,30.0,6,361,12.033333333333333,52,309,0.29497850676016424,0.049203909608318726,1.1630460363583968,0.422602723277539,1.9298311760044187,0.40768953053110585,16.887313019390582,0.43490304709141275,0.27054350601632293,-8.024537144384974,0,0.6499881524811585,34.07600158816792
ea1025fc-5779-4b09-9830-c5474a1781b6,1348.4033333333334,153.09733293403627,0.11353971704858556,-139.19999999999993,-18.37371428571428,7.0,1211.94,1577.76,1406.5024999999998,381.11927310167016,0.15679614267778885,1.0430873798888067,-0.043087379888806794,-146.83500000000015,20.681142857142866,0.2709694956828518,-783.2325626740947,-1365.7299999999996,6.850000000000136,84,167,0.9944289693593314,-1.9420334261838441,30.0,6,359,11.966666666666667,52,307,0.31212471046002555,0.05003324920090676,0.287917685361205,0.10536474002585774,0.7554403850479952,0.4190129105213923,1.9420334261838441,1.0,0.35144563672419116,49.45092337933312,0,0.46523760323874314,55.249606051005856
ea477954-db5c-41f4-8526-91b3e1bbf632,1737.2699999999998,237.05690663175832,0.13645369265097443,-40.190000000000055,-0.20571428571428702,10.580645161290322,1170.39,2153.84,1547.3761538461538,593.5375849449701,0.22452946402073187,0.9649186175244302,0.03508138247556984,64.39999999999998,-89.19028571428574,0.38357679447862425,-335.39283950617374,-2195.2500000000005,1407.3699999999994,54,113,0.7129629629629629,2.257253086419751,27.075208913649025,7,324,11.966666666666667,32,292,0.23786170255630965,0.051530562319040796,0.23817637250782359,0.09651973114906338,0.6240883685322375,0.3557402184260097,2.2572530864197513,1.0,0.3351330714176703,49.63810862992107,0,0.527735942822686,50.42013676330635
eb1aa9db-944f-4210-a63e-0c87ebf37238,1418.493,488.442750154907,0.3443392037570203,-8.245000000000005,-4.473999999999985,13.826086956521738,1133.0,2381.02,1454.0533333333333,450.1641304989534,0.17879330423459938,1.230082911935413,-0.23008291193541308,-369.88999999999993,-108.15171428571432,0.3095925852093596,-835.2284810126581,-3263.7100000000014,1173.3400000000001,76,155,0.8607594936708861,-10.328196202531645,26.629213483146067,9,316,11.866666666666667,24,292,0.28152130465219066,0.054698190262482786,0.35484489525150986,0.12852513195341816,0.8195895221196016,1.112233368005773,10.328196202531645,0.8037974683544303,0.2701219120802539,34.274655705685674,1,0.7576525295836197,25.846260347739598
ebb96715-397d-42a9-9762-8df0372baa92,1469.6789999999999,519.6368750376447,0.3535716813247279,25.395000000000095,7.7291428571428895,13.826086956521738,1194.9299999999998,2469.74,1245.0815384615387,353.77078885549037,0.21932638331996793,1.1013330121747675,-0.10133301217476744,-23.68999999999994,-44.2565714285714,0.28413463530478533,230.4037459283385,-1489.2700000000004,1180.4699999999998,41,42,0.2182410423452769,-4.851042345276874,25.51246537396122,6,307,12.033333333333333,24,283,0.3004819419750844,0.05674504432600589,0.30370917731014724,0.1145495036671273,0.7754856672783648,1.2443807878101834,4.8510423452768725,0.9478827361563518,0.22860906236601125,39.65683636717176,0,0.6613820203901016,33.76602247370131
ebd9ec30-301b-499a-8537-2e4aaeb28608,4015.59,1385.5039971553072,0.3450312400308067,10.620000000000118,-16.530285714285636,13.826086956521738,3268.0,6699.0599999999995,2692.1575,1201.042320570875,0.20330131749968813,0.8045116657826122,0.1954883342173878,-430.53,-121.85314285714287,0.4461263208303657,5893.249413580245,-115.92000000000067,10327.38,0,0,0.006172839506172839,24.228425925925922,27.075208913649025,6,324,11.966666666666667,24,300,0.34594368448970136,0.05454964276731439,0.1133830894090283,0.04323872706127867,0.5571151437273227,0.7733935971063245,24.228425925925915,0.5679012345679012,0.176715143894813,48.546069751164,0,0.2865403106285141,75.13842838700914
ec1137fc-facc-4a4f-a89f-f3976b69ff69,1913.04,199.65170345105773,0.10436358019228961,-208.43499999999995,-36.419428571428575,7.0,1701.74,2229.8,1801.184166666667,494.2971406582065,0.24706570353485047,0.9415297989935738,0.05847020100642624,-137.985,-63.64599999999994,0.27442898389062,-171.6964657534242,-1215.5399999999995,1342.2700000000007,16,88,0.6712328767123288,3.677452054794523,30.58659217877095,6,365,11.933333333333334,52,313,0.2537113703843097,0.05099780105660798,0.20885954641129645,0.07492568547094326,0.5884944033231575,0.3802935780059082,3.6774520547945215,1.0,0.22223805542742484,53.719320956675965,0,0.5660547492473871,48.7059856834766
ec618e11-b733-4f5c-9922-a6468cebd018,1419.4816666666668,299.7799422556284,0.2111897245982712,-357.515,56.82342857142859,11.4,909.74,1909.68,1410.677692307692,579.8208905796376,0.16823010871479666,1.0766142335993534,-0.07661423359935346,-417.2199999999999,-141.02057142857143,0.4110229386495247,-1094.0786538461548,-2809.630000000002,953.5399999999993,71,147,0.9358974358974359,-4.182788461538464,26.07242339832869,8,312,11.966666666666667,31,281,0.33080384976206095,0.05387882196435554,0.28759500240111113,0.09352240078244523,0.7658000749099729,0.5138149352251862,4.18278846153846,0.9967948717948718,0.3119466312154387,42.37928014508723,0,0.60102979520498,36.75861209002022
ec9b0144-d821-489c-b32a-5a90a5dd5d1a,2177.487,774.9598288234042,0.3558964204256577,41.39499999999998,8.195714285714295,13.826086956521738,1770.15,3717.66,1575.2784615384614,494.78682065859016,0.22180303164959353,0.9404703679057559,0.0595296320942441,56.42499999999973,-75.7377142857143,0.31409483005015343,2093.9163486842103,-485.43,3665.5600000000004,0,0,0.003289473684210526,4.2639802631578965,25.263157894736842,6,304,12.033333333333333,24,280,0.2675175557879336,0.0546969970429215,0.2301809379344171,0.09100858007418647,0.6434040708394587,1.1330858911903439,4.2639802631578965,0.9572368421052632,0.2730369526852883,45.422396069996964,0,0.3726367205799016,61.11138600605085
ecfb8635-4c0e-4411-8dc6-835f3466d128,280.66799999999995,98.6166829249043,0.3513641844631533,0.0,0.0,27.636363636363637,233.89,467.78,813.3761538461539,240.2751564539588,0.14190141943977097,3.7674013425114383,-2.7674013425114383,29.39500000000004,8.719714285714312,0.2954047218101819,-3565.3974999999964,-7767.20999999999,362.75,82,155,0.9423076923076923,-24.894903846153845,26.07242339832869,8,312,11.966666666666667,12,300,0.44905724913420847,0.08977510795673181,1.6725454985962067,0.6660859093305972,2.877463765017744,1.1894332030648083,24.894903846153845,0.2980769230769231,0.28874898452698106,-67.14507367055579,1,0.7603250556486212,19.2408237094627
ed051bef-720d-4729-b36e-f272a440c96e,3131.3319999999994,1098.2744610200534,0.35073714988383653,-13.690000000000055,7.263428571428514,13.826086956521738,2520.5600000000004,5214.71,2199.8158333333336,897.3256897678925,0.23620954632944652,0.8430211168921086,0.15697888310789143,84.08499999999992,-222.3277142857143,0.4079094604970609,3933.902258064515,114.02999999999997,7229.769999999998,0,0,0.0,15.85654838709677,25.905292479108635,6,310,11.966666666666667,24,286,0.3017463494768361,0.05500534596778623,0.15571584233163396,0.056055378350171756,0.568522916126428,0.8598406848824819,15.85654838709677,0.7935483870967742,0.22783460282091794,47.59885161785934,0,0.40831215789618075,62.25238548804531
ed6d1246-165a-43c2-9cad-bf2f57a88940,454.0175,55.32773644795661,0.12186256355307144,-55.22000000000003,-14.374285714285726,7.0,398.72999999999996,542.0,911.7653846153846,258.35959773848106,0.13821791199659159,2.175567755281092,-1.1755677552810921,2.2800000000000864,-1.272285714285655,0.28336192851570735,-3255.1459195402285,-6499.649999999994,-145.9,84,171,1.0,-18.40442528735632,29.0,6,348,12.0,52,296,0.32135325180196805,0.05073042338676372,0.8968688798706363,0.32576938113618964,1.594721936195558,0.4300597620555661,18.40442528735632,0.4396551724137931,0.33227340029275415,3.65417431185002,0,0.5912767197286213,38.04081569189919
ed84ecea-f08f-4929-a5ca-f5c368a8354e,4333.465,1461.0825694459875,0.33716265608375456,2.0150000000001,5.284857142857098,13.826086956521738,3501.68,7116.65,2983.2049999999995,1311.4831936364678,0.30635479850250547,0.826093207167936,0.173906792832064,-211.8800000000001,-191.1265714285714,0.43962221625281134,5511.5045483870945,150.90999999999983,10296.189999999991,0,0,0.0,24.310290322580645,25.977653631284916,7,310,11.933333333333334,24,286,0.30566948158113655,0.05546992995212838,0.11350639730562033,0.04765009063186157,0.5222958994707468,0.7669372557138108,24.310290322580645,0.7838709677419354,0.2909032958401004,48.048947705713694,0,0.32049366327739953,70.16932811615176
ee00edcb-9b53-4d73-abfa-ee4cfd153eca,1640.3758333333335,446.38763518347696,0.2721252203992745,-397.995,78.4322857142857,13.48,915.66,2652.1299999999997,1415.4323076923079,602.5578130651842,0.23068298785584396,0.9347766340132421,0.0652233659867579,-38.694999999999936,-71.16942857142851,0.4257058495772095,194.21154362416087,-1330.9500000000003,2313.6899999999987,28,56,0.3926174496644295,4.308355704697983,24.9025069637883,7,298,11.966666666666667,26,272,0.2757477834093915,0.054051129542975675,0.2434442107017142,0.08827550190479724,0.6615186255588786,0.6392329836894093,4.308355704697989,0.959731543624161,0.29441236219214345,45.931061035947884,0,0.5954513449572431,38.866227043741596
ee2034ee-1d7f-47b0-bdbd-a2e901249858,3328.8239999999996,1183.3447285010027,0.35548431773533323,14.289999999999964,9.286285714285727,13.826086956521738,2699.94,5616.68,2169.126923076923,742.9012529646252,0.2702866981220733,0.8471054642720672,0.15289453572793277,-285.89999999999986,-34.32400000000004,0.3424886045445483,4242.927987012991,-817.11,7782.560000000005,0,0,0.003246753246753247,16.524642857142858,25.666666666666668,6,308,12.0,24,284,0.2945580781681459,0.055271771652691766,0.14142321732840185,0.05932485466338864,0.5505779218126282,1.037944950630013,16.52464285714286,0.8441558441558441,0.24647669303317715,48.60147980616634,0,0.32786994298643846,70.88392735844664
eebd5fef-9758-4665-b675-a83a2b3d7329,6402.4839999999995,2151.4834058812125,0.3360388570875324,-61.86000000000058,4.635142857142896,13.826086956521738,5184.4400000000005,10499.01,3670.136923076923,1421.3526196337568,0.2747552072045939,0.7452073289054686,0.2547926710945314,-959.925,-44.31085714285722,0.38727509338865246,10540.51069306931,-1801.96,19626.99,0,0,0.0033003300330033004,53.838481848184834,25.32033426183844,7,303,11.966666666666667,24,279,0.3377364160535192,0.05473688024835362,0.0731303662765889,0.02703200820181667,0.4926356707802784,0.8677006676241336,53.83848184818483,0.41914191419141916,0.3234138403555684,52.36503926338224,0,0.28314738606978496,78.45140706443311
eee58efb-bb97-40e3-ba55-adbdd1ed5c3a,1146.256666666667,269.20419685818536,0.2348550762553343,-174.22500000000002,-5.478571428571403,13.192307692307692,747.6600000000001,1605.8600000000001,1490.9383333333333,310.42356004873943,0.19642607619586322,1.300701995190141,-0.300701995190141,-74.28500000000008,37.93485714285713,0.20820684069120193,-2235.0514121037454,-4659.589999999995,140.96000000000006,85,166,0.9740634005763689,-11.919827089337177,29.078212290502794,6,347,11.933333333333334,27,320,0.32811150498579444,0.05435228293837622,0.3551451536450534,0.12385533199370706,0.8614642735629311,1.127989241254831,11.91982708933718,0.6945244956772334,0.30894358474473005,36.76213109091029,0,0.623539609027294,37.65270488796861
eeeee792-22a8-4699-a4a0-d9afd7618b39,6438.911,2224.5836663342443,0.3454906685826601,88.96000000000004,13.174857142857192,13.826086956521738,5161.16,10710.46,3299.33,1523.9866526318397,0.21002865616772082,0.6661264614466638,0.33387353855333624,-1798.17,-498.68142857142834,0.46190791846582174,12643.922018927446,-1601.83,23691.20000000001,0,0,0.0031545741324921135,67.81646687697162,26.343490304709142,6,317,12.033333333333333,24,293,0.2985281206713371,0.0556028806734555,0.07245806006636837,0.027766807151085017,0.4543558685622461,0.747964377251143,67.8164668769716,0.24605678233438485,0.18908011393455412,53.752063115337215,0,0.19541890158598293,80.27361739363077
eefdb97c-e395-409d-88f9-f77faff4b097,951.6670000000001,337.29690804821934,0.35442744998851416,5.844999999999914,5.38857142857142,13.826086956521738,776.49,1636.15,1070.1792307692308,354.5934704104015,0.1769423238235436,1.461890556255497,-0.4618905562554969,41.27500000000009,15.483142857142878,0.3313402654577069,-1518.4644336569577,-4395.659999999999,663.46,76,151,0.9093851132686084,-14.225436893203883,25.678670360110804,6,309,12.033333333333333,24,285,0.32031792633347594,0.05580523439396344,0.5153136548813818,0.1695488022596139,1.060985617868435,1.0696781735806093,14.225436893203883,0.47572815533980584,0.21678827342364648,24.26474894097056,1,0.7464240867560722,24.12141909157201
ef9582e0-e97c-4e3c-a40f-be0df74f0cec,3377.204,1194.8582735965895,0.35380103588548084,-6.615000000000009,-10.137142857142836,13.826086956521738,2769.7700000000004,5676.65,2343.515,645.1908695529917,0.2777512269674684,0.8327059899253939,0.16729401007460612,-702.25,-62.244285714285795,0.27530904199588724,4445.111383647801,-4.040000000000148,7816.430000000006,0,0,0.0031446540880503146,17.766855345911946,26.64804469273743,7,318,11.933333333333334,24,294,0.27007074491206334,0.056150294740856636,0.13677556937632432,0.05638362384978816,0.5193802328790325,1.2851050344026338,17.766855345911946,0.8113207547169812,0.20744479979859315,50.571548486502074,0,0.3469979799207069,68.12204433097357
eff881f3-de18-4f75-a37d-75353361fc9e,3262.818,1146.7802781391426,0.3514692753745819,-9.485000000000127,15.623428571428498,13.826086956521738,2623.01,5536.18,2116.7915384615385,735.929811223486,0.21190161161903592,0.8433902841041088,0.1566097158958912,134.0250000000001,-137.19228571428562,0.3476628651673239,3343.857563291136,-844.46,7228.279999999993,0,0,0.022151898734177215,16.170537974683544,26.480446927374302,8,316,11.933333333333334,24,292,0.310575704804865,0.054662564691012494,0.14894057835895227,0.05898827332692169,0.5731671211817515,1.0109485670994112,16.170537974683544,0.7246835443037974,0.25337366529678984,48.76705307125171,0,0.31817236133828347,68.80267452823841
f083f7ad-f9a7-44df-bdb9-51d60ab5ef39,2186.9800000000005,777.06638998508,0.3553148131144683,5.360000000000127,-0.16771428571425012,13.826086956521738,1774.62,3675.96,1976.2466666666667,605.8096595066103,0.27421256455840537,1.0843702274369222,-0.08437022743692214,-58.70500000000004,61.25942857142858,0.3065455692980011,376.6560396039601,-1845.1600000000003,1873.46,32,35,0.20132013201320131,-6.08963696369637,25.32033426183844,6,303,11.966666666666667,24,279,0.34409642520736355,0.05461732617582238,0.2212333903373602,0.08286586982962807,0.7028130115501742,1.159092965943531,6.089636963696369,1.0,0.2776829478101587,39.83483512312904,1,0.7122638534284036,28.625328400207312
f0d83e54-e8d7-45be-a394-1b1b9d0ec124,3083.296,1064.5958877662872,0.34527852264793496,-31.424999999999955,-7.918857142857113,13.826086956521738,2536.5,5123.13,1950.9966666666667,741.7299370247825,0.21365447403805576,0.7593160046910837,0.24068399530891627,196.06999999999994,-153.49400000000009,0.3801800124507897,5299.0855417956645,310.78000000000026,9865.289999999999,0,0,0.0,22.97523219814242,27.219101123595504,9,323,11.866666666666667,24,299,0.2562841841976897,0.05359297323383807,0.14638490757942146,0.05484196132969393,0.5111040263406432,0.9081974626233872,22.97523219814242,0.48297213622291024,0.29496078072916576,51.665403883902805,0,0.3066118715504083,70.3509138514939
f0dee241-3b11-4395-bd7d-36050bfbabb0,8148.740833333333,1509.6265042143755,0.18525886822158827,-726.8949999999995,-397.8322857142858,9.297297297297296,5750.8,10500.42,5574.243076923076,2459.2212158133334,0.289920563205822,0.741067050338759,0.2589329496612411,-3074.4400000000005,-302.2457142857143,0.44117581201191497,9012.839878419456,-6781.860000000001,26317.840000000004,0,0,0.1094224924012158,76.95966565349543,27.34072022160665,6,329,12.033333333333333,38,291,0.35061981457462393,0.05414957259756595,0.04710349421060862,0.021308404601160777,0.4731812859839593,0.41992072814858883,76.95966565349543,0.41641337386018235,0.34155516940830594,55.976035699563695,0,0.30504884254028997,73.04411493291684
f0e2759c-218d-4800-bb40-3e9270755aa5,2895.255,1022.2529709339725,0.35307873432011083,28.920000000000073,-3.0285714285714547,13.826086956521738,2367.46,4861.73,2050.2623076923073,803.0928192012204,0.2505912001503748,0.9205893781376769,0.07941062186232312,-220.9699999999998,-13.590857142857105,0.3917024744532076,2390.925933333332,-784.66,4717.809999999998,0,0,0.013333333333333334,7.663800000000004,25.0,6,300,12.0,24,276,0.32521902215867,0.05688549022452253,0.16397933860748018,0.057193580530903156,0.6032774315215759,0.9013952102625516,7.663800000000001,0.9533333333333334,0.34480653694968116,44.750013355825445,0,0.46953531153936673,52.11695486257662
f0e404e4-a382-4c99-82e3-968de92d9794,3983.9780000000005,1436.321616775915,0.36052448501872114,44.77500000000009,9.244285714285759,13.826086956521738,3211.11,6819.85,2367.6830769230774,1019.2413075533569,0.21562527209332846,0.7725916157167536,0.22740838428324642,-736.1200000000001,-177.8462857142856,0.430480463152996,5965.408233438487,-1049.16,11117.950000000006,0,0,0.012618296529968454,28.580126182965294,26.564245810055866,8,317,11.933333333333334,24,293,0.3160137932488583,0.05415993763017767,0.12486665338011405,0.03892139966636362,0.5339617839255136,0.8374932566697877,28.580126182965287,0.4921135646687697,0.22615715200968936,49.6709915577083,0,0.25120862683687434,78.61701082694472
f13a5785-e195-4c97-8bf7-c5ed58e6f239,3372.2450000000003,645.8503905211822,0.1915194152622903,-77.12000000000012,160.87314285714288,11.366666666666667,1909.37,4498.91,2488.898461538462,810.1909651006788,0.2185100112252316,0.799558355536643,0.20044164446335705,8.940000000000055,-266.3605714285715,0.3255219036134868,2318.8945906432746,-2461.77,8798.999999999996,0,0,0.2894736842105263,23.717134502923976,28.42105263157895,6,342,12.033333333333333,31,311,0.33864680650427237,0.05472294173960274,0.11528052281689695,0.046726537761441804,0.5553768088222139,0.5883457092635268,23.717134502923976,0.5877192982456141,0.329480635239315,55.76164524839583,0,0.31018964461540766,70.13090515925799
f13eb926-43c0-43ca-a6a4-8e1787fabbb3,1099.9041666666667,126.66298601610161,0.11515820182767585,-119.24000000000001,-9.63314285714284,7.0,973.13,1288.81,1238.3523076923077,432.6663124771376,0.22470304834339422,1.219695655303303,-0.21969565530330287,75.78499999999997,-7.338571428571504,0.349388707712282,-1624.306250000001,-3147.6300000000015,-319.2,86,165,1.0,-8.429447674418604,28.666666666666668,6,344,12.0,52,292,0.29020710137625616,0.04958462290275289,0.3437640400489436,0.1378142792743307,0.8213700436022832,0.3295990948926359,8.429447674418604,0.8343023255813954,0.21843789949175638,40.76965357879197,0,0.6407659410269887,37.58017253438019
f15631f5-acd9-4f08-8849-b6dd81024a39,2797.932,999.6034720138892,0.35726510580453325,3.0049999999998818,8.766571428571439,13.826086956521738,2264.25,4780.16,1743.405384615385,552.6163189564013,0.23102133887391915,0.810036484088963,0.189963515911037,-329.8000000000002,-34.605999999999966,0.31697522781158255,3910.046253968255,-602.07,7242.840000000002,0,0,0.0031746031746031746,16.8731746031746,26.25,6,315,12.0,24,291,0.2582207144419521,0.05466894835185416,0.1790107836788028,0.06400798875741083,0.5559084352300199,1.1271073398104787,16.8731746031746,0.6412698412698413,0.29163480668029457,50.54108290607383,0,0.23620265562441609,80.26517097307797
f16eedfd-2f04-4d8b-947c-d65bb89b3f03,4466.965454545454,1477.5917585880318,0.3307819981201058,1078.8899999999999,268.8537142857142,14.458333333333334,3505.2,7312.11,2787.9630769230766,1106.2963667449499,0.2985259158050874,0.7376071044365689,0.2623928955634311,-547.8950000000002,-190.23399999999998,0.3968116995171647,5986.467890173412,-2104.08,13795.810000000001,0,0,0.008670520231213872,37.263294797687855,28.753462603878116,6,346,12.033333333333333,25,321,0.2569260970738322,0.0492359873349042,0.10462583710479069,0.03294894927652736,0.44373687079005447,0.8335994087941383,37.26329479768786,0.47109826589595377,0.24405355771183376,52.636021888590776,0,0.3394440873136142,67.23074727379432
f1c55333-b059-4767-b6ae-c5d4eb415472,7702.5427272727275,2691.269583739581,0.3494001499284757,2236.5350000000003,637.8108571428571,14.458333333333334,5905.79,12449.31,4210.254615384614,1809.3302309170253,0.28136266562354806,0.6459886859085612,0.35401131409143877,-1504.69,-614.6977142857144,0.4297436607053609,12911.21,-2015.74,30721.100000000006,0,0,0.006514657980456026,97.70247557003258,25.726256983240223,8,307,11.933333333333334,25,282,0.28548872349945364,0.047354610289848796,0.058945705886733736,0.01873796811135685,0.41052700778739304,0.8130431740516819,97.70247557003259,0.23452768729641693,0.21535368498634566,55.083574851696056,0,0.35518675303766867,64.09566053732414
f1d3fa5a-0d59-44ac-964c-a3623adbda23,2216.9275000000002,297.8324846170777,0.13434471114507698,118.51000000000022,9.035999999999968,9.333333333333334,1785.1399999999999,2821.44,1725.9115384615386,597.2565006880232,0.18328285833350047,0.8433913603399298,0.15660863966007016,-345.71500000000003,-38.88857142857149,0.3460527885574089,1728.8524285714268,-2589.0100000000007,4395.59,0,0,0.12857142857142856,11.903657142857142,29.24791086350975,7,350,11.966666666666667,37,313,0.29623431528545696,0.05047000108633834,0.18517369948573723,0.07260123150922466,0.6044792473667572,0.3882202819550165,11.903657142857142,0.7971428571428572,0.24410333892681013,55.312948480902314,0,0.32864733706094795,69.18965477518684
f31fda4b-9ee5-41cc-816a-d9e1348f99f3,297.74399999999997,104.6165777387971,0.3513641844631533,0.0,0.0,27.636363636363637,248.12,496.24,988.2924999999999,241.2258089661296,0.16299998903833293,3.983123085603741,-2.9831230856037405,12.8599999999999,82.52657142857139,0.24408341555372484,-4023.723953488368,-8882.069999999998,496.24,75,154,0.9634551495016611,-29.50853820598007,25.153203342618383,6,301,11.966666666666667,12,289,0.47775270030630346,0.09014455371057017,1.4251235961094093,0.6190250685152345,2.6120459186415177,1.4395250233042363,29.508538205980066,0.26578073089701,0.26785423681079573,-74.74751726911873,1,0.7676965812127363,18.29472050369298
f3620151-f439-4b0b-96be-58978d38f475,1376.073333333333,165.45970519260644,0.12024047060908077,-185.27499999999998,-21.963428571428587,7.0,1236.5,1624.5,1287.2330769230769,454.72526946469947,0.22216405731315175,1.0133925759770555,-0.013392575977055354,170.99500000000006,-33.75285714285713,0.35325791235232,-343.02089506172825,-820.2699999999998,206.07999999999998,73,152,0.9290123456790124,-0.6825617283950626,27.0,6,324,12.0,52,272,0.24327918570231236,0.049861683728095886,0.29429209199122136,0.10921898542228853,0.6966519468439182,0.340375873843583,0.6825617283950611,1.0,0.27213229568729114,48.79192459559896,0,0.44223199376509204,55.574102420753
f41b1e07-bc5f-4767-a237-0f07d4901f74,1598.9199999999998,181.69871961324026,0.1136384056821106,-159.5,-24.456857142857135,7.0,1420.83,1937.26,1427.8708333333334,361.0375652693306,0.18751054162812342,0.8930220607243226,0.10697793927567739,-360.365,-91.32657142857147,0.2528502976886896,515.8027027027025,-826.82,2052.5899999999992,0,0,0.18018018018018017,6.163933933933932,27.827298050139277,6,333,11.966666666666667,52,281,0.2577739974482776,0.05010465397476631,0.2336743968845638,0.09545818427438522,0.6370112325819929,0.44942959023929135,6.163933933933933,0.9039039039039038,0.2260031690541569,55.812959446789975,0,0.3997109301608592,58.663117576074626
f499a3bb-d090-4987-8627-cd43668496c7,3790.703,1302.0898918367093,0.3434956238557094,60.27500000000009,17.697714285714238,13.826086956521738,3107.4700000000003,6321.8099999999995,2674.395833333333,982.3337148801069,0.3148602098604825,0.8466173688627149,0.15338263113728515,-701.3150000000003,-31.95257142857151,0.3673105165048581,4626.213181818183,-96.11999999999976,8391.849999999999,0,0,0.0034965034965034965,20.32965034965035,23.899721448467968,6,286,11.966666666666667,24,262,0.311938972797394,0.05559549244559651,0.12369974645863842,0.04061700428653999,0.531851215988169,0.9351641415667616,20.32965034965035,0.8566433566433567,0.3585417267139775,48.484226199722954,0,0.31331682752402035,68.4597867512581
f4b1ea91-0cb8-4a50-97a6-f2f1ae72c230,2090.528,725.221542485084,0.34690831334719463,1.740000000000009,-12.609142857142855,13.826086956521738,1714.52,3483.22,1667.9361538461537,544.4084817723186,0.2606307103619996,1.0372102167490702,-0.03721021674907024,-309.4000000000001,-113.73942857142853,0.32639647537883726,677.743557692307,-1088.0700000000008,1937.12,11,11,0.09615384615384616,-2.493237179487175,26.0,6,312,12.0,24,288,0.2791562705689663,0.05453359151372285,0.2241347640404721,0.08782422431079612,0.6456488504339574,1.0628433194462348,2.4932371794871777,1.0,0.23802838791560457,41.576412422044605,0,0.6349740108540007,37.40540326186949
f50ad8f5-5acf-4f31-8ecb-3b57e6536516,5147.378181818182,1724.7248048649278,0.3350686007406808,987.3800000000001,286.6665714285714,14.458333333333334,4073.9300000000003,8614.97,2775.221538461539,883.4114147142519,0.28786087209115385,0.6371801637409054,0.3628198362590946,-329.94499999999994,-155.38571428571427,0.31832104301265135,10015.913250774001,-2222.5,21901.940000000017,0,0,0.009287925696594427,63.60148606811145,26.991643454038996,7,323,11.966666666666667,25,298,0.23551265993137546,0.04997319023488746,0.08563282702085227,0.03702114191938138,0.4081398191064966,1.0526121602565992,63.60148606811146,0.24148606811145512,0.3223834105551656,58.094314567890336,0,0.25380777683335787,74.24902189619024
f53efa75-201b-4126-9482-88bd8dd7b9a9,4388.4009090909085,1620.7720882619774,0.3693309070519113,-606.9100000000001,-182.7637142857143,14.458333333333334,2570.56,7577.24,2911.336923076923,1145.5801741940238,0.2919026363251565,0.7840375071391712,0.21596249286082878,-838.155,-43.10399999999997,0.3934893845894302,5415.023868852458,-1297.93,11428.18999999999,0,0,0.009836065573770493,34.18042622950819,25.487465181058496,7,305,11.966666666666667,25,280,0.32265138616447786,0.05115261492019977,0.09665086122694103,0.035904567433032664,0.5063594297446513,0.9386044999340298,34.18042622950819,0.5770491803278689,0.3547297065212969,49.6887848110872,0,0.27713088446367606,79.77792921343541
f5d3b735-3e30-4049-9872-724e9daedbe2,1987.7216666666666,566.0758187546859,0.2847862596899562,759.3599999999999,-124.9840000000001,11.689655172413794,762.13,2841.05,1768.8815384615384,699.8584713336231,0.18576101543522072,0.9640627083101004,0.035937291689899606,-439.4900000000001,-185.9388571428572,0.3956502773737556,-1016.5657627118653,-2916.040000000002,1488.8599999999988,49,118,0.8949152542372881,2.9057627118644063,24.85955056179775,11,295,11.866666666666667,30,265,0.3429152136491276,0.05858717644069885,0.22189977973106562,0.08019063701909974,0.7035928068399917,0.7197928978599694,2.9057627118644076,1.0,0.26535716180498237,44.98089832942219,0,0.4976617884323929,46.21811358374631
f63b934f-ac33-4a84-aef3-717c4bddfd4a,911.3075000000002,101.42316071561493,0.11129411391392575,-95.53500000000003,-14.984857142857123,7.0,782.77,1066.53,1186.95,319.1902866890951,0.19168910620951565,1.4110083588689877,-0.41100835886898773,136.04500000000007,29.874857142857167,0.2689163711100679,-2301.2027988338195,-4665.139999999999,-239.51,86,169,1.0,-13.103965014577259,28.50415512465374,6,343,12.033333333333333,52,291,0.2628201786992866,0.05210370813364315,0.43590939392027395,0.203078177965908,0.9539114587191116,0.413861430059135,13.103965014577259,0.717201166180758,0.2817881642347711,34.842514805621356,0,0.6069540299144854,41.960414585124994
f662d4d7-f1c8-4ca0-92a9-0ced79282ab9,4147.165833333333,1125.2728678410595,0.27133539218435554,-908.8700000000001,-471.91685714285717,11.266666666666667,2949.52,6900.0,2934.6892307692315,1352.119094165781,0.21565879338291885,0.7666070744297461,0.2333929255702539,-853.3900000000002,-150.26600000000008,0.46073672128185367,4238.513483870968,-4073.4300000000003,12098.18,0,0,0.16451612903225807,37.46783870967742,26.050420168067227,9,310,11.9,31,279,0.34722267154737607,0.05840514777260536,0.09014911589219868,0.03152152705090364,0.5272984622630837,0.5889163586298286,37.46783870967743,0.44516129032258067,0.28420490598401715,51.98092083164242,0,0.38583379901277204,62.25902708233882
f69996e5-72c5-4285-b10b-9fa98238d16d,2297.6024999999995,623.0152105413713,0.27115883210493175,9.419999999999959,-49.96742857142857,12.74074074074074,1634.05,3451.76,2018.2341666666664,580.7123188645653,0.20099955365271868,0.8784087615967806,0.1215912384032194,-263.45500000000004,32.66914285714286,0.2877328748346754,1521.5988690476186,-2376.8900000000003,4887.799999999999,0,0,0.13392857142857142,9.977440476190473,28.077994428969358,6,336,11.966666666666667,28,308,0.28054025881326294,0.053987435453550676,0.1939507232720485,0.07162538631754914,0.6001038038564113,0.9423978134606039,9.977440476190472,0.8541666666666666,0.2903875128464198,50.97422707628731,0,0.4493635278917175,60.180139311328745
f70e72f6-2b06-4394-bb5e-881851ba8b36,5105.793636363636,1653.5138111202623,0.3238504978626399,371.19000000000005,98.78542857142867,14.458333333333334,4156.860000000001,8479.15,3100.1361538461542,1216.6984433330117,0.309028610902201,0.7175764501396187,0.2824235498603813,56.260000000000105,-107.6071428571428,0.39246613147087955,7953.127610062893,-1311.78,16735.779999999995,0,0,0.0031446540880503146,49.88037735849057,26.5,6,318,12.0,25,293,0.280276256580537,0.05000985511467989,0.0809666665657712,0.031372560191426035,0.4426253384524141,0.8251680129669207,49.88037735849057,0.4088050314465409,0.28828163130304196,53.732104429118465,0,0.30155369118770325,72.6341024967246
f7104616-1ebe-4997-a43a-cdb1badaf04e,1988.8300000000002,206.41274947409264,0.10378601965682971,-175.28500000000008,-30.703428571428518,7.0,1785.27,2370.24,1759.457692307692,605.771996301054,0.2527177298949195,0.9583922037915088,0.041607796208491164,-118.91499999999996,-66.3014285714286,0.3442947215778333,-224.2227323943669,-1314.6300000000006,995.879999999999,18,106,0.6788732394366197,2.797211267605634,29.501385041551245,6,355,12.033333333333333,52,303,0.30487774219013186,0.050137518038243574,0.20474684445964036,0.06947174972219847,0.6292338544102143,0.301445282638082,2.797211267605634,1.0,0.30540048397779906,51.664836827078084,0,0.44436507315578816,54.96150517985145
f72bdabb-98a4-4973-a2ac-45e248493cf7,2065.9659999999994,727.4723045694286,0.35212210877111666,-16.809999999999945,7.880000000000011,13.826086956521738,1644.92,3527.25,1701.9933333333336,511.0682603284531,0.24310710186878914,0.9885893572304674,0.011410642769532587,-173.64999999999986,-98.8497142857143,0.30027629974762127,1067.6946598639458,-390.9899999999996,2314.540000000001,0,0,0.05102040816326531,0.8018367346938776,24.568245125348188,6,294,11.966666666666667,24,270,0.2739018938356198,0.05305411608903535,0.2363877237089091,0.07905405994096708,0.6423977935745313,1.1726603433806504,0.8018367346938776,1.0,0.3215455211340429,43.887236452695376,0,0.45736937784785603,57.05423405896673
f7b35428-9868-46ae-a06e-0d8dc56a6438,1634.7140000000002,601.4743777714522,0.36793859829392306,4.869999999999891,-0.2894285714285875,13.826086956521738,1323.25,2830.58,1421.5007692307695,551.8000999525937,0.200493411351275,1.1304430010387139,-0.13044300103871398,-56.83999999999992,51.8405714285714,0.3881813586715079,22.45668789808913,-2132.37,1326.2900000000002,71,109,0.48089171974522293,-6.790987261146497,26.312849162011172,8,314,11.933333333333334,24,290,0.31037355769877795,0.055220056841747245,0.3099068093868408,0.11977079782763224,0.7952712217549982,0.9478523120047222,6.790987261146497,0.9140127388535032,0.24700438485652487,35.98049483620359,0,0.6846279447206292,32.28699041484663
f8ef38ab-842c-4e1f-a75f-27f669d69091,4915.413636363636,1704.9395237736305,0.346855758213448,1475.07,415.3585714285713,14.458333333333334,3869.02,8015.54,2977.475384615384,1050.427935046914,0.267426611806905,0.715877605787361,0.284122394212639,42.92000000000007,-284.6122857142857,0.3527914757833013,6501.677019230772,-2664.8,16167.340000000007,0,0,0.01282051282051282,49.238365384615385,26.0,7,312,12.0,25,287,0.2957080279011014,0.048571885654679944,0.0939451132846491,0.03225956199006649,0.47048458883049693,0.9831749971943788,49.238365384615385,0.3814102564102564,0.2707453759225032,53.90339350643609,0,0.3390305060992419,69.26111277170587
fa0bce1f-7f75-45f0-9e87-4e55234341a9,3868.0510000000004,1332.056117807271,0.34437398002437686,9.540000000000191,5.163428571428605,13.826086956521738,3137.63,6436.67,2802.655,802.7126869162863,0.29263145124890505,0.8694781945739598,0.13052180542604017,-618.5150000000002,-330.42542857142854,0.2864115229724266,3837.6705471124615,-225.75000000000037,7131.030000000001,0,0,0.0060790273556231,15.34544072948329,27.493036211699163,6,329,11.966666666666667,24,305,0.31346018964072603,0.0548930197662854,0.12451102635409925,0.050125502481740795,0.5429897382428515,1.202374738454676,15.345440729483284,0.8267477203647416,0.16777395005806992,49.16142235686177,0,0.4292370690959506,58.91985738518739
fa7ee551-3470-4b1e-a718-23622bd278e7,1474.8049999999998,514.928428602785,0.3491501782288404,-8.394999999999982,-0.1231428571428361,13.826086956521738,1196.09,2473.17,1344.0969230769228,440.1608524426916,0.2152242912885174,1.1847844291279188,-0.18478442912791881,-51.89499999999987,42.74057142857144,0.32747701812684016,-382.58304918032803,-2725.2100000000005,922.3900000000001,70,142,0.7442622950819672,-8.935114754098361,25.346260387811636,6,305,12.033333333333333,24,281,0.332269011835463,0.05311820884794939,0.325429463556199,0.13384752560508,0.8446642098446914,1.0661822323470824,8.935114754098363,0.8098360655737705,0.28997737113738364,35.58457712548123,0,0.6397769848035044,36.63350927922045
faec7c19-dba5-4b16-a73a-38ab0769dacb,164.748,57.88654666193557,0.35136418446315326,0.0,0.0,27.636363636363637,137.29,274.58,764.2030769230769,247.13615246744106,0.08505693210825958,6.030203705052566,-5.030203705052566,-39.77499999999998,-39.32685714285714,0.3233906796901281,-3919.254205298014,-8287.159999999998,197.02999999999997,71,150,0.9668874172185431,-27.44092715231788,25.3781512605042,9,302,11.9,12,290,0.5648626993954402,0.08990093961686942,3.005056207055625,1.1527605797945955,4.81258042586253,1.086500652399226,27.44092715231788,0.30132450331125826,0.24322371016966898,-158.2168873297998,1,0.6917023080576933,31.477159523300628
faf4db20-3288-4461-a9ba-a6ebce2d1410,4933.757,1733.838085962598,0.351423486394364,-35.67000000000007,-27.201714285714246,13.826086956521738,4008.45,8346.119999999999,2951.9569230769225,1084.765554965562,0.2514600484059597,0.7778137431575977,0.22218625684240234,-1252.06,-156.26057142857144,0.3674733687627375,7142.454100946371,-2617.56,13608.889999999998,0,0,0.00946372239747634,34.58085173501578,26.343490304709142,6,317,12.033333333333333,24,293,0.3183245546953367,0.053168406956402604,0.09528296590204989,0.039422290153325344,0.5061982177071145,0.9563236856526159,34.58085173501578,0.5394321766561514,0.22834917332543947,50.99527830661042,0,0.28350807129678884,74.85156339073247
fb4e94e6-9cd9-4839-a9c8-9f0c6f4cb303,3600.3659999999995,1236.766261606812,0.34351126013488964,87.09999999999991,-24.821428571428612,13.826086956521738,2886.83,6076.73,2453.9325,871.394931611744,0.2820517000094066,0.8178943474080137,0.18210565259198633,-363.9649999999997,-136.39114285714288,0.3551014266332689,4558.605798611109,-91.70999999999984,8498.939999999991,0,0,0.006944444444444444,22.76552083333333,24.201680672268907,8,288,11.9,24,264,0.3053989511066376,0.05478859649268991,0.1289091164620486,0.0440580207678886,0.5331546848292648,0.9673609689257909,22.76552083333333,0.7430555555555556,0.21928679782349347,49.876859766967385,0,0.24306044494957374,79.05637800144565
fb731fae-c4a2-42db-bf0b-3b7b33edde23,3278.704,1174.608088108067,0.35825377591513813,-43.059999999999945,1.245714285714283,13.826086956521738,2652.62,5507.94,2252.6976923076923,645.2335171878195,0.2645491371541881,0.8931904191412219,0.10680958085877806,-349.00499999999977,-280.0848571428572,0.28642703341469405,3179.4041800643095,-1761.28,5817.64,0,0,0.01607717041800643,11.260353697749197,25.916666666666668,6,311,12.0,24,287,0.3223127186839678,0.05453892757626185,0.14977625305608558,0.052070574226889654,0.5786984735432049,1.2507680285765905,11.2603536977492,0.9742765273311897,0.22330696153364157,47.7962292886031,0,0.32214679864578294,67.07330610783606
fb7c18f2-6b18-4f4a-b02c-cf451d4446bb,2154.669,767.3300473206502,0.3561243269015567,34.75500000000011,-7.301428571428557,13.826086956521738,1730.9499999999998,3618.31,1556.8424999999997,510.46447920452357,0.19007381928486664,0.8670524335756444,0.1329475664243556,-486.605,-52.836857142857134,0.32788447078270516,2504.2907191780823,3.139999999999816,4381.160000000001,0,0,0.0,9.810205479452058,24.53781512605042,8,292,11.9,24,268,0.273402550461347,0.05535049699048902,0.22613867837705004,0.08398366524046152,0.6388753910693475,1.0861274584045995,9.810205479452051,0.8047945205479452,0.2733604501846954,48.07648343427342,0,0.4275699353997654,60.48341318286212
fbbb9dc1-b8ce-4f44-b1af-01f8b554739b,4614.93,1597.5949827725424,0.34617967829902996,947.5149999999999,293.6597142857142,14.458333333333334,3612.62,7683.2,2868.505833333333,1177.8253432372603,0.23623593816409064,0.6780772603071099,0.3219227396928901,-861.7700000000001,-286.3591428571429,0.41060587346569005,7071.012697368422,32.68999999999987,16769.850000000002,0,0,0.0,53.7571052631579,25.403899721448468,6,304,11.966666666666667,25,279,0.292046584770418,0.048262723575241855,0.08939286580334224,0.040398524709229305,0.4701006988582314,0.8430948037277808,53.7571052631579,0.27960526315789475,0.28905379600936265,54.279401769430905,0,0.2536449332224699,77.60561368517689
fbd04c2b-87c9-4c5c-b8b8-86abc1d82e74,187.308,65.81332266342432,0.3513641844631533,0.0,0.0,27.636363636363637,156.09,312.18,849.9016666666666,143.86282903789947,0.12378883047254487,5.4449462916693365,-4.4449462916693365,129.235,38.82028571428573,0.16926996931554766,-3774.610999999997,-8325.739999999994,312.18,72,145,0.9666666666666667,-27.75246666666666,25.069637883008355,6,300,11.966666666666667,12,288,0.44115574348132497,0.09143229333504177,2.5942832126764475,0.7855724261643926,3.9124436756572067,2.0757620851702963,27.752466666666667,0.27666666666666667,0.1981915554936748,-131.724176586979,1,0.788045530777361,17.687142468206112
fbf1b723-2952-4682-92f0-42ac2f7fa06f,2205.6216666666664,538.0223633377288,0.24393229875676573,419.885,29.004285714285704,10.117647058823529,1116.82,2959.75,1742.417692307692,606.4403909447578,0.2091448531064043,0.8558218280106968,0.14417817198930316,55.385000000000105,-47.78371428571426,0.34804535882643406,997.9854740061159,-2423.2199999999993,4213.849999999998,0,0,0.2324159021406728,11.669816513761468,27.25,6,327,12.0,35,292,0.3145961116027,0.053630760186281566,0.1736154508214993,0.06362567469640079,0.6054679973068816,0.7008635299125243,11.669816513761466,0.8103975535168195,0.31697071663908194,51.48825074034047,0,0.31926294973284336,69.99480492430627
fc0cd741-70b7-4303-a19b-75ef402f7806,1561.7649999999999,539.2218239123239,0.34526437966808315,-14.159999999999968,-4.621428571428617,13.826086956521738,1259.1599999999999,2592.8999999999996,1368.5069230769232,446.59034549544793,0.20487347524730765,1.1391336084494148,-0.13913360844941475,-191.40999999999997,-47.18599999999998,0.326334005305098,-326.3188333333333,-2172.94,1093.48,71,145,0.7233333333333334,-7.243133333333332,25.0,7,300,12.0,24,276,0.3144211837248241,0.05626838865002096,0.31171142905622806,0.11947956318652293,0.801880564617596,1.0580091993333232,7.24313333333333,0.91,0.2665268549272396,37.55004416587895,0,0.609383853252372,35.053813959460186
fc7a1a7f-490d-4a59-893c-52d5e0d18423,4725.996,1615.8031971967102,0.34189686093613075,-53.00499999999988,-11.41799999999999,13.826086956521738,3850.0299999999997,7809.0599999999995,3017.3783333333326,1301.5919874022338,0.21909002682792517,0.7661568058881133,0.23384319411188664,-1435.8900000000003,-156.80314285714283,0.43136519309607096,7155.467575757575,10.489999999999732,12815.239999999993,0,0,0.0,33.48915151515151,28.125000000000004,13,330,11.733333333333333,24,306,0.3350633390294871,0.05555125311151343,0.09396220394600419,0.040140744935035916,0.5247175410220407,0.7925926022964621,33.48915151515151,0.4575757575757576,0.24981123237777605,50.46951807447012,0,0.27929675905207313,75.29837758362427
fc80f8d9-f129-494d-907a-5169d55be084,3444.262,1181.4182675806792,0.34301056876064573,24.909999999999854,-14.04828571428578,13.826086956521738,2800.9,5716.7300000000005,2298.1069230769235,724.6822983370554,0.2879212622831032,0.8673959762642911,0.13260402373570893,176.82500000000027,-156.72885714285718,0.3153388082425608,3821.584048442905,-1725.1,7502.909999999996,0,0,0.01384083044982699,15.803564013840848,24.01662049861496,6,289,12.033333333333333,24,265,0.30051720804050325,0.05359377422507347,0.14769782322018477,0.05447378857938217,0.5562825940651437,1.0877524738306223,15.803564013840836,0.9273356401384083,0.25930238902320607,48.70706772175777,0,0.32815724339071717,69.1463078328941
fc8d09a2-cd84-46e4-b340-859753d7a0d6,7613.8150000000005,2688.6356764899265,0.35312595282258974,-20.769999999999982,-14.844285714285746,13.826086956521738,6076.58,12805.04,3528.346923076923,1529.6539159800418,0.24231787777715041,0.602437936829303,0.397562063170697,-160.52499999999998,-513.4991428571429,0.4335327419124917,18200.57157407407,-1714.08,33220.19000000001,0,0,0.0030864197530864196,93.42481481481482,26.925207756232687,6,324,12.033333333333333,24,300,0.27015313610850805,0.05323520469042129,0.06430298083155422,0.023985479027268195,0.41167680065775175,0.8145312191757549,93.42481481481481,0.19444444444444445,0.334906017221837,56.63804910390036,0,0.25490187198424896,73.51037850726004
fcc5684f-72b0-4f9b-97b6-74cc56d5edfa,1476.6533333333334,286.69805216490664,0.1941539328785632,-389.96,-193.61428571428573,11.666666666666666,742.88,1858.64,1421.6838461538462,504.9965306735361,0.2262577041633729,1.0430054673179896,-0.0430054673179895,-287.745,-215.082,0.3552101488947272,-652.6668269230767,-1808.2799999999997,629.4900000000002,69,129,0.8717948717948718,-2.442467948717947,25.92797783933518,6,312,12.033333333333333,31,281,0.31425791655003665,0.050745943529964165,0.2496856630759646,0.11035201220778519,0.7250415353637506,0.5465889234378384,2.442467948717947,1.0,0.24892746358732795,45.35096034302898,0,0.5573330086814338,44.399920651824104
fd3c01b7-88fd-4c95-8f34-6e7f8a05edbb,1016.0966666666667,112.64148318152304,0.11085705413348766,-73.01000000000005,-5.020285714285735,7.0,920.35,1210.19,1122.3884615384616,417.50910119513475,0.15252089465802668,1.1966586184385346,-0.19665861843853452,-42.57499999999993,-90.12999999999998,0.37198270964301755,-1623.3804999999993,-2945.1399999999976,-167.29999999999995,68,158,1.0,-7.992966666666665,24.930747922437675,6,300,12.033333333333333,52,248,0.32762630852051483,0.052750886562630196,0.3832304341122401,0.11901262675139179,0.8826202559467768,0.29801668534506454,7.992966666666665,0.81,0.31608417488803076,41.36828944559364,0,0.44853913807981616,56.01986144290689
fd60ee9d-876b-486c-bac6-675ed4ecbc0f,1783.5008333333335,179.5957003665497,0.10069841124261675,-188.81499999999994,-5.245428571428543,7.0,1592.58,2046.32,1487.866153846154,489.0769410930905,0.23453102171101003,0.9037590394547054,0.09624096054529459,-228.71500000000003,31.257999999999974,0.32871030759643266,535.441643835616,-1045.7500000000002,2253.5299999999993,0,2,0.15342465753424658,5.6431506849315065,30.416666666666668,6,365,12.0,52,313,0.23527883595980004,0.05081438612541533,0.21419109700444025,0.0961129351869287,0.5963972542765844,0.3063439415056225,5.643150684931509,0.989041095890411,0.29160346309066265,54.254479932604625,0,0.4497528325678627,59.2124852918481
fd635259-a450-4be6-aa2d-2d487dcd9dc0,2449.051,864.5382455706887,0.35300949043963914,-20.139999999999873,5.1194285714285925,13.826086956521738,1976.0700000000002,4123.280000000001,1764.5746153846155,468.4833359650299,0.19557600938469807,0.9366677133305921,0.06333228666940789,-209.70500000000004,-83.38971428571429,0.2654936390224093,1985.9871237458206,-1338.08,4007.6600000000026,0,0,0.030100334448160536,5.187424749163882,24.98607242339833,7,299,11.966666666666667,24,275,0.327820041313962,0.053668543448053954,0.2047401217859489,0.07736629412780704,0.6635950006757718,1.329634456552245,5.187424749163882,0.9966555183946488,0.2749971991506342,46.63313397313895,0,0.4532119142427688,57.45114705128265
fd67609b-9970-497d-951a-f9bd522f932a,3002.082,1073.6814575179073,0.3576456131171325,-22.279999999999973,-19.92514285714285,13.826086956521738,2440.42,5079.53,2070.29,755.4474446533877,0.22164007495048071,0.8965034932423566,0.10349650675764338,-470.2850000000001,-158.5477142857142,0.3648993351913924,2674.7084067796613,-837.78,5291.420000000002,0,0,0.020338983050847456,10.532372881355935,24.583333333333332,7,295,12.0,24,271,0.3348795935620679,0.05372404884343599,0.17466578194732854,0.06274278983718631,0.6260122141900188,0.9801213064133009,10.53237288135593,0.9457627118644067,0.2834630748497888,46.112505172963914,0,0.29776737879515147,69.91610597278026
fd759156-50b0-4f4b-a429-d4b2de7a4a6a,5267.517,1869.551719774615,0.354920870644483,-5.4350000000004,15.801999999999992,13.826086956521738,4217.8,8846.65,3011.038461538462,1230.1140915639098,0.3072946977148185,0.743111033149015,0.256888966850985,103.82500000000016,-273.83599999999996,0.40853483184515504,9524.595188679245,-1283.5,16886.420000000006,0,0,0.0031446540880503146,42.552421383647804,26.426592797783933,6,318,12.033333333333333,24,294,0.29239582900254524,0.053357207959651584,0.086507551850331,0.031320829149673365,0.4635814179622011,0.8687652630290456,42.5524213836478,0.4779874213836478,0.276995414308889,51.4572359178018,0,0.2990325708681951,69.53006298274298
fdc83ba4-80be-4254-84c1-4d85689841ce,1087.3899999999999,125.17727785388641,0.11511718689144321,-168.1199999999999,-22.308571428571423,7.0,947.1700000000001,1283.4099999999999,1285.5646153846158,393.9144296801735,0.1860547356025547,1.2807686294705674,-0.2807686294705674,-299.95000000000005,-67.72914285714286,0.30641355943226706,-2050.2117366946773,-3874.5999999999995,-338.44,86,170,1.0,-10.26235294117647,29.667590027700832,6,357,12.033333333333333,52,305,0.3112406772179255,0.04956440038379361,0.37843061520399,0.14879665989203505,0.8880323526977443,0.37569220861092456,10.26235294117647,0.8011204481792717,0.2771766251763667,39.18746802578866,0,0.5308806142209729,42.43407787026504
fdd9fcf8-1386-4265-a831-2315a4271ea8,7132.91,2466.583031450594,0.34580318992537323,1292.505,315.75514285714286,14.458333333333334,5695.68,12040.0,3910.5523076923073,1257.605065664852,0.34493691428202755,0.647920949259393,0.35207905074060697,-1087.2150000000001,-125.99571428571417,0.3215926975816337,12810.202150170646,-1595.52,28597.889999999992,0,0,0.0034129692832764505,94.2826962457338,24.416666666666668,6,293,12.0,25,268,0.2440192393745712,0.049925945052898844,0.06135007247456444,0.023825288187238634,0.3791205450892732,1.0752830910832292,94.28269624573379,0.2901023890784983,0.2963512138163447,57.2772123802304,0,0.3694051514009055,66.03147064235583
fe594ace-691e-46b9-a3e7-d6a99895da31,960.5708333333333,116.40658255819893,0.121184798162411,-128.32499999999993,-14.897714285714294,7.0,846.24,1128.1,1266.1916666666666,310.1478656392884,0.1728779871399143,1.3181658475645992,-0.31816584756459926,218.83999999999997,-11.945714285714216,0.2449454326735329,-2156.4155555555567,-3778.8600000000015,-281.46,83,170,1.0,-10.448575498575497,29.331476323119777,6,351,11.966666666666667,52,299,0.2930132690197236,0.05010735803797221,0.43902453836043676,0.14444449264109452,0.926589658059227,0.49474202004790185,10.448575498575497,0.7207977207977208,0.249336922398531,38.738913499073035,0,0.5640746457690191,44.66855683751217
feef531a-3359-4adc-86f6-1fbd6c6ca366,2099.493,762.8702312109037,0.36335926397987695,1.525000000000091,10.102571428571427,13.826086956521738,1700.44,3583.26,1874.6074999999998,486.957199185551,0.2441973408655768,1.0714629674878648,-0.07146296748786478,-129.55499999999995,-7.814000000000065,0.25976488368127787,496.87182724252506,-1500.3599999999994,1775.21,17,17,0.17275747508305647,-4.98458471760797,25.223463687150836,7,301,11.933333333333334,24,277,0.3462378774304083,0.05396302821681235,0.23099052961834118,0.08938443709981408,0.7205758723653759,1.3988005569902422,4.98458471760797,1.0,0.20453526049230747,41.045405707463544,0,0.6236149508295684,33.56260675234488
fef019fd-a4c5-44c4-ac25-359659585b1c,1433.699090909091,473.93501186248193,0.33056797961834905,-168.47000000000003,79.24514285714288,11.884615384615385,876.76,2704.0,1532.5349999999999,377.7211185878712,0.2299050266388696,1.166113847903928,-0.16611384790392797,-260.5400000000001,-104.4608571428571,0.2464681841444869,-1766.135210355987,-3426.79,120.04000000000008,76,156,0.9967637540453075,-8.47809061488673,25.96638655462185,8,309,11.9,27,282,0.28213603843585794,0.057904885582051265,0.3154846110094105,0.10682348077351086,0.7623490158008305,1.3412196822311166,8.478090614886735,0.889967637540453,0.2586591279590134,38.50904301240268,1,0.7043800539738498,28.197809581491754
ff181c0b-9484-4c03-9c49-a35d05ce9f33,1885.5866666666664,238.91354565400786,0.12670515223591308,-249.17999999999995,-34.665142857142875,7.0,1660.18,2238.89,1564.9584615384615,446.6902644235368,0.2586699278329334,0.8991215819656481,0.1008784180343519,-252.265,-49.573142857142855,0.2854326650845478,640.3002631578947,-1067.54,2318.9799999999996,0,0,0.1783625730994152,6.6742105263157905,28.42105263157895,6,342,12.033333333333333,52,290,0.25267997935213793,0.05008962727780567,0.21184785990567037,0.08314344253601001,0.597760909071624,0.44390557821537996,6.6742105263157905,0.9532163742690059,0.2410130325405541,54.525328852605725,0,0.3986862172885477,61.58446759925645
ff3f5363-6e16-431e-aff5-aea43abd74cb,1281.781,433.9543758776185,0.33855578751566645,12.069999999999936,-0.9991428571428969,13.826086956521738,1055.1,2152.03,1224.74,240.12373181719917,0.17896247366788054,1.146598365867492,-0.146598365867492,-65.70000000000016,-51.13514285714289,0.1960609858559361,-169.37357388316127,-1879.0699999999995,1021.85,65,122,0.6907216494845361,-6.457285223367695,24.45378151260504,8,291,11.9,24,267,0.26535578230602574,0.05474726181773641,0.38089658061712567,0.1325507243437061,0.833550349084594,1.7267881523580337,6.457285223367695,0.8591065292096219,0.2919646891040819,40.0581720227116,0,0.6391982686778518,36.19225411487661
ff43cf9c-eaec-4f2e-a8f9-827a1aebe7a9,3608.3119999999994,1253.4549457825226,0.34737986786689257,-56.49000000000001,-14.599428571428533,13.826086956521738,2944.45,5986.5599999999995,2532.5641666666666,940.8559646934499,0.23405000926268077,0.8422434091065297,0.1577565908934703,-258.855,38.29085714285706,0.37150330762667083,4377.932792022794,-54.53000000000027,8674.770000000006,0,0,0.002849002849002849,16.21752136752137,29.41340782122905,7,351,11.933333333333334,24,327,0.32235239081321143,0.055033212205596434,0.1420301237808704,0.05640061059021505,0.5758163373898932,0.9350653432565929,16.217521367521368,0.6894586894586895,0.33281058689858795,48.45880144719862,0,0.3081303158840215,67.10520102833267
ff69953b-bd9b-4c3f-b8e2-826c99d8d3d4,1089.2216666666666,109.89098191417074,0.10088945645973875,-103.90999999999985,-18.02057142857141,7.0,976.77,1276.55,1117.0061538461537,273.0483911183285,0.14268360204612882,1.1109676175495347,-0.11096761754953462,-52.01500000000004,-37.935999999999964,0.24444663100391092,-1030.659388379205,-1779.2100000000003,-105.61000000000044,87,166,1.0,-4.4355351681957185,27.174515235457065,6,327,12.033333333333333,52,275,0.30509859486820107,0.04920639049596577,0.3363013038362256,0.13759060368795453,0.8281968928883469,0.4127259027682186,4.4355351681957185,0.9143730886850153,0.26849449214521237,47.64567898414823,0,0.4831731298700808,52.02139881453935
ffcb2f1a-21f9-4db8-8456-26ec2cc0fbb3,1278.8958333333335,384.70648737253595,0.3008114322882976,332.22,34.63228571428573,10.363636363636363,831.03,2188.88,1368.965384615385,463.20395226464746,0.17635552958298095,1.1596298890644596,-0.1596298890644597,-150.75,-59.214285714285666,0.33836060244487925,-1559.5688252148998,-3143.259999999999,91.24999999999909,87,168,0.9856733524355301,-7.0194842406876745,29.16434540389972,7,349,11.966666666666667,34,315,0.33170801635525443,0.05497189958786061,0.3223118901396061,0.11223418639125546,0.8212259924739765,0.8890261753724752,7.01948424068768,0.7765042979942693,0.2860734243434824,37.8232494198751,0,0.6292441805288231,38.175810187895486
ffe27466-6f00-45e1-8c80-395396927092,9108.854545454546,3219.199145266921,0.3534142662178473,20.840000000000146,22.998571428571267,14.458333333333334,7456.46,15684.47,4865.489230769231,2045.1247817287397,0.26190203657281047,0.6312674779984312,0.36873252200156886,-1354.125,-548.0117142857143,0.4203328143849178,17703.409627329183,-2485.02,38581.44999999997,0,0,0.003105590062111801,114.73925465838512,27.058823529411764,9,322,11.9,25,297,0.29761490817126995,0.04946026543602928,0.04816372480723054,0.01790415719369964,0.4131430556082294,0.8407962788606121,114.7392546583851,0.2329192546583851,0.33564558928061,55.74021660582898,0,0.32015002206692394,72.42596820396275
